30 seeds in build/fuzzseeds
INFO: Running with entropic power schedule (0xFF, 100).
INFO: Seed: 243163516
INFO: Loaded 1 modules   (10299 inline 8-bit counters): 10299 [0x564e93f196b0, 0x564e93f1beeb), 
INFO: Loaded 1 PC tables (10299 PCs): 10299 [0x564e93f1bef0,0x564e93f442a0), 
./build/fuzz_db: Running 2 inputs 1 time(s) each.
Running: tests/fuzz_regressions/damaged-overflow-cell
Executed tests/fuzz_regressions/damaged-overflow-cell in 13 ms
Running: tests/fuzz_regressions/damaged-overlapping-cells
Executed tests/fuzz_regressions/damaged-overlapping-cells in 0 ms
***
*** NOTE: fuzzing was not performed, you have only
***       executed the target code on a fixed set of inputs.
***
Dictionary: 91 entries
INFO: Running with entropic power schedule (0xFF, 100).
INFO: Seed: 288580048
INFO: Loaded 1 modules   (10299 inline 8-bit counters): 10299 [0x563cd56226b0, 0x563cd5624eeb), 
INFO: Loaded 1 PC tables (10299 PCs): 10299 [0x563cd5624ef0,0x563cd564d2a0), 
INFO:     4950 files found in build/corpus
INFO:       30 files found in build/fuzzseeds
INFO: -max_len is not provided; libFuzzer will not generate inputs larger than 4096 bytes
INFO: seed corpus: files: 4980 min: 1b max: 1419b total: 245261b rss: 44Mb
#4096	pulse  cov: 2771 ft: 9001 corp: 1203/33Kb exec/s: 1365 rss: 99Mb
#4981	INITED cov: 2891 ft: 10139 corp: 1571/98Kb exec/s: 1245 rss: 110Mb
#5422	REDUCE cov: 2891 ft: 10139 corp: 1571/98Kb lim: 1429 exec/s: 1355 rss: 111Mb L: 194/1419 MS: 1 CrossOver-
#6818	REDUCE cov: 2891 ft: 10139 corp: 1571/98Kb lim: 1439 exec/s: 1363 rss: 115Mb L: 8/1419 MS: 1 EraseBytes-
#7334	REDUCE cov: 2891 ft: 10139 corp: 1571/98Kb lim: 1439 exec/s: 1222 rss: 116Mb L: 13/1419 MS: 1 EraseBytes-
#7390	REDUCE cov: 2891 ft: 10139 corp: 1571/98Kb lim: 1439 exec/s: 1231 rss: 116Mb L: 22/1419 MS: 1 EraseBytes-
#8192	pulse  cov: 2891 ft: 10139 corp: 1571/98Kb lim: 1439 exec/s: 1365 rss: 119Mb
#8621	NEW    cov: 2891 ft: 10140 corp: 1572/98Kb lim: 1449 exec/s: 1231 rss: 120Mb L: 87/1419 MS: 1 ChangeByte-
#8735	REDUCE cov: 2891 ft: 10140 corp: 1572/98Kb lim: 1449 exec/s: 1247 rss: 120Mb L: 15/1419 MS: 4 ChangeBinInt-ChangeBit-ShuffleBytes-EraseBytes-
#8784	REDUCE cov: 2891 ft: 10140 corp: 1572/98Kb lim: 1449 exec/s: 1254 rss: 120Mb L: 68/1419 MS: 4 ShuffleBytes-InsertByte-ChangeByte-EraseBytes-
#8806	REDUCE cov: 2891 ft: 10140 corp: 1572/98Kb lim: 1449 exec/s: 1258 rss: 121Mb L: 91/1419 MS: 2 ChangeBit-EraseBytes-
#9107	REDUCE cov: 2891 ft: 10140 corp: 1572/98Kb lim: 1449 exec/s: 1301 rss: 121Mb L: 21/1419 MS: 1 EraseBytes-
#9513	REDUCE cov: 2891 ft: 10140 corp: 1572/98Kb lim: 1449 exec/s: 1189 rss: 123Mb L: 5/1419 MS: 1 EraseBytes-
#9899	REDUCE cov: 2891 ft: 10140 corp: 1572/98Kb lim: 1449 exec/s: 1237 rss: 124Mb L: 15/1419 MS: 1 EraseBytes-
#10055	REDUCE cov: 2891 ft: 10140 corp: 1572/98Kb lim: 1449 exec/s: 1256 rss: 124Mb L: 851/1419 MS: 1 EraseBytes-
#10317	REDUCE cov: 2891 ft: 10140 corp: 1572/98Kb lim: 1449 exec/s: 1289 rss: 124Mb L: 19/1419 MS: 2 ManualDict-EraseBytes- DE: "ROUND("-
#10963	REDUCE cov: 2891 ft: 10140 corp: 1572/98Kb lim: 1449 exec/s: 1218 rss: 127Mb L: 43/1419 MS: 1 EraseBytes-
#11314	REDUCE cov: 2891 ft: 10140 corp: 1572/98Kb lim: 1449 exec/s: 1257 rss: 128Mb L: 59/1419 MS: 1 EraseBytes-
#11607	REDUCE cov: 2891 ft: 10140 corp: 1572/98Kb lim: 1449 exec/s: 1289 rss: 128Mb L: 5/1419 MS: 3 ManualDict-ChangeBinInt-EraseBytes- DE: "<="-
#11859	REDUCE cov: 2891 ft: 10140 corp: 1572/98Kb lim: 1449 exec/s: 1185 rss: 131Mb L: 15/1419 MS: 2 ShuffleBytes-EraseBytes-
#13110	NEW    cov: 2891 ft: 10141 corp: 1573/98Kb lim: 1459 exec/s: 1191 rss: 132Mb L: 20/1419 MS: 1 ChangeBit-
#14411	REDUCE cov: 2891 ft: 10141 corp: 1573/98Kb lim: 1469 exec/s: 1200 rss: 135Mb L: 48/1419 MS: 1 EraseBytes-
#14462	REDUCE cov: 2891 ft: 10141 corp: 1573/98Kb lim: 1469 exec/s: 1205 rss: 135Mb L: 13/1419 MS: 1 EraseBytes-
#14568	REDUCE cov: 2891 ft: 10141 corp: 1573/98Kb lim: 1469 exec/s: 1214 rss: 135Mb L: 11/1419 MS: 1 EraseBytes-
#14569	REDUCE cov: 2891 ft: 10141 corp: 1573/98Kb lim: 1469 exec/s: 1214 rss: 135Mb L: 23/1419 MS: 1 EraseBytes-
#14601	REDUCE cov: 2891 ft: 10141 corp: 1573/98Kb lim: 1469 exec/s: 1216 rss: 135Mb L: 74/1419 MS: 2 ChangeASCIIInt-EraseBytes-
#15055	REDUCE cov: 2891 ft: 10141 corp: 1573/98Kb lim: 1469 exec/s: 1254 rss: 136Mb L: 55/1419 MS: 4 ManualDict-CMP-ManualDict-EraseBytes- DE: "AND"-"\000\012"-"DROP"-
#15401	REDUCE cov: 2891 ft: 10141 corp: 1573/98Kb lim: 1469 exec/s: 1184 rss: 136Mb L: 45/1419 MS: 1 EraseBytes-
#15792	REDUCE cov: 2891 ft: 10141 corp: 1573/98Kb lim: 1469 exec/s: 1214 rss: 139Mb L: 14/1419 MS: 1 EraseBytes-
#16134	REDUCE cov: 2891 ft: 10141 corp: 1573/98Kb lim: 1469 exec/s: 1241 rss: 139Mb L: 15/1419 MS: 2 ChangeBit-EraseBytes-
#16384	pulse  cov: 2891 ft: 10141 corp: 1573/98Kb lim: 1469 exec/s: 1260 rss: 139Mb
#16526	REDUCE cov: 2891 ft: 10141 corp: 1573/98Kb lim: 1469 exec/s: 1271 rss: 139Mb L: 21/1419 MS: 2 CrossOver-EraseBytes-
#17033	REDUCE cov: 2891 ft: 10141 corp: 1573/98Kb lim: 1469 exec/s: 1216 rss: 142Mb L: 18/1419 MS: 2 ChangeASCIIInt-EraseBytes-
#17394	REDUCE cov: 2891 ft: 10141 corp: 1573/98Kb lim: 1469 exec/s: 1242 rss: 142Mb L: 27/1419 MS: 1 EraseBytes-
#17720	REDUCE cov: 2891 ft: 10141 corp: 1573/98Kb lim: 1469 exec/s: 1265 rss: 142Mb L: 94/1419 MS: 1 EraseBytes-
#18127	REDUCE cov: 2891 ft: 10141 corp: 1573/98Kb lim: 1469 exec/s: 1208 rss: 143Mb L: 130/1419 MS: 2 ChangeBit-EraseBytes-
#18308	REDUCE cov: 2891 ft: 10141 corp: 1573/98Kb lim: 1469 exec/s: 1220 rss: 145Mb L: 44/1419 MS: 1 EraseBytes-
#18480	REDUCE cov: 2891 ft: 10141 corp: 1573/98Kb lim: 1469 exec/s: 1232 rss: 145Mb L: 286/1419 MS: 2 CopyPart-EraseBytes-
#18817	REDUCE cov: 2891 ft: 10141 corp: 1573/98Kb lim: 1469 exec/s: 1254 rss: 145Mb L: 41/1419 MS: 2 InsertByte-EraseBytes-
#19198	REDUCE cov: 2891 ft: 10141 corp: 1573/98Kb lim: 1469 exec/s: 1199 rss: 146Mb L: 79/1419 MS: 1 EraseBytes-
#19589	REDUCE cov: 2891 ft: 10141 corp: 1573/98Kb lim: 1469 exec/s: 1224 rss: 148Mb L: 4/1419 MS: 1 EraseBytes-
#20440	REDUCE cov: 2891 ft: 10141 corp: 1573/98Kb lim: 1469 exec/s: 1202 rss: 149Mb L: 26/1419 MS: 1 EraseBytes-
#20472	REDUCE cov: 2891 ft: 10141 corp: 1573/98Kb lim: 1469 exec/s: 1204 rss: 149Mb L: 25/1419 MS: 2 ChangeBinInt-EraseBytes-
#20913	REDUCE cov: 2891 ft: 10141 corp: 1573/98Kb lim: 1469 exec/s: 1230 rss: 152Mb L: 205/1419 MS: 1 EraseBytes-
#21294	REDUCE cov: 2891 ft: 10141 corp: 1573/98Kb lim: 1469 exec/s: 1252 rss: 152Mb L: 3/1419 MS: 1 EraseBytes-
#21567	REDUCE cov: 2891 ft: 10141 corp: 1573/98Kb lim: 1469 exec/s: 1198 rss: 152Mb L: 5/1419 MS: 3 ShuffleBytes-ManualDict-EraseBytes- DE: "b"-
#21783	NEW    cov: 2891 ft: 10142 corp: 1574/98Kb lim: 1469 exec/s: 1210 rss: 155Mb L: 79/1419 MS: 1 ManualDict- DE: "v"-
#21864	REDUCE cov: 2891 ft: 10142 corp: 1574/98Kb lim: 1469 exec/s: 1214 rss: 155Mb L: 6/1419 MS: 1 EraseBytes-
#22595	REDUCE cov: 2891 ft: 10142 corp: 1574/98Kb lim: 1469 exec/s: 1189 rss: 158Mb L: 12/1419 MS: 1 EraseBytes-
#22731	REDUCE cov: 2891 ft: 10142 corp: 1574/98Kb lim: 1469 exec/s: 1196 rss: 158Mb L: 16/1419 MS: 1 EraseBytes-
#22867	REDUCE cov: 2891 ft: 10142 corp: 1574/98Kb lim: 1469 exec/s: 1203 rss: 158Mb L: 54/1419 MS: 1 EraseBytes-
#22903	REDUCE cov: 2891 ft: 10142 corp: 1574/98Kb lim: 1469 exec/s: 1205 rss: 158Mb L: 15/1419 MS: 1 EraseBytes-
#23179	REDUCE cov: 2891 ft: 10142 corp: 1574/98Kb lim: 1469 exec/s: 1158 rss: 158Mb L: 217/1419 MS: 1 EraseBytes-
#23220	REDUCE cov: 2891 ft: 10142 corp: 1574/98Kb lim: 1469 exec/s: 1161 rss: 158Mb L: 8/1419 MS: 1 EraseBytes-
#24231	REDUCE cov: 2891 ft: 10142 corp: 1574/98Kb lim: 1479 exec/s: 1153 rss: 161Mb L: 18/1419 MS: 1 EraseBytes-
#24952	REDUCE cov: 2891 ft: 10142 corp: 1574/98Kb lim: 1479 exec/s: 1134 rss: 164Mb L: 82/1419 MS: 1 EraseBytes-
#25105	REDUCE cov: 2891 ft: 10142 corp: 1574/98Kb lim: 1479 exec/s: 1141 rss: 164Mb L: 456/1419 MS: 3 EraseBytes-ChangeByte-CopyPart-
#25954	REDUCE cov: 2891 ft: 10142 corp: 1574/98Kb lim: 1479 exec/s: 1128 rss: 167Mb L: 3/1419 MS: 4 InsertByte-EraseBytes-ShuffleBytes-EraseBytes-
#26205	REDUCE cov: 2891 ft: 10142 corp: 1574/98Kb lim: 1479 exec/s: 1139 rss: 167Mb L: 379/1419 MS: 1 EraseBytes-
#26711	REDUCE cov: 2891 ft: 10142 corp: 1574/98Kb lim: 1479 exec/s: 1161 rss: 170Mb L: 13/1419 MS: 1 EraseBytes-
#26821	REDUCE cov: 2891 ft: 10142 corp: 1574/98Kb lim: 1479 exec/s: 1166 rss: 170Mb L: 37/1419 MS: 5 EraseBytes-ChangeBinInt-ChangeByte-CopyPart-CopyPart-
#27787	REDUCE cov: 2891 ft: 10142 corp: 1574/98Kb lim: 1479 exec/s: 1157 rss: 173Mb L: 15/1419 MS: 1 EraseBytes-
#28070	REDUCE cov: 2891 ft: 10142 corp: 1574/98Kb lim: 1479 exec/s: 1122 rss: 173Mb L: 97/1419 MS: 3 ChangeBinInt-InsertByte-EraseBytes-
#28528	REDUCE cov: 2891 ft: 10142 corp: 1574/98Kb lim: 1479 exec/s: 1141 rss: 175Mb L: 14/1419 MS: 3 ChangeBit-ShuffleBytes-EraseBytes-
#29067	NEW    cov: 2891 ft: 10143 corp: 1575/99Kb lim: 1479 exec/s: 1117 rss: 176Mb L: 813/1419 MS: 4 CopyPart-ChangeByte-InsertByte-CopyPart-
#29250	REDUCE cov: 2891 ft: 10143 corp: 1575/99Kb lim: 1479 exec/s: 1125 rss: 176Mb L: 17/1419 MS: 3 ChangeByte-InsertByte-EraseBytes-
#30807	REDUCE cov: 2891 ft: 10143 corp: 1575/99Kb lim: 1489 exec/s: 1141 rss: 179Mb L: 95/1419 MS: 2 EraseBytes-ManualDict- DE: "'"-
#30898	REDUCE cov: 2891 ft: 10143 corp: 1575/99Kb lim: 1489 exec/s: 1103 rss: 179Mb L: 101/1419 MS: 1 EraseBytes-
#31024	NEW    cov: 2891 ft: 10145 corp: 1576/99Kb lim: 1489 exec/s: 1108 rss: 179Mb L: 165/1419 MS: 1 InsertRepeatedBytes-
#31076	REDUCE cov: 2891 ft: 10145 corp: 1576/99Kb lim: 1489 exec/s: 1109 rss: 180Mb L: 160/1419 MS: 2 InsertByte-EraseBytes-
#31532	REDUCE cov: 2891 ft: 10145 corp: 1576/99Kb lim: 1489 exec/s: 1126 rss: 182Mb L: 22/1419 MS: 1 EraseBytes-
#31638	REDUCE cov: 2891 ft: 10145 corp: 1576/99Kb lim: 1489 exec/s: 1129 rss: 182Mb L: 9/1419 MS: 1 EraseBytes-
#32768	pulse  cov: 2891 ft: 10145 corp: 1576/99Kb lim: 1499 exec/s: 1092 rss: 185Mb
#32999	REDUCE cov: 2891 ft: 10145 corp: 1576/99Kb lim: 1499 exec/s: 1099 rss: 185Mb L: 18/1419 MS: 1 EraseBytes-
#33245	REDUCE cov: 2891 ft: 10145 corp: 1576/99Kb lim: 1499 exec/s: 1108 rss: 187Mb L: 8/1419 MS: 1 EraseBytes-
#33376	REDUCE cov: 2891 ft: 10145 corp: 1576/99Kb lim: 1499 exec/s: 1112 rss: 187Mb L: 52/1419 MS: 1 EraseBytes-
#33413	NEW    cov: 2891 ft: 10146 corp: 1577/100Kb lim: 1499 exec/s: 1113 rss: 188Mb L: 1215/1419 MS: 2 CrossOver-CopyPart-
#33551	REDUCE cov: 2891 ft: 10146 corp: 1577/100Kb lim: 1499 exec/s: 1118 rss: 188Mb L: 59/1419 MS: 3 InsertRepeatedBytes-EraseBytes-EraseBytes-
#34159	REDUCE cov: 2891 ft: 10146 corp: 1577/100Kb lim: 1499 exec/s: 1101 rss: 188Mb L: 47/1419 MS: 3 InsertByte-ManualDict-EraseBytes- DE: "NOT"-
#34190	REDUCE cov: 2891 ft: 10146 corp: 1577/100Kb lim: 1499 exec/s: 1102 rss: 188Mb L: 14/1419 MS: 1 EraseBytes-
#34602	REDUCE cov: 2891 ft: 10146 corp: 1577/100Kb lim: 1499 exec/s: 1116 rss: 191Mb L: 82/1419 MS: 2 ChangeBinInt-EraseBytes-
#34928	NEW    cov: 2891 ft: 10147 corp: 1578/100Kb lim: 1499 exec/s: 1091 rss: 191Mb L: 186/1419 MS: 1 InsertRepeatedBytes-
#35157	REDUCE cov: 2891 ft: 10147 corp: 1578/100Kb lim: 1499 exec/s: 1098 rss: 192Mb L: 34/1419 MS: 4 ChangeBit-CopyPart-ChangeASCIIInt-EraseBytes-
#35228	REDUCE cov: 2891 ft: 10147 corp: 1578/100Kb lim: 1499 exec/s: 1100 rss: 192Mb L: 10/1419 MS: 1 EraseBytes-
#35395	REDUCE cov: 2891 ft: 10147 corp: 1578/100Kb lim: 1499 exec/s: 1106 rss: 194Mb L: 16/1419 MS: 2 CopyPart-EraseBytes-
#36373	REDUCE cov: 2891 ft: 10147 corp: 1578/100Kb lim: 1499 exec/s: 1102 rss: 195Mb L: 141/1419 MS: 3 ShuffleBytes-PersAutoDict-EraseBytes- DE: "v"-
#37424	REDUCE cov: 2891 ft: 10147 corp: 1578/100Kb lim: 1509 exec/s: 1100 rss: 196Mb L: 42/1419 MS: 1 EraseBytes-
#37615	REDUCE cov: 2891 ft: 10147 corp: 1578/100Kb lim: 1509 exec/s: 1106 rss: 198Mb L: 11/1419 MS: 1 EraseBytes-
#37644	REDUCE cov: 2891 ft: 10147 corp: 1578/100Kb lim: 1509 exec/s: 1107 rss: 198Mb L: 137/1419 MS: 4 ChangeBit-CMP-ChangeBit-EraseBytes- DE: "t2"-
#38056	REDUCE cov: 2891 ft: 10147 corp: 1578/100Kb lim: 1509 exec/s: 1087 rss: 199Mb L: 204/1419 MS: 2 ChangeByte-EraseBytes-
#38112	REDUCE cov: 2891 ft: 10147 corp: 1578/100Kb lim: 1509 exec/s: 1088 rss: 199Mb L: 129/1419 MS: 1 EraseBytes-
#38283	REDUCE cov: 2891 ft: 10147 corp: 1578/100Kb lim: 1509 exec/s: 1093 rss: 199Mb L: 22/1419 MS: 1 EraseBytes-
#39229	REDUCE cov: 2891 ft: 10147 corp: 1578/100Kb lim: 1509 exec/s: 1089 rss: 202Mb L: 16/1419 MS: 1 EraseBytes-
#39527	REDUCE cov: 2891 ft: 10147 corp: 1578/100Kb lim: 1509 exec/s: 1097 rss: 204Mb L: 46/1419 MS: 3 PersAutoDict-ChangeByte-EraseBytes- DE: "'"-
#39545	REDUCE cov: 2891 ft: 10147 corp: 1578/100Kb lim: 1509 exec/s: 1098 rss: 205Mb L: 26/1419 MS: 3 PersAutoDict-ShuffleBytes-EraseBytes- DE: "DROP"-
#40061	REDUCE cov: 2891 ft: 10147 corp: 1578/100Kb lim: 1509 exec/s: 1082 rss: 205Mb L: 26/1419 MS: 1 EraseBytes-
#40322	REDUCE cov: 2891 ft: 10147 corp: 1578/100Kb lim: 1509 exec/s: 1089 rss: 205Mb L: 81/1419 MS: 1 EraseBytes-
#40394	REDUCE cov: 2891 ft: 10147 corp: 1578/100Kb lim: 1509 exec/s: 1091 rss: 205Mb L: 14/1419 MS: 2 EraseBytes-CopyPart-
#40500	REDUCE cov: 2891 ft: 10147 corp: 1578/100Kb lim: 1509 exec/s: 1094 rss: 207Mb L: 16/1419 MS: 1 EraseBytes-
#41055	REDUCE cov: 2891 ft: 10147 corp: 1578/100Kb lim: 1509 exec/s: 1080 rss: 208Mb L: 13/1419 MS: 5 ManualDict-CopyPart-ChangeByte-ShuffleBytes-EraseBytes- DE: "AS"-
#41535	REDUCE cov: 2891 ft: 10147 corp: 1578/100Kb lim: 1509 exec/s: 1093 rss: 208Mb L: 93/1419 MS: 5 ChangeBinInt-PersAutoDict-InsertRepeatedBytes-ChangeASCIIInt-EraseBytes- DE: "v"-
#41596	REDUCE cov: 2891 ft: 10147 corp: 1578/100Kb lim: 1509 exec/s: 1094 rss: 208Mb L: 721/1419 MS: 1 EraseBytes-
#41629	NEW    cov: 2891 ft: 10148 corp: 1579/100Kb lim: 1509 exec/s: 1095 rss: 208Mb L: 137/1419 MS: 3 InsertRepeatedBytes-EraseBytes-PersAutoDict- DE: "AND"-
#41965	REDUCE cov: 2891 ft: 10148 corp: 1579/100Kb lim: 1509 exec/s: 1076 rss: 209Mb L: 23/1419 MS: 1 EraseBytes-
#43106	REDUCE cov: 2891 ft: 10148 corp: 1579/100Kb lim: 1519 exec/s: 1077 rss: 212Mb L: 167/1419 MS: 1 EraseBytes-
#43126	NEW    cov: 2891 ft: 10149 corp: 1580/101Kb lim: 1519 exec/s: 1078 rss: 212Mb L: 1316/1419 MS: 5 CopyPart-ChangeBit-ShuffleBytes-PersAutoDict-CopyPart- DE: "AND"-
#43483	REDUCE cov: 2891 ft: 10149 corp: 1580/101Kb lim: 1519 exec/s: 1087 rss: 214Mb L: 8/1419 MS: 2 CopyPart-EraseBytes-
#43619	REDUCE cov: 2891 ft: 10149 corp: 1580/101Kb lim: 1519 exec/s: 1090 rss: 214Mb L: 16/1419 MS: 1 EraseBytes-
#43669	NEW    cov: 2891 ft: 10152 corp: 1581/101Kb lim: 1519 exec/s: 1065 rss: 215Mb L: 52/1419 MS: 5 ChangeByte-ShuffleBytes-ChangeASCIIInt-ManualDict-CopyPart- DE: "d"-
#44040	REDUCE cov: 2891 ft: 10152 corp: 1581/101Kb lim: 1519 exec/s: 1074 rss: 215Mb L: 55/1419 MS: 1 EraseBytes-
#44712	REDUCE cov: 2891 ft: 10152 corp: 1581/101Kb lim: 1519 exec/s: 1064 rss: 217Mb L: 74/1419 MS: 2 InsertByte-EraseBytes-
#44918	REDUCE cov: 2891 ft: 10152 corp: 1581/101Kb lim: 1519 exec/s: 1069 rss: 218Mb L: 63/1419 MS: 1 EraseBytes-
#45311	REDUCE cov: 2891 ft: 10152 corp: 1581/101Kb lim: 1519 exec/s: 1078 rss: 218Mb L: 183/1419 MS: 3 ManualDict-ChangeBit-EraseBytes- DE: "''"-
#45362	REDUCE cov: 2891 ft: 10152 corp: 1581/101Kb lim: 1519 exec/s: 1080 rss: 218Mb L: 20/1419 MS: 1 EraseBytes-
#45603	REDUCE cov: 2891 ft: 10152 corp: 1581/101Kb lim: 1519 exec/s: 1085 rss: 218Mb L: 47/1419 MS: 1 EraseBytes-
#45705	REDUCE cov: 2891 ft: 10152 corp: 1581/101Kb lim: 1519 exec/s: 1062 rss: 218Mb L: 6/1419 MS: 2 CopyPart-EraseBytes-
#45941	REDUCE cov: 2891 ft: 10152 corp: 1581/101Kb lim: 1519 exec/s: 1068 rss: 219Mb L: 17/1419 MS: 1 EraseBytes-
#45991	REDUCE cov: 2891 ft: 10152 corp: 1581/101Kb lim: 1519 exec/s: 1069 rss: 219Mb L: 127/1419 MS: 5 ChangeBit-ChangeBinInt-CrossOver-CMP-EraseBytes- DE: "\377\007"-
#46043	REDUCE cov: 2891 ft: 10152 corp: 1581/101Kb lim: 1519 exec/s: 1070 rss: 219Mb L: 8/1419 MS: 2 ChangeByte-EraseBytes-
#46285	REDUCE cov: 2891 ft: 10152 corp: 1581/101Kb lim: 1519 exec/s: 1076 rss: 219Mb L: 25/1419 MS: 2 CopyPart-EraseBytes-
#46421	REDUCE cov: 2891 ft: 10152 corp: 1581/101Kb lim: 1519 exec/s: 1079 rss: 222Mb L: 18/1419 MS: 1 EraseBytes-
#46812	REDUCE cov: 2891 ft: 10152 corp: 1581/101Kb lim: 1519 exec/s: 1063 rss: 222Mb L: 26/1419 MS: 1 EraseBytes-
#46933	REDUCE cov: 2891 ft: 10152 corp: 1581/101Kb lim: 1519 exec/s: 1066 rss: 222Mb L: 56/1419 MS: 1 EraseBytes-
#47458	REDUCE cov: 2891 ft: 10152 corp: 1581/101Kb lim: 1519 exec/s: 1078 rss: 224Mb L: 132/1419 MS: 5 ShuffleBytes-ShuffleBytes-CopyPart-PersAutoDict-EraseBytes- DE: "AND"-
#48141	REDUCE cov: 2891 ft: 10152 corp: 1581/101Kb lim: 1519 exec/s: 1069 rss: 225Mb L: 1203/1419 MS: 3 ChangeByte-CopyPart-EraseBytes-
#49607	REDUCE cov: 2891 ft: 10152 corp: 1581/101Kb lim: 1529 exec/s: 1055 rss: 228Mb L: 10/1419 MS: 1 EraseBytes-
#49768	REDUCE cov: 2891 ft: 10152 corp: 1581/101Kb lim: 1529 exec/s: 1058 rss: 228Mb L: 10/1419 MS: 1 EraseBytes-
#49914	REDUCE cov: 2891 ft: 10152 corp: 1581/101Kb lim: 1529 exec/s: 1062 rss: 228Mb L: 23/1419 MS: 1 EraseBytes-
#50045	REDUCE cov: 2891 ft: 10152 corp: 1581/101Kb lim: 1529 exec/s: 1064 rss: 228Mb L: 15/1419 MS: 1 EraseBytes-
#50053	REDUCE cov: 2891 ft: 10152 corp: 1581/101Kb lim: 1529 exec/s: 1064 rss: 229Mb L: 10/1419 MS: 3 ChangeBinInt-ManualDict-EraseBytes- DE: "*"-
#50916	REDUCE cov: 2891 ft: 10152 corp: 1581/101Kb lim: 1529 exec/s: 1060 rss: 231Mb L: 31/1419 MS: 3 ChangeASCIIInt-ShuffleBytes-EraseBytes-
#51687	REDUCE cov: 2891 ft: 10152 corp: 1581/101Kb lim: 1529 exec/s: 1054 rss: 234Mb L: 17/1419 MS: 1 EraseBytes-
#51913	REDUCE cov: 2891 ft: 10152 corp: 1581/101Kb lim: 1529 exec/s: 1059 rss: 237Mb L: 95/1419 MS: 1 EraseBytes-
#52224	NEW    cov: 2891 ft: 10153 corp: 1582/101Kb lim: 1529 exec/s: 1044 rss: 237Mb L: 49/1419 MS: 1 ManualDict- DE: ">="-
#52577	REDUCE cov: 2891 ft: 10153 corp: 1582/101Kb lim: 1529 exec/s: 1051 rss: 238Mb L: 7/1419 MS: 3 CrossOver-PersAutoDict-EraseBytes- DE: "v"-
#52738	REDUCE cov: 2891 ft: 10153 corp: 1582/101Kb lim: 1529 exec/s: 1054 rss: 238Mb L: 149/1419 MS: 1 EraseBytes-
#52859	REDUCE cov: 2891 ft: 10153 corp: 1582/101Kb lim: 1529 exec/s: 1057 rss: 240Mb L: 20/1419 MS: 1 EraseBytes-
#53250	NEW    cov: 2892 ft: 10154 corp: 1583/101Kb lim: 1529 exec/s: 1044 rss: 240Mb L: 39/1419 MS: 1 PersAutoDict- DE: "NOT"-
#53826	REDUCE cov: 2892 ft: 10154 corp: 1583/101Kb lim: 1529 exec/s: 1055 rss: 241Mb L: 18/1419 MS: 1 EraseBytes-
#54424	NEW    cov: 2892 ft: 10157 corp: 1584/101Kb lim: 1529 exec/s: 1046 rss: 241Mb L: 87/1419 MS: 3 ChangeASCIIInt-CopyPart-CopyPart-
#54445	REDUCE cov: 2892 ft: 10157 corp: 1584/101Kb lim: 1529 exec/s: 1047 rss: 242Mb L: 42/1419 MS: 1 EraseBytes-
#54624	REDUCE cov: 2892 ft: 10157 corp: 1584/101Kb lim: 1529 exec/s: 1050 rss: 242Mb L: 634/1419 MS: 4 CopyPart-ChangeASCIIInt-InsertRepeatedBytes-EraseBytes-
#54635	REDUCE cov: 2892 ft: 10157 corp: 1584/101Kb lim: 1529 exec/s: 1050 rss: 242Mb L: 5/1419 MS: 1 EraseBytes-
#54707	REDUCE cov: 2892 ft: 10157 corp: 1584/101Kb lim: 1529 exec/s: 1052 rss: 242Mb L: 16/1419 MS: 2 ShuffleBytes-EraseBytes-
#54795	REDUCE cov: 2892 ft: 10157 corp: 1584/101Kb lim: 1529 exec/s: 1053 rss: 244Mb L: 37/1419 MS: 3 ChangeASCIIInt-ShuffleBytes-EraseBytes-
#54802	REDUCE cov: 2892 ft: 10157 corp: 1584/101Kb lim: 1529 exec/s: 1053 rss: 244Mb L: 16/1419 MS: 2 CrossOver-EraseBytes-
#54938	REDUCE cov: 2892 ft: 10157 corp: 1584/101Kb lim: 1529 exec/s: 1036 rss: 245Mb L: 34/1419 MS: 1 EraseBytes-
#55174	REDUCE cov: 2892 ft: 10157 corp: 1584/101Kb lim: 1529 exec/s: 1041 rss: 245Mb L: 10/1419 MS: 1 EraseBytes-
#55198	NEW    cov: 2892 ft: 10158 corp: 1585/101Kb lim: 1529 exec/s: 1041 rss: 245Mb L: 116/1419 MS: 4 ChangeByte-ManualDict-ChangeBinInt-ManualDict- DE: "CREATE"-"y"-
#55899	REDUCE cov: 2892 ft: 10158 corp: 1585/101Kb lim: 1529 exec/s: 1054 rss: 246Mb L: 234/1419 MS: 1 EraseBytes-
#56970	REDUCE cov: 2892 ft: 10158 corp: 1585/101Kb lim: 1539 exec/s: 1055 rss: 248Mb L: 28/1419 MS: 1 EraseBytes-
#57389	REDUCE cov: 2892 ft: 10158 corp: 1585/101Kb lim: 1539 exec/s: 1043 rss: 251Mb L: 8/1419 MS: 4 ChangeBinInt-InsertByte-EraseBytes-InsertByte-
#58145	REDUCE cov: 2892 ft: 10158 corp: 1585/101Kb lim: 1539 exec/s: 1057 rss: 251Mb L: 100/1419 MS: 1 EraseBytes-
#58191	REDUCE cov: 2892 ft: 10158 corp: 1585/101Kb lim: 1539 exec/s: 1058 rss: 252Mb L: 40/1419 MS: 1 EraseBytes-
#58352	REDUCE cov: 2892 ft: 10158 corp: 1585/101Kb lim: 1539 exec/s: 1060 rss: 252Mb L: 61/1419 MS: 1 EraseBytes-
#58665	REDUCE cov: 2892 ft: 10158 corp: 1585/101Kb lim: 1539 exec/s: 1047 rss: 254Mb L: 180/1419 MS: 3 ChangeBit-InsertByte-EraseBytes-
#58693	REDUCE cov: 2892 ft: 10158 corp: 1585/101Kb lim: 1539 exec/s: 1048 rss: 254Mb L: 13/1419 MS: 3 ChangeBit-ChangeBinInt-EraseBytes-
#59284	REDUCE cov: 2892 ft: 10158 corp: 1585/101Kb lim: 1539 exec/s: 1058 rss: 255Mb L: 51/1419 MS: 1 EraseBytes-
#59630	REDUCE cov: 2892 ft: 10158 corp: 1585/101Kb lim: 1539 exec/s: 1064 rss: 255Mb L: 51/1419 MS: 1 EraseBytes-
#59691	REDUCE cov: 2892 ft: 10158 corp: 1585/101Kb lim: 1539 exec/s: 1065 rss: 258Mb L: 59/1419 MS: 1 EraseBytes-
#60073	REDUCE cov: 2892 ft: 10158 corp: 1585/101Kb lim: 1539 exec/s: 1053 rss: 258Mb L: 97/1419 MS: 2 ChangeBinInt-EraseBytes-
#60572	REDUCE cov: 2892 ft: 10158 corp: 1585/101Kb lim: 1539 exec/s: 1062 rss: 258Mb L: 222/1419 MS: 4 ManualDict-ManualDict-EraseBytes-EraseBytes- DE: "SUM("-"VALUES"-
#61448	NEW    cov: 2892 ft: 10162 corp: 1586/101Kb lim: 1539 exec/s: 1059 rss: 261Mb L: 100/1419 MS: 1 ManualDict- DE: "HAVING"-
#61639	REDUCE cov: 2892 ft: 10162 corp: 1586/101Kb lim: 1539 exec/s: 1044 rss: 264Mb L: 20/1419 MS: 1 EraseBytes-
#62010	REDUCE cov: 2892 ft: 10162 corp: 1586/101Kb lim: 1539 exec/s: 1051 rss: 264Mb L: 3/1419 MS: 1 EraseBytes-
#62361	NEW    cov: 2892 ft: 10164 corp: 1587/101Kb lim: 1539 exec/s: 1056 rss: 264Mb L: 61/1419 MS: 1 ShuffleBytes-
#62732	REDUCE cov: 2892 ft: 10164 corp: 1587/101Kb lim: 1539 exec/s: 1063 rss: 264Mb L: 31/1419 MS: 1 EraseBytes-
#62788	REDUCE cov: 2892 ft: 10164 corp: 1587/101Kb lim: 1539 exec/s: 1064 rss: 265Mb L: 67/1419 MS: 1 EraseBytes-
#62920	REDUCE cov: 2892 ft: 10164 corp: 1587/101Kb lim: 1539 exec/s: 1048 rss: 267Mb L: 7/1419 MS: 2 CMP-EraseBytes- DE: "\004\350"-
#62947	REDUCE cov: 2892 ft: 10164 corp: 1587/101Kb lim: 1539 exec/s: 1049 rss: 267Mb L: 8/1419 MS: 2 PersAutoDict-EraseBytes- DE: "'"-
#64868	REDUCE cov: 2892 ft: 10164 corp: 1587/101Kb lim: 1549 exec/s: 1063 rss: 269Mb L: 243/1419 MS: 1 EraseBytes-
#64883	REDUCE cov: 2892 ft: 10164 corp: 1587/101Kb lim: 1549 exec/s: 1063 rss: 269Mb L: 119/1419 MS: 5 ManualDict-ChangeBit-InsertRepeatedBytes-ChangeBinInt-EraseBytes- DE: "a"-
#65109	REDUCE cov: 2892 ft: 10164 corp: 1587/101Kb lim: 1549 exec/s: 1050 rss: 271Mb L: 46/1419 MS: 1 EraseBytes-
#65236	REDUCE cov: 2892 ft: 10164 corp: 1587/101Kb lim: 1549 exec/s: 1052 rss: 271Mb L: 65/1419 MS: 2 ChangeByte-EraseBytes-
#65402	REDUCE cov: 2892 ft: 10164 corp: 1587/101Kb lim: 1549 exec/s: 1054 rss: 272Mb L: 4/1419 MS: 1 EraseBytes-
#65536	pulse  cov: 2892 ft: 10164 corp: 1587/101Kb lim: 1549 exec/s: 1057 rss: 272Mb
#66418	REDUCE cov: 2892 ft: 10164 corp: 1587/101Kb lim: 1559 exec/s: 1054 rss: 273Mb L: 64/1419 MS: 1 EraseBytes-
#66550	NEW    cov: 2892 ft: 10165 corp: 1588/101Kb lim: 1559 exec/s: 1056 rss: 273Mb L: 15/1419 MS: 2 ChangeBit-CMP- DE: "Q.q\326<V\000\000"-
#66632	REDUCE cov: 2892 ft: 10165 corp: 1588/101Kb lim: 1559 exec/s: 1057 rss: 273Mb L: 120/1419 MS: 2 ChangeBinInt-EraseBytes-
#67393	REDUCE cov: 2892 ft: 10165 corp: 1588/101Kb lim: 1559 exec/s: 1069 rss: 273Mb L: 62/1419 MS: 1 EraseBytes-
#67624	REDUCE cov: 2892 ft: 10165 corp: 1588/101Kb lim: 1559 exec/s: 1056 rss: 276Mb L: 26/1419 MS: 1 EraseBytes-
#67637	REDUCE cov: 2892 ft: 10165 corp: 1588/101Kb lim: 1559 exec/s: 1056 rss: 276Mb L: 28/1419 MS: 3 ChangeBit-InsertByte-EraseBytes-
#67749	REDUCE cov: 2892 ft: 10165 corp: 1588/101Kb lim: 1559 exec/s: 1058 rss: 276Mb L: 4/1419 MS: 2 CopyPart-EraseBytes-
#67775	REDUCE cov: 2892 ft: 10165 corp: 1588/101Kb lim: 1559 exec/s: 1058 rss: 276Mb L: 116/1419 MS: 1 EraseBytes-
#67817	REDUCE cov: 2892 ft: 10165 corp: 1588/101Kb lim: 1559 exec/s: 1059 rss: 276Mb L: 979/1419 MS: 2 ChangeBinInt-EraseBytes-
#68636	REDUCE cov: 2892 ft: 10165 corp: 1588/101Kb lim: 1559 exec/s: 1072 rss: 277Mb L: 561/1419 MS: 4 ManualDict-ManualDict-InsertRepeatedBytes-EraseBytes- DE: "EXPLAIN"-"LENGTH("-
#68684	REDUCE cov: 2892 ft: 10165 corp: 1588/101Kb lim: 1559 exec/s: 1073 rss: 277Mb L: 811/1419 MS: 3 ChangeByte-ChangeBinInt-EraseBytes-
#68692	REDUCE cov: 2892 ft: 10165 corp: 1588/101Kb lim: 1559 exec/s: 1073 rss: 277Mb L: 37/1419 MS: 3 PersAutoDict-ChangeByte-EraseBytes- DE: "d"-
#68744	NEW    cov: 2893 ft: 10166 corp: 1589/101Kb lim: 1559 exec/s: 1074 rss: 278Mb L: 12/1419 MS: 2 CMP-ManualDict- DE: "zz"-"1e308"-
#69055	REDUCE cov: 2893 ft: 10166 corp: 1589/101Kb lim: 1559 exec/s: 1062 rss: 280Mb L: 3/1419 MS: 1 EraseBytes-
#69088	REDUCE cov: 2893 ft: 10166 corp: 1589/101Kb lim: 1559 exec/s: 1062 rss: 280Mb L: 212/1419 MS: 3 InsertByte-ShuffleBytes-EraseBytes-
#70251	REDUCE cov: 2893 ft: 10166 corp: 1589/101Kb lim: 1569 exec/s: 1064 rss: 281Mb L: 754/1419 MS: 3 ChangeBinInt-ChangeASCIIInt-EraseBytes-
#70527	REDUCE cov: 2893 ft: 10166 corp: 1589/101Kb lim: 1569 exec/s: 1068 rss: 281Mb L: 17/1419 MS: 1 EraseBytes-
#70613	REDUCE cov: 2893 ft: 10166 corp: 1589/101Kb lim: 1569 exec/s: 1069 rss: 281Mb L: 42/1419 MS: 1 EraseBytes-
#71748	REDUCE cov: 2893 ft: 10166 corp: 1589/101Kb lim: 1579 exec/s: 1070 rss: 284Mb L: 37/1419 MS: 4 ChangeBit-PersAutoDict-PersAutoDict-EraseBytes- DE: "a"-"v"-
#72684	REDUCE cov: 2893 ft: 10166 corp: 1589/101Kb lim: 1579 exec/s: 1068 rss: 287Mb L: 40/1419 MS: 1 EraseBytes-
#72911	REDUCE cov: 2893 ft: 10166 corp: 1589/101Kb lim: 1579 exec/s: 1072 rss: 287Mb L: 112/1419 MS: 2 ChangeBit-EraseBytes-
#73714	REDUCE cov: 2893 ft: 10166 corp: 1589/101Kb lim: 1579 exec/s: 1068 rss: 288Mb L: 68/1419 MS: 3 ShuffleBytes-PersAutoDict-EraseBytes- DE: "*"-
#73716	REDUCE cov: 2893 ft: 10166 corp: 1589/101Kb lim: 1579 exec/s: 1068 rss: 288Mb L: 15/1419 MS: 2 ChangeBit-EraseBytes-
#74078	REDUCE cov: 2893 ft: 10166 corp: 1589/101Kb lim: 1579 exec/s: 1073 rss: 290Mb L: 148/1419 MS: 2 CopyPart-EraseBytes-
#74340	REDUCE cov: 2893 ft: 10166 corp: 1589/101Kb lim: 1579 exec/s: 1077 rss: 290Mb L: 57/1419 MS: 2 ChangeBit-EraseBytes-
#74642	REDUCE cov: 2893 ft: 10166 corp: 1589/101Kb lim: 1579 exec/s: 1081 rss: 291Mb L: 967/1419 MS: 2 ChangeASCIIInt-EraseBytes-
#75178	REDUCE cov: 2893 ft: 10166 corp: 1589/101Kb lim: 1579 exec/s: 1073 rss: 293Mb L: 6/1419 MS: 1 EraseBytes-
#75375	REDUCE cov: 2893 ft: 10166 corp: 1589/101Kb lim: 1579 exec/s: 1076 rss: 293Mb L: 18/1419 MS: 2 ChangeByte-EraseBytes-
#75641	REDUCE cov: 2893 ft: 10166 corp: 1589/101Kb lim: 1579 exec/s: 1080 rss: 294Mb L: 33/1419 MS: 1 EraseBytes-
#75837	REDUCE cov: 2893 ft: 10166 corp: 1589/101Kb lim: 1579 exec/s: 1083 rss: 294Mb L: 26/1419 MS: 1 EraseBytes-
#75949	NEW    cov: 2893 ft: 10168 corp: 1590/101Kb lim: 1579 exec/s: 1084 rss: 294Mb L: 59/1419 MS: 2 EraseBytes-ChangeByte-
#77385	REDUCE cov: 2893 ft: 10168 corp: 1590/101Kb lim: 1589 exec/s: 1074 rss: 297Mb L: 18/1419 MS: 1 EraseBytes-
#77421	REDUCE cov: 2893 ft: 10168 corp: 1590/101Kb lim: 1589 exec/s: 1075 rss: 297Mb L: 34/1419 MS: 1 EraseBytes-
#78182	REDUCE cov: 2893 ft: 10168 corp: 1590/101Kb lim: 1589 exec/s: 1070 rss: 300Mb L: 955/1419 MS: 1 EraseBytes-
#78443	REDUCE cov: 2893 ft: 10168 corp: 1590/101Kb lim: 1589 exec/s: 1074 rss: 300Mb L: 38/1419 MS: 1 EraseBytes-
#78739	REDUCE cov: 2893 ft: 10168 corp: 1590/101Kb lim: 1589 exec/s: 1078 rss: 300Mb L: 2/1419 MS: 1 EraseBytes-
#79588	REDUCE cov: 2893 ft: 10168 corp: 1590/101Kb lim: 1589 exec/s: 1075 rss: 303Mb L: 152/1419 MS: 4 ShuffleBytes-ManualDict-ShuffleBytes-EraseBytes- DE: "REAL"-
#80002	REDUCE cov: 2893 ft: 10168 corp: 1590/101Kb lim: 1589 exec/s: 1081 rss: 303Mb L: 23/1419 MS: 4 ChangeByte-CMP-ChangeByte-EraseBytes- DE: "\001\000\000\000"-
#80423	REDUCE cov: 2893 ft: 10168 corp: 1590/101Kb lim: 1589 exec/s: 1072 rss: 303Mb L: 12/1419 MS: 1 EraseBytes-
#80725	REDUCE cov: 2893 ft: 10168 corp: 1590/101Kb lim: 1589 exec/s: 1076 rss: 306Mb L: 7/1419 MS: 2 ChangeBit-EraseBytes-
#80991	REDUCE cov: 2893 ft: 10168 corp: 1590/101Kb lim: 1589 exec/s: 1079 rss: 306Mb L: 23/1419 MS: 1 EraseBytes-
#81132	REDUCE cov: 2893 ft: 10168 corp: 1590/101Kb lim: 1589 exec/s: 1081 rss: 306Mb L: 74/1419 MS: 1 EraseBytes-
#81913	NEW    cov: 2893 ft: 10171 corp: 1591/101Kb lim: 1589 exec/s: 1077 rss: 309Mb L: 41/1419 MS: 1 CopyPart-
#82108	NEW    cov: 2893 ft: 10172 corp: 1592/101Kb lim: 1589 exec/s: 1080 rss: 309Mb L: 92/1419 MS: 5 ChangeBinInt-InsertByte-InsertByte-ChangeByte-InsertRepeatedBytes-
#82144	REDUCE cov: 2893 ft: 10172 corp: 1592/101Kb lim: 1589 exec/s: 1066 rss: 310Mb L: 6/1419 MS: 1 EraseBytes-
#82735	REDUCE cov: 2893 ft: 10172 corp: 1592/101Kb lim: 1589 exec/s: 1074 rss: 312Mb L: 13/1419 MS: 1 EraseBytes-
#83686	REDUCE cov: 2893 ft: 10172 corp: 1592/101Kb lim: 1589 exec/s: 1072 rss: 315Mb L: 12/1419 MS: 1 EraseBytes-
#83972	REDUCE cov: 2893 ft: 10172 corp: 1592/101Kb lim: 1589 exec/s: 1076 rss: 315Mb L: 28/1419 MS: 1 EraseBytes-
#84038	REDUCE cov: 2893 ft: 10172 corp: 1592/101Kb lim: 1589 exec/s: 1063 rss: 315Mb L: 24/1419 MS: 1 EraseBytes-
#84501	NEW    cov: 2893 ft: 10173 corp: 1593/101Kb lim: 1589 exec/s: 1069 rss: 318Mb L: 400/1419 MS: 3 ManualDict-CMP-InsertRepeatedBytes- DE: "SELECT"-"\377\377U<\326q\327o"-
#84699	NEW    cov: 2893 ft: 10177 corp: 1594/103Kb lim: 1589 exec/s: 1072 rss: 318Mb L: 1572/1572 MS: 3 ShuffleBytes-CrossOver-CopyPart-
#87035	REDUCE cov: 2893 ft: 10177 corp: 1594/103Kb lim: 1609 exec/s: 1074 rss: 321Mb L: 18/1572 MS: 1 EraseBytes-
#87137	REDUCE cov: 2893 ft: 10177 corp: 1594/103Kb lim: 1609 exec/s: 1075 rss: 322Mb L: 14/1572 MS: 2 ChangeBit-EraseBytes-
#87197	REDUCE cov: 2893 ft: 10177 corp: 1594/103Kb lim: 1609 exec/s: 1063 rss: 322Mb L: 17/1572 MS: 5 ManualDict-InsertByte-InsertByte-ChangeBinInt-EraseBytes- DE: "TABLE"-
#87473	REDUCE cov: 2893 ft: 10177 corp: 1594/103Kb lim: 1609 exec/s: 1066 rss: 324Mb L: 57/1572 MS: 1 EraseBytes-
#88019	REDUCE cov: 2893 ft: 10177 corp: 1594/103Kb lim: 1609 exec/s: 1073 rss: 324Mb L: 16/1572 MS: 1 EraseBytes-
#88067	REDUCE cov: 2893 ft: 10177 corp: 1594/103Kb lim: 1609 exec/s: 1073 rss: 325Mb L: 76/1572 MS: 3 ChangeBit-EraseBytes-CopyPart-
#88213	REDUCE cov: 2893 ft: 10177 corp: 1594/103Kb lim: 1609 exec/s: 1075 rss: 325Mb L: 546/1572 MS: 1 EraseBytes-
#88423	REDUCE cov: 2893 ft: 10177 corp: 1594/103Kb lim: 1609 exec/s: 1065 rss: 325Mb L: 168/1572 MS: 5 CrossOver-ChangeBit-ChangeByte-PersAutoDict-EraseBytes- DE: "1e308"-
#88501	REDUCE cov: 2893 ft: 10177 corp: 1594/103Kb lim: 1609 exec/s: 1066 rss: 325Mb L: 237/1572 MS: 3 ChangeBinInt-PersAutoDict-EraseBytes- DE: "DROP"-
#88542	REDUCE cov: 2893 ft: 10177 corp: 1594/103Kb lim: 1609 exec/s: 1066 rss: 325Mb L: 15/1572 MS: 1 EraseBytes-
#88644	REDUCE cov: 2893 ft: 10177 corp: 1594/103Kb lim: 1609 exec/s: 1068 rss: 325Mb L: 15/1572 MS: 2 CrossOver-EraseBytes-
#88745	REDUCE cov: 2893 ft: 10177 corp: 1594/103Kb lim: 1609 exec/s: 1069 rss: 328Mb L: 39/1572 MS: 1 EraseBytes-
#90291	REDUCE cov: 2893 ft: 10177 corp: 1594/103Kb lim: 1619 exec/s: 1074 rss: 331Mb L: 5/1572 MS: 1 EraseBytes-
#90437	REDUCE cov: 2893 ft: 10177 corp: 1594/103Kb lim: 1619 exec/s: 1076 rss: 331Mb L: 16/1572 MS: 1 EraseBytes-
#90858	REDUCE cov: 2893 ft: 10177 corp: 1594/103Kb lim: 1619 exec/s: 1068 rss: 332Mb L: 123/1572 MS: 1 EraseBytes-
#91297	REDUCE cov: 2893 ft: 10177 corp: 1594/103Kb lim: 1619 exec/s: 1074 rss: 334Mb L: 33/1572 MS: 4 CMP-PersAutoDict-ShuffleBytes-EraseBytes- DE: "t1"-"v"-
#91455	REDUCE cov: 2893 ft: 10177 corp: 1594/103Kb lim: 1619 exec/s: 1075 rss: 334Mb L: 54/1572 MS: 3 InsertRepeatedBytes-PersAutoDict-EraseBytes- DE: "\377\377U<\326q\327o"-
#91478	REDUCE cov: 2893 ft: 10177 corp: 1594/103Kb lim: 1619 exec/s: 1076 rss: 334Mb L: 81/1572 MS: 3 ChangeByte-ShuffleBytes-EraseBytes-
#92130	REDUCE cov: 2893 ft: 10177 corp: 1594/103Kb lim: 1619 exec/s: 1071 rss: 335Mb L: 356/1572 MS: 2 ChangeByte-EraseBytes-
#92256	NEW    cov: 2893 ft: 10178 corp: 1595/103Kb lim: 1619 exec/s: 1072 rss: 335Mb L: 39/1572 MS: 1 ChangeASCIIInt-
#93317	NEW    cov: 2893 ft: 10179 corp: 1596/103Kb lim: 1629 exec/s: 1072 rss: 338Mb L: 100/1572 MS: 1 ChangeBit-
#93378	REDUCE cov: 2895 ft: 10182 corp: 1597/103Kb lim: 1629 exec/s: 1073 rss: 338Mb L: 46/1572 MS: 1 ChangeBit-
#93414	REDUCE cov: 2895 ft: 10182 corp: 1597/103Kb lim: 1629 exec/s: 1073 rss: 338Mb L: 21/1572 MS: 1 EraseBytes-
#94100	REDUCE cov: 2895 ft: 10182 corp: 1597/103Kb lim: 1629 exec/s: 1081 rss: 341Mb L: 52/1572 MS: 1 EraseBytes-
#94841	REDUCE cov: 2895 ft: 10182 corp: 1597/103Kb lim: 1629 exec/s: 1077 rss: 341Mb L: 22/1572 MS: 1 EraseBytes-
#94910	REDUCE cov: 2895 ft: 10182 corp: 1597/103Kb lim: 1629 exec/s: 1078 rss: 343Mb L: 55/1572 MS: 4 ChangeBinInt-CMP-ShuffleBytes-EraseBytes- DE: "\377\377U<\326q.P"-
#95333	REDUCE cov: 2895 ft: 10182 corp: 1597/103Kb lim: 1629 exec/s: 1083 rss: 344Mb L: 133/1572 MS: 3 ShuffleBytes-ChangeASCIIInt-EraseBytes-
#95454	REDUCE cov: 2895 ft: 10182 corp: 1597/103Kb lim: 1629 exec/s: 1084 rss: 344Mb L: 14/1572 MS: 1 EraseBytes-
#96610	REDUCE cov: 2895 ft: 10182 corp: 1597/103Kb lim: 1639 exec/s: 1085 rss: 347Mb L: 125/1572 MS: 1 EraseBytes-
#96756	REDUCE cov: 2895 ft: 10182 corp: 1597/103Kb lim: 1639 exec/s: 1087 rss: 347Mb L: 6/1572 MS: 1 EraseBytes-
#96952	REDUCE cov: 2895 ft: 10182 corp: 1597/103Kb lim: 1639 exec/s: 1089 rss: 347Mb L: 11/1572 MS: 1 EraseBytes-
#97588	REDUCE cov: 2895 ft: 10182 corp: 1597/103Kb lim: 1639 exec/s: 1084 rss: 350Mb L: 128/1572 MS: 1 EraseBytes-
#97699	REDUCE cov: 2895 ft: 10182 corp: 1597/103Kb lim: 1639 exec/s: 1085 rss: 350Mb L: 18/1572 MS: 1 EraseBytes-
#97755	REDUCE cov: 2895 ft: 10182 corp: 1597/103Kb lim: 1639 exec/s: 1086 rss: 350Mb L: 59/1572 MS: 1 EraseBytes-
#97767	REDUCE cov: 2895 ft: 10182 corp: 1597/103Kb lim: 1639 exec/s: 1086 rss: 350Mb L: 87/1572 MS: 2 CrossOver-EraseBytes-
#97778	REDUCE cov: 2895 ft: 10182 corp: 1597/103Kb lim: 1639 exec/s: 1086 rss: 351Mb L: 62/1572 MS: 1 EraseBytes-
#97830	REDUCE cov: 2895 ft: 10182 corp: 1597/103Kb lim: 1639 exec/s: 1087 rss: 351Mb L: 10/1572 MS: 2 PersAutoDict-EraseBytes- DE: "'"-
#97981	REDUCE cov: 2895 ft: 10182 corp: 1597/103Kb lim: 1639 exec/s: 1088 rss: 351Mb L: 631/1572 MS: 1 EraseBytes-
#98011	NEW    cov: 2895 ft: 10183 corp: 1598/103Kb lim: 1639 exec/s: 1089 rss: 351Mb L: 72/1572 MS: 5 CrossOver-EraseBytes-ShuffleBytes-EraseBytes-CrossOver-
#98432	REDUCE cov: 2895 ft: 10183 corp: 1598/103Kb lim: 1639 exec/s: 1081 rss: 351Mb L: 55/1572 MS: 1 EraseBytes-
#99044	REDUCE cov: 2895 ft: 10183 corp: 1598/103Kb lim: 1639 exec/s: 1088 rss: 354Mb L: 10/1572 MS: 1 EraseBytes-
#99475	REDUCE cov: 2895 ft: 10183 corp: 1598/103Kb lim: 1639 exec/s: 1081 rss: 354Mb L: 23/1572 MS: 1 EraseBytes-
#99837	REDUCE cov: 2895 ft: 10183 corp: 1598/103Kb lim: 1639 exec/s: 1085 rss: 357Mb L: 39/1572 MS: 2 EraseBytes-CopyPart-
#100103	NEW    cov: 2895 ft: 10187 corp: 1599/103Kb lim: 1639 exec/s: 1088 rss: 357Mb L: 35/1572 MS: 1 InsertByte-
#100461	REDUCE cov: 2895 ft: 10187 corp: 1599/103Kb lim: 1639 exec/s: 1080 rss: 357Mb L: 54/1572 MS: 3 ChangeBit-ManualDict-EraseBytes- DE: "kv"-
#100709	REDUCE cov: 2895 ft: 10187 corp: 1599/103Kb lim: 1639 exec/s: 1082 rss: 358Mb L: 126/1572 MS: 3 InsertByte-CMP-EraseBytes- DE: "k2"-
#101555	REDUCE cov: 2895 ft: 10187 corp: 1599/103Kb lim: 1639 exec/s: 1091 rss: 360Mb L: 10/1572 MS: 1 EraseBytes-
#101689	REDUCE cov: 2895 ft: 10187 corp: 1599/103Kb lim: 1639 exec/s: 1081 rss: 360Mb L: 97/1572 MS: 4 ChangeBit-CopyPart-PersAutoDict-EraseBytes- DE: "\000\012"-
#101821	REDUCE cov: 2895 ft: 10187 corp: 1599/103Kb lim: 1639 exec/s: 1083 rss: 361Mb L: 53/1572 MS: 2 CrossOver-EraseBytes-
#102393	REDUCE cov: 2895 ft: 10187 corp: 1599/103Kb lim: 1639 exec/s: 1089 rss: 363Mb L: 3/1572 MS: 2 ShuffleBytes-EraseBytes-
#102511	REDUCE cov: 2895 ft: 10187 corp: 1599/103Kb lim: 1639 exec/s: 1090 rss: 363Mb L: 12/1572 MS: 3 ShuffleBytes-ChangeBit-EraseBytes-
#102633	NEW    cov: 2895 ft: 10188 corp: 1600/103Kb lim: 1639 exec/s: 1091 rss: 364Mb L: 85/1572 MS: 2 PersAutoDict-InsertRepeatedBytes- DE: "<="-
#102749	REDUCE cov: 2895 ft: 10188 corp: 1600/103Kb lim: 1639 exec/s: 1093 rss: 364Mb L: 98/1572 MS: 1 EraseBytes-
#102877	NEW    cov: 2895 ft: 10189 corp: 1601/104Kb lim: 1639 exec/s: 1082 rss: 364Mb L: 1612/1612 MS: 3 ChangeBinInt-ManualDict-CopyPart- DE: "-9223372036854775808"-
#102999	REDUCE cov: 2895 ft: 10189 corp: 1601/104Kb lim: 1639 exec/s: 1084 rss: 364Mb L: 9/1612 MS: 2 InsertByte-EraseBytes-
#103923	REDUCE cov: 2895 ft: 10189 corp: 1601/104Kb lim: 1639 exec/s: 1093 rss: 367Mb L: 103/1612 MS: 4 ChangeBinInt-ChangeByte-ChangeBit-EraseBytes-
#104309	REDUCE cov: 2895 ft: 10189 corp: 1601/104Kb lim: 1639 exec/s: 1086 rss: 367Mb L: 18/1612 MS: 1 EraseBytes-
#104332	REDUCE cov: 2895 ft: 10189 corp: 1601/104Kb lim: 1639 exec/s: 1086 rss: 367Mb L: 14/1612 MS: 3 CopyPart-ManualDict-EraseBytes- DE: "=="-
#104358	REDUCE cov: 2895 ft: 10189 corp: 1601/104Kb lim: 1639 exec/s: 1087 rss: 368Mb L: 96/1612 MS: 1 EraseBytes-
#104667	NEW    cov: 2895 ft: 10198 corp: 1602/105Kb lim: 1639 exec/s: 1090 rss: 370Mb L: 190/1612 MS: 4 InsertRepeatedBytes-EraseBytes-InsertRepeatedBytes-CopyPart-
#104693	REDUCE cov: 2895 ft: 10198 corp: 1602/105Kb lim: 1639 exec/s: 1090 rss: 370Mb L: 47/1612 MS: 1 EraseBytes-
#105375	REDUCE cov: 2895 ft: 10198 corp: 1602/104Kb lim: 1639 exec/s: 1086 rss: 371Mb L: 21/1612 MS: 2 ShuffleBytes-EraseBytes-
#105691	REDUCE cov: 2895 ft: 10198 corp: 1602/104Kb lim: 1639 exec/s: 1089 rss: 373Mb L: 4/1612 MS: 1 EraseBytes-
#105827	REDUCE cov: 2895 ft: 10198 corp: 1602/104Kb lim: 1639 exec/s: 1091 rss: 373Mb L: 49/1612 MS: 1 EraseBytes-
#106070	NEW    cov: 2896 ft: 10199 corp: 1603/105Kb lim: 1639 exec/s: 1082 rss: 374Mb L: 30/1612 MS: 3 ChangeBinInt-PersAutoDict-EraseBytes- DE: "HAVING"-
#106384	REDUCE cov: 2896 ft: 10199 corp: 1603/105Kb lim: 1639 exec/s: 1085 rss: 374Mb L: 45/1612 MS: 4 ChangeBit-ChangeByte-ChangeBit-EraseBytes-
#106639	REDUCE cov: 2896 ft: 10199 corp: 1603/105Kb lim: 1639 exec/s: 1088 rss: 376Mb L: 130/1612 MS: 5 PersAutoDict-ShuffleBytes-CopyPart-ChangeBinInt-EraseBytes- DE: "kv"-
#108185	REDUCE cov: 2896 ft: 10199 corp: 1603/104Kb lim: 1649 exec/s: 1092 rss: 377Mb L: 108/1612 MS: 1 EraseBytes-
#108251	REDUCE cov: 2896 ft: 10199 corp: 1603/104Kb lim: 1649 exec/s: 1093 rss: 377Mb L: 166/1612 MS: 1 EraseBytes-
#108532	REDUCE cov: 2896 ft: 10199 corp: 1603/104Kb lim: 1649 exec/s: 1085 rss: 377Mb L: 136/1612 MS: 1 CrossOver-
#108653	REDUCE cov: 2896 ft: 10199 corp: 1603/104Kb lim: 1649 exec/s: 1086 rss: 378Mb L: 30/1612 MS: 1 EraseBytes-
#109129	REDUCE cov: 2896 ft: 10199 corp: 1603/104Kb lim: 1649 exec/s: 1091 rss: 380Mb L: 15/1612 MS: 1 EraseBytes-
#109455	REDUCE cov: 2896 ft: 10199 corp: 1603/104Kb lim: 1649 exec/s: 1083 rss: 380Mb L: 19/1612 MS: 1 EraseBytes-
#109694	REDUCE cov: 2896 ft: 10199 corp: 1603/104Kb lim: 1649 exec/s: 1086 rss: 381Mb L: 24/1612 MS: 4 InsertByte-CopyPart-InsertByte-EraseBytes-
#109850	REDUCE cov: 2896 ft: 10199 corp: 1603/104Kb lim: 1649 exec/s: 1087 rss: 381Mb L: 7/1612 MS: 1 EraseBytes-
#110231	REDUCE cov: 2896 ft: 10199 corp: 1603/104Kb lim: 1649 exec/s: 1091 rss: 383Mb L: 15/1612 MS: 1 EraseBytes-
#110582	REDUCE cov: 2896 ft: 10199 corp: 1603/104Kb lim: 1649 exec/s: 1094 rss: 384Mb L: 883/1612 MS: 1 EraseBytes-
#110723	NEW    cov: 2896 ft: 10200 corp: 1604/104Kb lim: 1649 exec/s: 1085 rss: 384Mb L: 26/1612 MS: 1 CopyPart-
#111449	REDUCE cov: 2896 ft: 10200 corp: 1604/104Kb lim: 1649 exec/s: 1092 rss: 385Mb L: 31/1612 MS: 1 EraseBytes-
#112012	REDUCE cov: 2896 ft: 10200 corp: 1604/104Kb lim: 1649 exec/s: 1087 rss: 385Mb L: 80/1612 MS: 3 CrossOver-ChangeBinInt-EraseBytes-
#112019	REDUCE cov: 2896 ft: 10200 corp: 1604/104Kb lim: 1649 exec/s: 1087 rss: 385Mb L: 101/1612 MS: 2 ChangeBinInt-EraseBytes-
#112376	REDUCE cov: 2896 ft: 10200 corp: 1604/104Kb lim: 1649 exec/s: 1091 rss: 385Mb L: 39/1612 MS: 2 CMP-EraseBytes- DE: "\305\000\000\000"-
#112700	REDUCE cov: 2896 ft: 10200 corp: 1604/104Kb lim: 1649 exec/s: 1094 rss: 388Mb L: 29/1612 MS: 4 CopyPart-ChangeBinInt-CrossOver-EraseBytes-
#112951	REDUCE cov: 2896 ft: 10200 corp: 1604/104Kb lim: 1649 exec/s: 1096 rss: 388Mb L: 155/1612 MS: 1 EraseBytes-
#113587	REDUCE cov: 2896 ft: 10200 corp: 1604/104Kb lim: 1649 exec/s: 1092 rss: 388Mb L: 16/1612 MS: 1 EraseBytes-
#114558	REDUCE cov: 2896 ft: 10200 corp: 1604/104Kb lim: 1649 exec/s: 1091 rss: 391Mb L: 17/1612 MS: 1 EraseBytes-
#116248	NEW    cov: 2896 ft: 10201 corp: 1605/104Kb lim: 1659 exec/s: 1096 rss: 392Mb L: 21/1612 MS: 5 CrossOver-InsertByte-ChangeBit-ChangeByte-ChangeBinInt-
#116554	NEW    cov: 2896 ft: 10202 corp: 1606/105Kb lim: 1659 exec/s: 1099 rss: 392Mb L: 156/1612 MS: 1 ChangeBinInt-
#116810	REDUCE cov: 2896 ft: 10202 corp: 1606/105Kb lim: 1659 exec/s: 1091 rss: 392Mb L: 375/1612 MS: 1 EraseBytes-
#116858	REDUCE cov: 2896 ft: 10202 corp: 1606/104Kb lim: 1659 exec/s: 1092 rss: 393Mb L: 723/1612 MS: 3 EraseBytes-ShuffleBytes-CopyPart-
#117033	REDUCE cov: 2896 ft: 10202 corp: 1606/104Kb lim: 1659 exec/s: 1093 rss: 393Mb L: 74/1612 MS: 5 CrossOver-CopyPart-PersAutoDict-ShuffleBytes-EraseBytes- DE: "\000\012"-
#118380	REDUCE cov: 2896 ft: 10202 corp: 1606/104Kb lim: 1669 exec/s: 1096 rss: 396Mb L: 23/1612 MS: 2 ChangeByte-EraseBytes-
#119591	REDUCE cov: 2896 ft: 10202 corp: 1606/104Kb lim: 1679 exec/s: 1097 rss: 399Mb L: 10/1612 MS: 1 EraseBytes-
#119687	REDUCE cov: 2896 ft: 10202 corp: 1606/104Kb lim: 1679 exec/s: 1098 rss: 400Mb L: 27/1612 MS: 1 EraseBytes-
#120193	REDUCE cov: 2896 ft: 10202 corp: 1606/104Kb lim: 1679 exec/s: 1102 rss: 402Mb L: 49/1612 MS: 1 EraseBytes-
#120235	REDUCE cov: 2896 ft: 10202 corp: 1606/104Kb lim: 1679 exec/s: 1103 rss: 402Mb L: 19/1612 MS: 2 ChangeBit-EraseBytes-
#120364	REDUCE cov: 2896 ft: 10202 corp: 1606/104Kb lim: 1679 exec/s: 1094 rss: 402Mb L: 92/1612 MS: 4 ChangeBinInt-ManualDict-ChangeByte-EraseBytes- DE: "GROUP"-
#120826	REDUCE cov: 2896 ft: 10202 corp: 1606/104Kb lim: 1679 exec/s: 1098 rss: 402Mb L: 41/1612 MS: 2 CMP-EraseBytes- DE: "\001\000V<\326k@\360"-
#121589	REDUCE cov: 2896 ft: 10202 corp: 1606/104Kb lim: 1679 exec/s: 1095 rss: 405Mb L: 60/1612 MS: 3 InsertByte-CopyPart-EraseBytes-
#122040	REDUCE cov: 2896 ft: 10202 corp: 1606/104Kb lim: 1679 exec/s: 1099 rss: 405Mb L: 55/1612 MS: 1 EraseBytes-
#122203	REDUCE cov: 2896 ft: 10202 corp: 1606/104Kb lim: 1679 exec/s: 1100 rss: 406Mb L: 17/1612 MS: 3 ShuffleBytes-InsertByte-EraseBytes-
#122229	NEW    cov: 2896 ft: 10203 corp: 1607/104Kb lim: 1679 exec/s: 1101 rss: 406Mb L: 99/1612 MS: 1 ChangeASCIIInt-
#122470	REDUCE cov: 2896 ft: 10203 corp: 1607/104Kb lim: 1679 exec/s: 1103 rss: 408Mb L: 54/1612 MS: 1 EraseBytes-
#123108	REDUCE cov: 2896 ft: 10203 corp: 1607/104Kb lim: 1679 exec/s: 1099 rss: 409Mb L: 201/1612 MS: 3 ChangeBit-ChangeASCIIInt-EraseBytes-
#123548	REDUCE cov: 2896 ft: 10203 corp: 1607/104Kb lim: 1679 exec/s: 1103 rss: 411Mb L: 61/1612 MS: 5 ChangeASCIIInt-ChangeBinInt-PersAutoDict-CopyPart-EraseBytes- DE: "SUM("-
#123749	REDUCE cov: 2896 ft: 10203 corp: 1607/104Kb lim: 1679 exec/s: 1104 rss: 412Mb L: 100/1612 MS: 1 EraseBytes-
#123966	REDUCE cov: 2896 ft: 10203 corp: 1607/104Kb lim: 1679 exec/s: 1097 rss: 412Mb L: 31/1612 MS: 2 ShuffleBytes-EraseBytes-
#125002	REDUCE cov: 2896 ft: 10203 corp: 1607/104Kb lim: 1689 exec/s: 1106 rss: 412Mb L: 19/1612 MS: 1 EraseBytes-
#125053	REDUCE cov: 2896 ft: 10203 corp: 1607/104Kb lim: 1689 exec/s: 1106 rss: 412Mb L: 15/1612 MS: 1 EraseBytes-
#125149	REDUCE cov: 2896 ft: 10203 corp: 1607/104Kb lim: 1689 exec/s: 1097 rss: 413Mb L: 107/1612 MS: 1 EraseBytes-
#125595	REDUCE cov: 2896 ft: 10203 corp: 1607/104Kb lim: 1689 exec/s: 1101 rss: 413Mb L: 9/1612 MS: 1 EraseBytes-
#125872	REDUCE cov: 2896 ft: 10203 corp: 1607/104Kb lim: 1689 exec/s: 1104 rss: 416Mb L: 62/1612 MS: 2 EraseBytes-InsertByte-
#125924	REDUCE cov: 2896 ft: 10203 corp: 1607/104Kb lim: 1689 exec/s: 1104 rss: 416Mb L: 19/1612 MS: 2 ShuffleBytes-EraseBytes-
#126100	REDUCE cov: 2896 ft: 10203 corp: 1607/104Kb lim: 1689 exec/s: 1096 rss: 416Mb L: 23/1612 MS: 1 EraseBytes-
#126801	REDUCE cov: 2896 ft: 10203 corp: 1607/104Kb lim: 1689 exec/s: 1102 rss: 416Mb L: 15/1612 MS: 1 EraseBytes-
#126817	REDUCE cov: 2896 ft: 10203 corp: 1607/104Kb lim: 1689 exec/s: 1102 rss: 416Mb L: 5/1612 MS: 1 EraseBytes-
#127150	REDUCE cov: 2896 ft: 10203 corp: 1607/104Kb lim: 1689 exec/s: 1105 rss: 417Mb L: 17/1612 MS: 3 ShuffleBytes-ManualDict-EraseBytes- DE: "DROP"-
#127904	REDUCE cov: 2896 ft: 10204 corp: 1608/105Kb lim: 1689 exec/s: 1102 rss: 417Mb L: 203/1612 MS: 4 ChangeASCIIInt-ChangeByte-ChangeASCIIInt-InsertRepeatedBytes-
#127975	NEW    cov: 2896 ft: 10205 corp: 1609/105Kb lim: 1689 exec/s: 1103 rss: 417Mb L: 35/1612 MS: 1 CrossOver-
#128231	REDUCE cov: 2896 ft: 10205 corp: 1609/105Kb lim: 1689 exec/s: 1105 rss: 419Mb L: 12/1612 MS: 1 EraseBytes-
#128492	REDUCE cov: 2896 ft: 10205 corp: 1609/105Kb lim: 1689 exec/s: 1098 rss: 419Mb L: 8/1612 MS: 1 EraseBytes-
#128759	REDUCE cov: 2896 ft: 10205 corp: 1609/105Kb lim: 1689 exec/s: 1100 rss: 419Mb L: 80/1612 MS: 2 CMP-EraseBytes- DE: "\000\000\000\000\000\000\000\000"-
#129735	REDUCE cov: 2896 ft: 10205 corp: 1609/105Kb lim: 1689 exec/s: 1099 rss: 420Mb L: 106/1612 MS: 1 EraseBytes-
#129812	NEW    cov: 2896 ft: 10206 corp: 1610/105Kb lim: 1689 exec/s: 1100 rss: 420Mb L: 61/1612 MS: 2 CMP-EraseBytes- DE: "\003\000\000\000\007\000\000\000\000\000\000 _\240\002B\004it's"-
#130218	REDUCE cov: 2896 ft: 10206 corp: 1610/105Kb lim: 1689 exec/s: 1103 rss: 420Mb L: 5/1612 MS: 1 EraseBytes-
#130334	REDUCE cov: 2896 ft: 10206 corp: 1610/105Kb lim: 1689 exec/s: 1104 rss: 420Mb L: 29/1612 MS: 1 EraseBytes-
#130380	REDUCE cov: 2896 ft: 10206 corp: 1610/105Kb lim: 1689 exec/s: 1104 rss: 420Mb L: 48/1612 MS: 1 EraseBytes-
#131016	REDUCE cov: 2896 ft: 10206 corp: 1610/105Kb lim: 1689 exec/s: 1100 rss: 423Mb L: 4/1612 MS: 1 EraseBytes-
#131072	pulse  cov: 2896 ft: 10206 corp: 1610/105Kb lim: 1689 exec/s: 1101 rss: 423Mb
#132042	REDUCE cov: 2896 ft: 10206 corp: 1610/105Kb lim: 1699 exec/s: 1109 rss: 423Mb L: 16/1612 MS: 1 EraseBytes-
#132088	REDUCE cov: 2896 ft: 10206 corp: 1610/105Kb lim: 1699 exec/s: 1109 rss: 423Mb L: 10/1612 MS: 1 EraseBytes-
#132110	REDUCE cov: 2896 ft: 10206 corp: 1610/105Kb lim: 1699 exec/s: 1110 rss: 423Mb L: 91/1612 MS: 2 ChangeByte-EraseBytes-
#132856	REDUCE cov: 2896 ft: 10206 corp: 1610/105Kb lim: 1699 exec/s: 1107 rss: 424Mb L: 17/1612 MS: 1 EraseBytes-
#132987	REDUCE cov: 2896 ft: 10206 corp: 1610/105Kb lim: 1699 exec/s: 1108 rss: 424Mb L: 67/1612 MS: 1 EraseBytes-
#133823	REDUCE cov: 2896 ft: 10206 corp: 1610/105Kb lim: 1699 exec/s: 1105 rss: 426Mb L: 10/1612 MS: 1 EraseBytes-
#133930	REDUCE cov: 2896 ft: 10206 corp: 1610/105Kb lim: 1699 exec/s: 1106 rss: 426Mb L: 40/1612 MS: 2 ShuffleBytes-EraseBytes-
#134191	REDUCE cov: 2896 ft: 10206 corp: 1610/105Kb lim: 1699 exec/s: 1109 rss: 427Mb L: 18/1612 MS: 1 EraseBytes-
#134498	NEW    cov: 2896 ft: 10209 corp: 1611/105Kb lim: 1699 exec/s: 1111 rss: 429Mb L: 29/1612 MS: 2 ShuffleBytes-ChangeByte-
#134621	REDUCE cov: 2896 ft: 10209 corp: 1611/105Kb lim: 1699 exec/s: 1112 rss: 429Mb L: 59/1612 MS: 3 InsertByte-ChangeBinInt-EraseBytes-
#135562	NEW    cov: 2896 ft: 10210 corp: 1612/105Kb lim: 1699 exec/s: 1111 rss: 430Mb L: 23/1612 MS: 1 ChangeBit-
#135878	REDUCE cov: 2896 ft: 10210 corp: 1612/105Kb lim: 1699 exec/s: 1104 rss: 432Mb L: 4/1612 MS: 1 EraseBytes-
#136414	REDUCE cov: 2896 ft: 10210 corp: 1612/105Kb lim: 1699 exec/s: 1109 rss: 432Mb L: 11/1612 MS: 1 EraseBytes-
#138096	REDUCE cov: 2896 ft: 10210 corp: 1612/105Kb lim: 1709 exec/s: 1113 rss: 435Mb L: 27/1612 MS: 2 InsertByte-EraseBytes-
#138117	REDUCE cov: 2896 ft: 10210 corp: 1612/105Kb lim: 1709 exec/s: 1113 rss: 435Mb L: 30/1612 MS: 1 EraseBytes-
#139163	REDUCE cov: 2896 ft: 10210 corp: 1612/105Kb lim: 1719 exec/s: 1113 rss: 436Mb L: 18/1612 MS: 1 EraseBytes-
#139604	REDUCE cov: 2896 ft: 10210 corp: 1612/105Kb lim: 1719 exec/s: 1107 rss: 438Mb L: 156/1612 MS: 1 EraseBytes-
#139991	REDUCE cov: 2896 ft: 10210 corp: 1612/105Kb lim: 1719 exec/s: 1111 rss: 438Mb L: 32/1612 MS: 2 ChangeBinInt-EraseBytes-
#140358	REDUCE cov: 2896 ft: 10210 corp: 1612/105Kb lim: 1719 exec/s: 1113 rss: 438Mb L: 52/1612 MS: 2 ShuffleBytes-EraseBytes-
#141558	REDUCE cov: 2896 ft: 10210 corp: 1612/105Kb lim: 1729 exec/s: 1114 rss: 441Mb L: 34/1612 MS: 5 PersAutoDict-CopyPart-ChangeByte-PersAutoDict-EraseBytes- DE: "LENGTH("-"\000\000\000\000\000\000\000\000"-
#141715	REDUCE cov: 2896 ft: 10210 corp: 1612/105Kb lim: 1729 exec/s: 1115 rss: 444Mb L: 34/1612 MS: 2 PersAutoDict-EraseBytes- DE: "\004\350"-
#142057	REDUCE cov: 2896 ft: 10210 corp: 1612/105Kb lim: 1729 exec/s: 1109 rss: 444Mb L: 13/1612 MS: 2 ChangeBinInt-EraseBytes-
#142810	REDUCE cov: 2896 ft: 10210 corp: 1612/105Kb lim: 1729 exec/s: 1115 rss: 444Mb L: 23/1612 MS: 3 ChangeASCIIInt-ChangeByte-EraseBytes-
#143086	REDUCE cov: 2896 ft: 10210 corp: 1612/105Kb lim: 1729 exec/s: 1109 rss: 447Mb L: 4/1612 MS: 1 EraseBytes-
#143192	REDUCE cov: 2896 ft: 10210 corp: 1612/105Kb lim: 1729 exec/s: 1110 rss: 447Mb L: 232/1612 MS: 1 EraseBytes-
#144248	REDUCE cov: 2896 ft: 10210 corp: 1612/105Kb lim: 1739 exec/s: 1118 rss: 448Mb L: 43/1612 MS: 1 EraseBytes-
#144554	REDUCE cov: 2896 ft: 10210 corp: 1612/105Kb lim: 1739 exec/s: 1111 rss: 448Mb L: 49/1612 MS: 1 EraseBytes-
#145511	REDUCE cov: 2896 ft: 10210 corp: 1612/105Kb lim: 1739 exec/s: 1119 rss: 450Mb L: 20/1612 MS: 2 ChangeBit-EraseBytes-
#146557	REDUCE cov: 2896 ft: 10210 corp: 1612/105Kb lim: 1749 exec/s: 1118 rss: 450Mb L: 40/1612 MS: 1 EraseBytes-
#146890	REDUCE cov: 2896 ft: 10210 corp: 1612/105Kb lim: 1749 exec/s: 1112 rss: 450Mb L: 35/1612 MS: 3 InsertByte-ShuffleBytes-EraseBytes-
#147031	REDUCE cov: 2896 ft: 10210 corp: 1612/105Kb lim: 1749 exec/s: 1113 rss: 450Mb L: 74/1612 MS: 1 EraseBytes-
#148187	REDUCE cov: 2896 ft: 10210 corp: 1612/105Kb lim: 1759 exec/s: 1114 rss: 450Mb L: 5/1612 MS: 1 EraseBytes-
#148484	REDUCE cov: 2896 ft: 10210 corp: 1612/105Kb lim: 1759 exec/s: 1116 rss: 450Mb L: 4/1612 MS: 2 CopyPart-EraseBytes-
#148488	REDUCE cov: 2896 ft: 10210 corp: 1612/105Kb lim: 1759 exec/s: 1116 rss: 450Mb L: 23/1612 MS: 4 ShuffleBytes-CopyPart-CrossOver-EraseBytes-
#148755	REDUCE cov: 2896 ft: 10210 corp: 1612/104Kb lim: 1759 exec/s: 1118 rss: 450Mb L: 94/1612 MS: 2 CMP-EraseBytes- DE: "t2"-
#149292	REDUCE cov: 2896 ft: 10210 corp: 1612/104Kb lim: 1759 exec/s: 1122 rss: 450Mb L: 16/1612 MS: 2 ChangeBit-EraseBytes-
#149659	REDUCE cov: 2896 ft: 10210 corp: 1612/104Kb lim: 1759 exec/s: 1116 rss: 450Mb L: 51/1612 MS: 2 EraseBytes-CopyPart-
#150075	REDUCE cov: 2896 ft: 10210 corp: 1612/104Kb lim: 1759 exec/s: 1119 rss: 450Mb L: 11/1612 MS: 1 EraseBytes-
#151007	REDUCE cov: 2896 ft: 10210 corp: 1612/104Kb lim: 1759 exec/s: 1118 rss: 450Mb L: 4/1612 MS: 2 ShuffleBytes-EraseBytes-
#151058	REDUCE cov: 2896 ft: 10210 corp: 1612/104Kb lim: 1759 exec/s: 1118 rss: 450Mb L: 7/1612 MS: 1 EraseBytes-
#151130	REDUCE cov: 2896 ft: 10210 corp: 1612/104Kb lim: 1759 exec/s: 1119 rss: 450Mb L: 29/1612 MS: 2 ChangeByte-EraseBytes-
#151282	REDUCE cov: 2896 ft: 10210 corp: 1612/104Kb lim: 1759 exec/s: 1120 rss: 450Mb L: 28/1612 MS: 2 ChangeByte-EraseBytes-
#151324	REDUCE cov: 2896 ft: 10210 corp: 1612/104Kb lim: 1759 exec/s: 1120 rss: 450Mb L: 27/1612 MS: 2 ChangeASCIIInt-EraseBytes-
#152325	REDUCE cov: 2896 ft: 10210 corp: 1612/104Kb lim: 1759 exec/s: 1120 rss: 450Mb L: 23/1612 MS: 1 EraseBytes-
#152367	REDUCE cov: 2896 ft: 10210 corp: 1612/104Kb lim: 1759 exec/s: 1120 rss: 450Mb L: 7/1612 MS: 2 ChangeByte-EraseBytes-
#152434	REDUCE cov: 2896 ft: 10210 corp: 1612/104Kb lim: 1759 exec/s: 1120 rss: 450Mb L: 41/1612 MS: 2 InsertByte-EraseBytes-
#153655	REDUCE cov: 2896 ft: 10210 corp: 1612/104Kb lim: 1769 exec/s: 1121 rss: 450Mb L: 10/1612 MS: 1 EraseBytes-
#153677	REDUCE cov: 2896 ft: 10210 corp: 1612/104Kb lim: 1769 exec/s: 1121 rss: 450Mb L: 29/1612 MS: 2 ChangeASCIIInt-EraseBytes-
#153743	NEW    cov: 2896 ft: 10211 corp: 1613/105Kb lim: 1769 exec/s: 1122 rss: 450Mb L: 78/1612 MS: 1 CopyPart-
#154769	REDUCE cov: 2896 ft: 10211 corp: 1613/105Kb lim: 1779 exec/s: 1121 rss: 450Mb L: 14/1612 MS: 1 EraseBytes-
#154917	REDUCE cov: 2896 ft: 10211 corp: 1613/105Kb lim: 1779 exec/s: 1122 rss: 450Mb L: 569/1612 MS: 3 ChangeByte-InsertByte-EraseBytes-
#155053	REDUCE cov: 2896 ft: 10211 corp: 1613/105Kb lim: 1779 exec/s: 1123 rss: 450Mb L: 104/1612 MS: 1 EraseBytes-
#155309	REDUCE cov: 2896 ft: 10211 corp: 1613/105Kb lim: 1779 exec/s: 1125 rss: 450Mb L: 125/1612 MS: 1 EraseBytes-
#155316	REDUCE cov: 2896 ft: 10211 corp: 1613/105Kb lim: 1779 exec/s: 1125 rss: 450Mb L: 16/1612 MS: 2 PersAutoDict-EraseBytes- DE: "t1"-
#155852	REDUCE cov: 2896 ft: 10211 corp: 1613/105Kb lim: 1779 exec/s: 1121 rss: 450Mb L: 32/1612 MS: 1 EraseBytes-
#156628	REDUCE cov: 2896 ft: 10211 corp: 1613/104Kb lim: 1779 exec/s: 1118 rss: 450Mb L: 106/1612 MS: 1 EraseBytes-
#156675	REDUCE cov: 2896 ft: 10211 corp: 1613/104Kb lim: 1779 exec/s: 1119 rss: 450Mb L: 18/1612 MS: 2 InsertByte-EraseBytes-
#156831	REDUCE cov: 2896 ft: 10211 corp: 1613/104Kb lim: 1779 exec/s: 1120 rss: 450Mb L: 17/1612 MS: 1 EraseBytes-
#157087	NEW    cov: 2896 ft: 10212 corp: 1614/105Kb lim: 1779 exec/s: 1122 rss: 450Mb L: 192/1612 MS: 1 CopyPart-
#157359	REDUCE cov: 2896 ft: 10212 corp: 1614/105Kb lim: 1779 exec/s: 1123 rss: 450Mb L: 39/1612 MS: 2 ChangeByte-EraseBytes-
#158069	REDUCE cov: 2896 ft: 10212 corp: 1614/105Kb lim: 1779 exec/s: 1121 rss: 450Mb L: 78/1612 MS: 5 ChangeByte-CMP-ChangeByte-ChangeASCIIInt-EraseBytes- DE: "\003\000\000\000\007\000\000\000\000\000\000 _\240\002B\004it's"-
#158275	NEW    cov: 2896 ft: 10222 corp: 1615/105Kb lim: 1779 exec/s: 1122 rss: 450Mb L: 648/1612 MS: 1 CopyPart-
#158986	REDUCE cov: 2896 ft: 10222 corp: 1615/105Kb lim: 1779 exec/s: 1127 rss: 450Mb L: 16/1612 MS: 1 EraseBytes-
#159747	REDUCE cov: 2896 ft: 10222 corp: 1615/105Kb lim: 1779 exec/s: 1124 rss: 450Mb L: 15/1612 MS: 1 EraseBytes-
#160078	REDUCE cov: 2896 ft: 10222 corp: 1615/105Kb lim: 1779 exec/s: 1127 rss: 450Mb L: 74/1612 MS: 1 EraseBytes-
#160141	REDUCE cov: 2896 ft: 10222 corp: 1615/105Kb lim: 1779 exec/s: 1127 rss: 450Mb L: 208/1612 MS: 3 ChangeBit-ChangeASCIIInt-EraseBytes-
#160193	REDUCE cov: 2896 ft: 10222 corp: 1615/105Kb lim: 1779 exec/s: 1128 rss: 450Mb L: 124/1612 MS: 2 InsertByte-EraseBytes-
#160334	REDUCE cov: 2896 ft: 10222 corp: 1615/105Kb lim: 1779 exec/s: 1121 rss: 453Mb L: 31/1612 MS: 1 EraseBytes-
#160538	REDUCE cov: 2896 ft: 10222 corp: 1615/105Kb lim: 1779 exec/s: 1122 rss: 453Mb L: 45/1612 MS: 4 PersAutoDict-PersAutoDict-CopyPart-EraseBytes- DE: "TABLE"-"DROP"-
#160635	REDUCE cov: 2896 ft: 10222 corp: 1615/105Kb lim: 1779 exec/s: 1123 rss: 453Mb L: 138/1612 MS: 2 ChangeBinInt-EraseBytes-
#161027	REDUCE cov: 2896 ft: 10222 corp: 1615/105Kb lim: 1779 exec/s: 1126 rss: 453Mb L: 14/1612 MS: 2 InsertByte-EraseBytes-
#161048	REDUCE cov: 2896 ft: 10222 corp: 1615/105Kb lim: 1779 exec/s: 1126 rss: 453Mb L: 53/1612 MS: 1 EraseBytes-
#161351	REDUCE cov: 2896 ft: 10222 corp: 1615/105Kb lim: 1779 exec/s: 1128 rss: 453Mb L: 201/1612 MS: 3 CrossOver-ChangeBit-EraseBytes-
#161697	REDUCE cov: 2896 ft: 10222 corp: 1615/105Kb lim: 1779 exec/s: 1122 rss: 453Mb L: 22/1612 MS: 1 EraseBytes-
#162213	REDUCE cov: 2896 ft: 10224 corp: 1616/105Kb lim: 1779 exec/s: 1126 rss: 453Mb L: 109/1612 MS: 1 CopyPart-
#162835	REDUCE cov: 2896 ft: 10224 corp: 1616/105Kb lim: 1779 exec/s: 1123 rss: 453Mb L: 88/1612 MS: 2 ChangeByte-EraseBytes-
#162991	REDUCE cov: 2896 ft: 10224 corp: 1616/105Kb lim: 1779 exec/s: 1124 rss: 453Mb L: 11/1612 MS: 1 EraseBytes-
#163112	REDUCE cov: 2896 ft: 10225 corp: 1617/105Kb lim: 1779 exec/s: 1124 rss: 453Mb L: 94/1612 MS: 1 PersAutoDict- DE: "=="-
#163183	REDUCE cov: 2896 ft: 10225 corp: 1617/105Kb lim: 1779 exec/s: 1125 rss: 453Mb L: 19/1612 MS: 1 EraseBytes-
#163885	REDUCE cov: 2896 ft: 10225 corp: 1617/105Kb lim: 1779 exec/s: 1130 rss: 453Mb L: 61/1612 MS: 2 ChangeASCIIInt-EraseBytes-
#164227	REDUCE cov: 2896 ft: 10225 corp: 1617/105Kb lim: 1779 exec/s: 1124 rss: 453Mb L: 260/1612 MS: 2 CopyPart-EraseBytes-
#164343	REDUCE cov: 2896 ft: 10225 corp: 1617/105Kb lim: 1779 exec/s: 1125 rss: 453Mb L: 10/1612 MS: 1 EraseBytes-
#165068	REDUCE cov: 2896 ft: 10225 corp: 1617/105Kb lim: 1779 exec/s: 1130 rss: 453Mb L: 23/1612 MS: 5 ShuffleBytes-CMP-CrossOver-InsertByte-EraseBytes- DE: "\000,"-
#165154	NEW    cov: 2896 ft: 10226 corp: 1618/105Kb lim: 1779 exec/s: 1131 rss: 453Mb L: 83/1612 MS: 1 CopyPart-
#165676	REDUCE cov: 2896 ft: 10226 corp: 1618/105Kb lim: 1779 exec/s: 1127 rss: 453Mb L: 16/1612 MS: 2 ChangeBinInt-EraseBytes-
#165977	REDUCE cov: 2896 ft: 10226 corp: 1618/105Kb lim: 1779 exec/s: 1129 rss: 453Mb L: 17/1612 MS: 1 EraseBytes-
#166328	REDUCE cov: 2896 ft: 10226 corp: 1618/105Kb lim: 1779 exec/s: 1131 rss: 453Mb L: 44/1612 MS: 1 EraseBytes-
#166519	REDUCE cov: 2896 ft: 10226 corp: 1618/105Kb lim: 1779 exec/s: 1125 rss: 453Mb L: 51/1612 MS: 1 EraseBytes-
#166605	REDUCE cov: 2896 ft: 10226 corp: 1618/105Kb lim: 1779 exec/s: 1125 rss: 453Mb L: 21/1612 MS: 1 EraseBytes-
#167762	REDUCE cov: 2896 ft: 10226 corp: 1618/105Kb lim: 1789 exec/s: 1125 rss: 453Mb L: 50/1612 MS: 2 CopyPart-EraseBytes-
#168883	NEW    cov: 2896 ft: 10228 corp: 1619/106Kb lim: 1799 exec/s: 1125 rss: 453Mb L: 86/1612 MS: 1 InsertRepeatedBytes-
#168949	REDUCE cov: 2896 ft: 10228 corp: 1619/106Kb lim: 1799 exec/s: 1126 rss: 453Mb L: 16/1612 MS: 1 EraseBytes-
#169135	REDUCE cov: 2896 ft: 10228 corp: 1619/105Kb lim: 1799 exec/s: 1127 rss: 453Mb L: 415/1612 MS: 1 EraseBytes-
#170087	REDUCE cov: 2896 ft: 10228 corp: 1619/105Kb lim: 1799 exec/s: 1126 rss: 453Mb L: 33/1612 MS: 2 ShuffleBytes-EraseBytes-
#170109	REDUCE cov: 2896 ft: 10228 corp: 1619/105Kb lim: 1799 exec/s: 1126 rss: 453Mb L: 126/1612 MS: 2 ChangeBit-EraseBytes-
#170195	REDUCE cov: 2896 ft: 10228 corp: 1619/105Kb lim: 1799 exec/s: 1127 rss: 453Mb L: 3/1612 MS: 1 EraseBytes-
#170721	REDUCE cov: 2896 ft: 10228 corp: 1619/105Kb lim: 1799 exec/s: 1130 rss: 453Mb L: 38/1612 MS: 1 EraseBytes-
#171085	REDUCE cov: 2896 ft: 10228 corp: 1619/105Kb lim: 1799 exec/s: 1125 rss: 453Mb L: 16/1612 MS: 4 CopyPart-ChangeBinInt-ChangeBinInt-EraseBytes-
#171401	REDUCE cov: 2896 ft: 10228 corp: 1619/105Kb lim: 1799 exec/s: 1127 rss: 453Mb L: 29/1612 MS: 1 EraseBytes-
#171503	REDUCE cov: 2896 ft: 10228 corp: 1619/105Kb lim: 1799 exec/s: 1128 rss: 453Mb L: 11/1612 MS: 2 ChangeASCIIInt-EraseBytes-
#172090	REDUCE cov: 2896 ft: 10228 corp: 1619/105Kb lim: 1799 exec/s: 1124 rss: 453Mb L: 111/1612 MS: 2 InsertByte-EraseBytes-
#172376	REDUCE cov: 2896 ft: 10228 corp: 1619/105Kb lim: 1799 exec/s: 1126 rss: 453Mb L: 54/1612 MS: 1 EraseBytes-
#172482	REDUCE cov: 2896 ft: 10228 corp: 1619/105Kb lim: 1799 exec/s: 1127 rss: 453Mb L: 21/1612 MS: 1 EraseBytes-
#174058	REDUCE cov: 2896 ft: 10228 corp: 1619/105Kb lim: 1809 exec/s: 1130 rss: 453Mb L: 22/1612 MS: 1 EraseBytes-
#174829	REDUCE cov: 2896 ft: 10228 corp: 1619/105Kb lim: 1809 exec/s: 1127 rss: 453Mb L: 52/1612 MS: 1 EraseBytes-
#174951	REDUCE cov: 2896 ft: 10229 corp: 1620/106Kb lim: 1809 exec/s: 1128 rss: 453Mb L: 221/1612 MS: 2 InsertByte-EraseBytes-
#175020	REDUCE cov: 2896 ft: 10229 corp: 1620/106Kb lim: 1809 exec/s: 1129 rss: 453Mb L: 122/1612 MS: 4 ChangeBit-ChangeBinInt-PersAutoDict-EraseBytes- DE: "k2"-
#175498	REDUCE cov: 2896 ft: 10229 corp: 1620/106Kb lim: 1809 exec/s: 1132 rss: 453Mb L: 130/1612 MS: 3 ChangeByte-ChangeByte-EraseBytes-
#175614	REDUCE cov: 2896 ft: 10229 corp: 1620/106Kb lim: 1809 exec/s: 1125 rss: 453Mb L: 4/1612 MS: 1 EraseBytes-
#176510	REDUCE cov: 2896 ft: 10229 corp: 1620/106Kb lim: 1809 exec/s: 1131 rss: 453Mb L: 27/1612 MS: 1 EraseBytes-
#176777	REDUCE cov: 2896 ft: 10229 corp: 1620/106Kb lim: 1809 exec/s: 1125 rss: 453Mb L: 105/1612 MS: 2 ChangeByte-EraseBytes-
#177209	REDUCE cov: 2896 ft: 10229 corp: 1620/106Kb lim: 1809 exec/s: 1128 rss: 453Mb L: 11/1612 MS: 2 ChangeBinInt-EraseBytes-
#177380	REDUCE cov: 2896 ft: 10229 corp: 1620/106Kb lim: 1809 exec/s: 1129 rss: 453Mb L: 173/1612 MS: 1 EraseBytes-
#177586	REDUCE cov: 2896 ft: 10229 corp: 1620/106Kb lim: 1809 exec/s: 1131 rss: 453Mb L: 372/1612 MS: 1 EraseBytes-
#177668	REDUCE cov: 2896 ft: 10229 corp: 1620/106Kb lim: 1809 exec/s: 1131 rss: 453Mb L: 29/1612 MS: 2 PersAutoDict-EraseBytes- DE: "d"-
#177945	REDUCE cov: 2896 ft: 10229 corp: 1620/106Kb lim: 1809 exec/s: 1126 rss: 453Mb L: 72/1612 MS: 2 ChangeBinInt-EraseBytes-
#178371	NEW    cov: 2896 ft: 10230 corp: 1621/106Kb lim: 1809 exec/s: 1128 rss: 453Mb L: 23/1612 MS: 1 ChangeASCIIInt-
#178761	REDUCE cov: 2896 ft: 10230 corp: 1621/106Kb lim: 1809 exec/s: 1131 rss: 453Mb L: 80/1612 MS: 5 EraseBytes-ChangeByte-InsertByte-ChangeBinInt-CopyPart-
#180192	REDUCE cov: 2896 ft: 10230 corp: 1621/106Kb lim: 1819 exec/s: 1133 rss: 453Mb L: 31/1612 MS: 1 EraseBytes-
#180296	REDUCE cov: 2896 ft: 10230 corp: 1621/106Kb lim: 1819 exec/s: 1126 rss: 453Mb L: 117/1612 MS: 4 ChangeByte-CopyPart-InsertByte-EraseBytes-
#180343	REDUCE cov: 2896 ft: 10230 corp: 1621/106Kb lim: 1819 exec/s: 1127 rss: 453Mb L: 15/1612 MS: 2 ManualDict-EraseBytes- DE: "LOWER("-
#180375	REDUCE cov: 2896 ft: 10230 corp: 1621/106Kb lim: 1819 exec/s: 1127 rss: 453Mb L: 30/1612 MS: 2 ChangeByte-EraseBytes-
#180821	REDUCE cov: 2896 ft: 10230 corp: 1621/106Kb lim: 1819 exec/s: 1130 rss: 453Mb L: 13/1612 MS: 1 EraseBytes-
#181171	NEW    cov: 2896 ft: 10232 corp: 1622/106Kb lim: 1819 exec/s: 1132 rss: 453Mb L: 267/1612 MS: 5 InsertRepeatedBytes-ChangeBinInt-ManualDict-ChangeByte-CopyPart- DE: "v"-
#181452	REDUCE cov: 2896 ft: 10232 corp: 1622/106Kb lim: 1819 exec/s: 1127 rss: 453Mb L: 29/1612 MS: 1 EraseBytes-
#181483	REDUCE cov: 2896 ft: 10232 corp: 1622/106Kb lim: 1819 exec/s: 1127 rss: 453Mb L: 87/1612 MS: 1 EraseBytes-
#181739	REDUCE cov: 2896 ft: 10232 corp: 1622/106Kb lim: 1819 exec/s: 1128 rss: 453Mb L: 146/1612 MS: 1 EraseBytes-
#181750	REDUCE cov: 2896 ft: 10232 corp: 1622/106Kb lim: 1819 exec/s: 1128 rss: 453Mb L: 4/1612 MS: 1 EraseBytes-
#181976	REDUCE cov: 2896 ft: 10232 corp: 1622/106Kb lim: 1819 exec/s: 1130 rss: 453Mb L: 11/1612 MS: 1 EraseBytes-
#182373	REDUCE cov: 2896 ft: 10232 corp: 1622/106Kb lim: 1819 exec/s: 1132 rss: 453Mb L: 52/1612 MS: 2 ChangeByte-EraseBytes-
#182609	REDUCE cov: 2896 ft: 10232 corp: 1622/106Kb lim: 1819 exec/s: 1127 rss: 453Mb L: 54/1612 MS: 1 EraseBytes-
#182651	REDUCE cov: 2896 ft: 10232 corp: 1622/106Kb lim: 1819 exec/s: 1127 rss: 453Mb L: 21/1612 MS: 2 PersAutoDict-EraseBytes- DE: "'"-
#183302	REDUCE cov: 2896 ft: 10232 corp: 1622/106Kb lim: 1819 exec/s: 1131 rss: 453Mb L: 65/1612 MS: 1 EraseBytes-
#183623	REDUCE cov: 2896 ft: 10232 corp: 1622/106Kb lim: 1819 exec/s: 1133 rss: 453Mb L: 89/1612 MS: 1 EraseBytes-
#183920	REDUCE cov: 2896 ft: 10232 corp: 1622/106Kb lim: 1819 exec/s: 1128 rss: 453Mb L: 80/1612 MS: 2 ChangeASCIIInt-EraseBytes-
#183971	REDUCE cov: 2896 ft: 10232 corp: 1622/106Kb lim: 1819 exec/s: 1128 rss: 453Mb L: 4/1612 MS: 1 EraseBytes-
#184050	REDUCE cov: 2896 ft: 10232 corp: 1622/106Kb lim: 1819 exec/s: 1129 rss: 453Mb L: 23/1612 MS: 4 ChangeByte-ChangeBit-CMP-EraseBytes- DE: "\377\377\377\303"-
#184491	REDUCE cov: 2896 ft: 10232 corp: 1622/106Kb lim: 1819 exec/s: 1131 rss: 453Mb L: 5/1612 MS: 1 EraseBytes-
#184554	REDUCE cov: 2896 ft: 10232 corp: 1622/106Kb lim: 1819 exec/s: 1132 rss: 453Mb L: 38/1612 MS: 3 EraseBytes-ShuffleBytes-CopyPart-
#184680	REDUCE cov: 2896 ft: 10232 corp: 1622/106Kb lim: 1819 exec/s: 1133 rss: 453Mb L: 41/1612 MS: 1 EraseBytes-
#184691	REDUCE cov: 2896 ft: 10232 corp: 1622/106Kb lim: 1819 exec/s: 1133 rss: 453Mb L: 103/1612 MS: 1 EraseBytes-
#185122	REDUCE cov: 2896 ft: 10232 corp: 1622/106Kb lim: 1819 exec/s: 1128 rss: 453Mb L: 56/1612 MS: 1 EraseBytes-
#185468	REDUCE cov: 2896 ft: 10232 corp: 1622/106Kb lim: 1819 exec/s: 1130 rss: 453Mb L: 6/1612 MS: 1 EraseBytes-
#185599	REDUCE cov: 2896 ft: 10232 corp: 1622/106Kb lim: 1819 exec/s: 1131 rss: 453Mb L: 17/1612 MS: 1 EraseBytes-
#186200	REDUCE cov: 2896 ft: 10232 corp: 1622/106Kb lim: 1819 exec/s: 1128 rss: 453Mb L: 50/1612 MS: 1 EraseBytes-
#186532	REDUCE cov: 2896 ft: 10232 corp: 1622/106Kb lim: 1819 exec/s: 1130 rss: 453Mb L: 6/1612 MS: 2 CMP-EraseBytes- DE: "\000\000"-
#186548	REDUCE cov: 2896 ft: 10232 corp: 1622/106Kb lim: 1819 exec/s: 1130 rss: 453Mb L: 37/1612 MS: 1 EraseBytes-
#187314	REDUCE cov: 2896 ft: 10232 corp: 1622/106Kb lim: 1819 exec/s: 1135 rss: 453Mb L: 39/1612 MS: 1 EraseBytes-
#187520	REDUCE cov: 2896 ft: 10232 corp: 1622/106Kb lim: 1819 exec/s: 1129 rss: 453Mb L: 11/1612 MS: 1 EraseBytes-
#187744	REDUCE cov: 2896 ft: 10232 corp: 1622/106Kb lim: 1819 exec/s: 1130 rss: 453Mb L: 75/1612 MS: 4 ChangeByte-ManualDict-ShuffleBytes-EraseBytes- DE: "INT"-
#187830	REDUCE cov: 2896 ft: 10232 corp: 1622/106Kb lim: 1819 exec/s: 1131 rss: 453Mb L: 3/1612 MS: 1 EraseBytes-
#187901	REDUCE cov: 2896 ft: 10232 corp: 1622/106Kb lim: 1819 exec/s: 1131 rss: 453Mb L: 7/1612 MS: 1 EraseBytes-
#190047	REDUCE cov: 2896 ft: 10232 corp: 1622/106Kb lim: 1839 exec/s: 1131 rss: 453Mb L: 6/1612 MS: 1 EraseBytes-
#190128	NEW    cov: 2896 ft: 10239 corp: 1623/106Kb lim: 1839 exec/s: 1131 rss: 453Mb L: 44/1612 MS: 1 CopyPart-
#191434	REDUCE cov: 2896 ft: 10239 corp: 1623/106Kb lim: 1849 exec/s: 1132 rss: 453Mb L: 42/1612 MS: 1 EraseBytes-
#191625	REDUCE cov: 2896 ft: 10239 corp: 1623/106Kb lim: 1849 exec/s: 1133 rss: 453Mb L: 60/1612 MS: 1 EraseBytes-
#192246	NEW    cov: 2896 ft: 10241 corp: 1624/106Kb lim: 1849 exec/s: 1137 rss: 453Mb L: 72/1612 MS: 1 CopyPart-
#193062	REDUCE cov: 2896 ft: 10241 corp: 1624/106Kb lim: 1849 exec/s: 1135 rss: 453Mb L: 20/1612 MS: 1 EraseBytes-
#193078	REDUCE cov: 2896 ft: 10241 corp: 1624/106Kb lim: 1849 exec/s: 1135 rss: 453Mb L: 95/1612 MS: 1 EraseBytes-
#193169	REDUCE cov: 2896 ft: 10241 corp: 1624/106Kb lim: 1849 exec/s: 1136 rss: 453Mb L: 27/1612 MS: 1 EraseBytes-
#193236	NEW    cov: 2896 ft: 10243 corp: 1625/106Kb lim: 1849 exec/s: 1136 rss: 453Mb L: 14/1612 MS: 2 PersAutoDict-EraseBytes- DE: "INT"-
#193863	REDUCE cov: 2896 ft: 10243 corp: 1625/106Kb lim: 1849 exec/s: 1133 rss: 453Mb L: 38/1612 MS: 2 PersAutoDict-EraseBytes- DE: "\004\350"-
#193910	REDUCE cov: 2896 ft: 10243 corp: 1625/106Kb lim: 1849 exec/s: 1133 rss: 453Mb L: 74/1612 MS: 2 ChangeBinInt-EraseBytes-
#194538	REDUCE cov: 2896 ft: 10243 corp: 1625/106Kb lim: 1849 exec/s: 1137 rss: 453Mb L: 12/1612 MS: 3 PersAutoDict-CopyPart-EraseBytes- DE: "AS"-
#194579	NEW    cov: 2896 ft: 10244 corp: 1626/106Kb lim: 1849 exec/s: 1137 rss: 453Mb L: 33/1612 MS: 1 ChangeBit-
#194616	REDUCE cov: 2896 ft: 10244 corp: 1626/106Kb lim: 1849 exec/s: 1138 rss: 453Mb L: 53/1612 MS: 2 ManualDict-EraseBytes- DE: "w"-
#195143	REDUCE cov: 2896 ft: 10244 corp: 1626/106Kb lim: 1849 exec/s: 1134 rss: 453Mb L: 28/1612 MS: 2 ChangeByte-EraseBytes-
#195589	REDUCE cov: 2896 ft: 10244 corp: 1626/106Kb lim: 1849 exec/s: 1137 rss: 453Mb L: 105/1612 MS: 1 EraseBytes-
#195932	REDUCE cov: 2896 ft: 10245 corp: 1627/106Kb lim: 1849 exec/s: 1139 rss: 453Mb L: 23/1612 MS: 3 InsertByte-ChangeByte-CopyPart-
#197253	REDUCE cov: 2896 ft: 10245 corp: 1627/106Kb lim: 1859 exec/s: 1140 rss: 453Mb L: 33/1612 MS: 1 EraseBytes-
#197319	REDUCE cov: 2896 ft: 10245 corp: 1627/106Kb lim: 1859 exec/s: 1140 rss: 453Mb L: 371/1612 MS: 1 EraseBytes-
#197357	REDUCE cov: 2896 ft: 10245 corp: 1627/106Kb lim: 1859 exec/s: 1134 rss: 453Mb L: 114/1612 MS: 3 InsertByte-ShuffleBytes-EraseBytes-
#197498	REDUCE cov: 2896 ft: 10245 corp: 1627/106Kb lim: 1859 exec/s: 1135 rss: 453Mb L: 19/1612 MS: 1 EraseBytes-
#197709	REDUCE cov: 2896 ft: 10245 corp: 1627/106Kb lim: 1859 exec/s: 1136 rss: 453Mb L: 47/1612 MS: 1 EraseBytes-
#197772	REDUCE cov: 2896 ft: 10245 corp: 1627/106Kb lim: 1859 exec/s: 1136 rss: 453Mb L: 232/1612 MS: 3 ChangeByte-ChangeASCIIInt-EraseBytes-
#197948	REDUCE cov: 2896 ft: 10245 corp: 1627/106Kb lim: 1859 exec/s: 1137 rss: 453Mb L: 64/1612 MS: 1 EraseBytes-
#198439	REDUCE cov: 2896 ft: 10245 corp: 1627/106Kb lim: 1859 exec/s: 1140 rss: 453Mb L: 211/1612 MS: 1 EraseBytes-
#200057	REDUCE cov: 2896 ft: 10245 corp: 1627/105Kb lim: 1869 exec/s: 1136 rss: 453Mb L: 587/1612 MS: 3 ChangeASCIIInt-ChangeASCIIInt-EraseBytes-
#200238	REDUCE cov: 2896 ft: 10245 corp: 1627/105Kb lim: 1869 exec/s: 1137 rss: 453Mb L: 14/1612 MS: 1 EraseBytes-
#200439	REDUCE cov: 2896 ft: 10245 corp: 1627/105Kb lim: 1869 exec/s: 1138 rss: 453Mb L: 58/1612 MS: 1 EraseBytes-
#200879	NEW    cov: 2896 ft: 10246 corp: 1628/105Kb lim: 1869 exec/s: 1141 rss: 453Mb L: 13/1612 MS: 5 ChangeByte-ShuffleBytes-EraseBytes-ManualDict-ChangeBinInt- DE: "temps"-
#201021	NEW    cov: 2896 ft: 10248 corp: 1629/106Kb lim: 1869 exec/s: 1135 rss: 453Mb L: 79/1612 MS: 2 InsertByte-ChangeBit-
#202315	REDUCE cov: 2896 ft: 10248 corp: 1629/106Kb lim: 1879 exec/s: 1136 rss: 453Mb L: 14/1612 MS: 4 ChangeBit-PersAutoDict-ChangeBit-EraseBytes- DE: "\000,"-
#202757	REDUCE cov: 2896 ft: 10248 corp: 1629/105Kb lim: 1879 exec/s: 1139 rss: 453Mb L: 59/1612 MS: 2 CrossOver-EraseBytes-
#202809	REDUCE cov: 2896 ft: 10248 corp: 1629/105Kb lim: 1879 exec/s: 1139 rss: 453Mb L: 121/1612 MS: 2 ManualDict-EraseBytes- DE: "value"-
#202876	REDUCE cov: 2896 ft: 10248 corp: 1629/105Kb lim: 1879 exec/s: 1139 rss: 453Mb L: 18/1612 MS: 2 ChangeASCIIInt-EraseBytes-
#204467	REDUCE cov: 2896 ft: 10248 corp: 1629/105Kb lim: 1889 exec/s: 1142 rss: 453Mb L: 18/1612 MS: 1 EraseBytes-
#205558	REDUCE cov: 2896 ft: 10248 corp: 1629/105Kb lim: 1899 exec/s: 1141 rss: 453Mb L: 93/1612 MS: 1 EraseBytes-
#205624	REDUCE cov: 2896 ft: 10248 corp: 1629/105Kb lim: 1899 exec/s: 1142 rss: 453Mb L: 43/1612 MS: 1 EraseBytes-
#205642	REDUCE cov: 2896 ft: 10248 corp: 1629/105Kb lim: 1899 exec/s: 1142 rss: 453Mb L: 204/1612 MS: 3 EraseBytes-ShuffleBytes-PersAutoDict- DE: "\004\350"-
#205835	REDUCE cov: 2896 ft: 10248 corp: 1629/105Kb lim: 1899 exec/s: 1143 rss: 453Mb L: 306/1612 MS: 3 CrossOver-ChangeByte-EraseBytes-
#206121	REDUCE cov: 2896 ft: 10248 corp: 1629/105Kb lim: 1899 exec/s: 1138 rss: 453Mb L: 12/1612 MS: 1 EraseBytes-
#206464	REDUCE cov: 2896 ft: 10249 corp: 1630/105Kb lim: 1899 exec/s: 1140 rss: 453Mb L: 108/1612 MS: 3 EraseBytes-ChangeByte-InsertRepeatedBytes-
#207016	REDUCE cov: 2896 ft: 10249 corp: 1630/105Kb lim: 1899 exec/s: 1143 rss: 453Mb L: 28/1612 MS: 2 ChangeBinInt-EraseBytes-
#207472	NEW    cov: 2896 ft: 10250 corp: 1631/106Kb lim: 1899 exec/s: 1139 rss: 453Mb L: 47/1612 MS: 1 CopyPart-
#208067	NEW    cov: 2896 ft: 10251 corp: 1632/106Kb lim: 1899 exec/s: 1143 rss: 453Mb L: 29/1612 MS: 5 PersAutoDict-ChangeBinInt-ShuffleBytes-ManualDict-ChangeBinInt- DE: "HAVING"-"'"-
#208319	REDUCE cov: 2896 ft: 10251 corp: 1632/106Kb lim: 1899 exec/s: 1144 rss: 453Mb L: 82/1612 MS: 2 CopyPart-EraseBytes-
#209315	REDUCE cov: 2896 ft: 10251 corp: 1632/106Kb lim: 1899 exec/s: 1143 rss: 453Mb L: 38/1612 MS: 1 EraseBytes-
#209393	REDUCE cov: 2896 ft: 10251 corp: 1632/106Kb lim: 1899 exec/s: 1144 rss: 453Mb L: 22/1612 MS: 3 ChangeASCIIInt-ChangeASCIIInt-EraseBytes-
#209434	REDUCE cov: 2896 ft: 10251 corp: 1632/106Kb lim: 1899 exec/s: 1144 rss: 453Mb L: 4/1612 MS: 1 EraseBytes-
#209950	REDUCE cov: 2896 ft: 10251 corp: 1632/106Kb lim: 1899 exec/s: 1141 rss: 453Mb L: 10/1612 MS: 1 EraseBytes-
#209981	REDUCE cov: 2896 ft: 10251 corp: 1632/106Kb lim: 1899 exec/s: 1141 rss: 453Mb L: 63/1612 MS: 1 EraseBytes-
#210264	REDUCE cov: 2896 ft: 10251 corp: 1632/106Kb lim: 1899 exec/s: 1142 rss: 453Mb L: 79/1612 MS: 3 EraseBytes-InsertByte-CopyPart-
#210726	REDUCE cov: 2896 ft: 10251 corp: 1632/106Kb lim: 1899 exec/s: 1145 rss: 453Mb L: 17/1612 MS: 2 EraseBytes-CopyPart-
#210917	REDUCE cov: 2896 ft: 10251 corp: 1632/106Kb lim: 1899 exec/s: 1140 rss: 453Mb L: 5/1612 MS: 1 EraseBytes-
#211220	REDUCE cov: 2896 ft: 10251 corp: 1632/106Kb lim: 1899 exec/s: 1141 rss: 453Mb L: 16/1612 MS: 3 ShuffleBytes-ChangeByte-EraseBytes-
#211257	REDUCE cov: 2896 ft: 10251 corp: 1632/105Kb lim: 1899 exec/s: 1141 rss: 453Mb L: 72/1612 MS: 2 ChangeBinInt-EraseBytes-
#211658	REDUCE cov: 2896 ft: 10251 corp: 1632/105Kb lim: 1899 exec/s: 1144 rss: 453Mb L: 10/1612 MS: 1 EraseBytes-
#211949	REDUCE cov: 2896 ft: 10251 corp: 1632/105Kb lim: 1899 exec/s: 1145 rss: 453Mb L: 943/1612 MS: 1 EraseBytes-
#212710	NEW    cov: 2897 ft: 10259 corp: 1633/106Kb lim: 1899 exec/s: 1143 rss: 453Mb L: 99/1612 MS: 1 CrossOver-
#213246	REDUCE cov: 2897 ft: 10259 corp: 1633/106Kb lim: 1899 exec/s: 1146 rss: 453Mb L: 12/1612 MS: 1 EraseBytes-
#213670	REDUCE cov: 2897 ft: 10259 corp: 1633/106Kb lim: 1899 exec/s: 1142 rss: 453Mb L: 189/1612 MS: 4 CopyPart-CrossOver-EraseBytes-CopyPart-
#213801	REDUCE cov: 2897 ft: 10259 corp: 1633/106Kb lim: 1899 exec/s: 1143 rss: 453Mb L: 174/1612 MS: 1 EraseBytes-
#213897	REDUCE cov: 2897 ft: 10259 corp: 1633/106Kb lim: 1899 exec/s: 1143 rss: 453Mb L: 99/1612 MS: 1 EraseBytes-
#214412	NEW    cov: 2897 ft: 10264 corp: 1634/107Kb lim: 1899 exec/s: 1146 rss: 453Mb L: 1803/1803 MS: 4 ChangeBit-EraseBytes-ChangeBit-CopyPart-
#214623	REDUCE cov: 2897 ft: 10264 corp: 1634/107Kb lim: 1899 exec/s: 1147 rss: 453Mb L: 140/1803 MS: 1 EraseBytes-
#214970	REDUCE cov: 2897 ft: 10264 corp: 1634/107Kb lim: 1899 exec/s: 1143 rss: 453Mb L: 42/1803 MS: 2 EraseBytes-InsertByte-
#214977	NEW    cov: 2897 ft: 10282 corp: 1635/107Kb lim: 1899 exec/s: 1143 rss: 453Mb L: 87/1803 MS: 2 ChangeByte-ChangeBinInt-
#215088	REDUCE cov: 2897 ft: 10282 corp: 1635/107Kb lim: 1899 exec/s: 1144 rss: 453Mb L: 8/1803 MS: 1 EraseBytes-
#215625	REDUCE cov: 2897 ft: 10282 corp: 1635/107Kb lim: 1899 exec/s: 1146 rss: 453Mb L: 8/1803 MS: 2 ChangeByte-EraseBytes-
#215681	REDUCE cov: 2897 ft: 10282 corp: 1635/107Kb lim: 1899 exec/s: 1147 rss: 453Mb L: 13/1803 MS: 1 EraseBytes-
#215706	REDUCE cov: 2897 ft: 10282 corp: 1635/107Kb lim: 1899 exec/s: 1147 rss: 453Mb L: 187/1803 MS: 5 ChangeASCIIInt-InsertRepeatedBytes-InsertRepeatedBytes-EraseBytes-EraseBytes-
#216294	REDUCE cov: 2897 ft: 10282 corp: 1635/107Kb lim: 1899 exec/s: 1144 rss: 453Mb L: 169/1803 MS: 3 PersAutoDict-ChangeASCIIInt-EraseBytes- DE: "1e308"-
#216823	REDUCE cov: 2897 ft: 10282 corp: 1635/107Kb lim: 1899 exec/s: 1147 rss: 453Mb L: 167/1803 MS: 4 ChangeBinInt-ChangeASCIIInt-ShuffleBytes-EraseBytes-
#217401	REDUCE cov: 2897 ft: 10282 corp: 1635/107Kb lim: 1899 exec/s: 1144 rss: 453Mb L: 344/1803 MS: 3 ChangeASCIIInt-ChangeASCIIInt-EraseBytes-
#217613	REDUCE cov: 2897 ft: 10282 corp: 1635/107Kb lim: 1899 exec/s: 1145 rss: 453Mb L: 229/1803 MS: 2 ChangeBit-EraseBytes-
#217839	REDUCE cov: 2897 ft: 10282 corp: 1635/107Kb lim: 1899 exec/s: 1146 rss: 453Mb L: 14/1803 MS: 1 EraseBytes-
#217850	REDUCE cov: 2897 ft: 10282 corp: 1635/107Kb lim: 1899 exec/s: 1146 rss: 453Mb L: 27/1803 MS: 1 EraseBytes-
#218457	REDUCE cov: 2897 ft: 10282 corp: 1635/107Kb lim: 1899 exec/s: 1143 rss: 453Mb L: 117/1803 MS: 2 ChangeBit-EraseBytes-
#218753	NEW    cov: 2898 ft: 10286 corp: 1636/107Kb lim: 1899 exec/s: 1145 rss: 453Mb L: 85/1803 MS: 1 ChangeASCIIInt-
#219099	REDUCE cov: 2898 ft: 10286 corp: 1636/107Kb lim: 1899 exec/s: 1147 rss: 453Mb L: 11/1803 MS: 1 EraseBytes-
#219492	REDUCE cov: 2898 ft: 10286 corp: 1636/107Kb lim: 1899 exec/s: 1143 rss: 453Mb L: 4/1803 MS: 3 ChangeBit-InsertByte-EraseBytes-
#219803	REDUCE cov: 2898 ft: 10286 corp: 1636/107Kb lim: 1899 exec/s: 1144 rss: 453Mb L: 26/1803 MS: 1 EraseBytes-
#219939	REDUCE cov: 2898 ft: 10286 corp: 1636/107Kb lim: 1899 exec/s: 1145 rss: 453Mb L: 7/1803 MS: 1 EraseBytes-
#220422	REDUCE cov: 2898 ft: 10286 corp: 1636/107Kb lim: 1899 exec/s: 1148 rss: 453Mb L: 11/1803 MS: 3 CMP-ChangeByte-EraseBytes- DE: "\337@k\326<V\000\000"-
#220468	REDUCE cov: 2898 ft: 10286 corp: 1636/107Kb lim: 1899 exec/s: 1148 rss: 453Mb L: 20/1803 MS: 1 EraseBytes-
#220479	REDUCE cov: 2898 ft: 10286 corp: 1636/107Kb lim: 1899 exec/s: 1142 rss: 453Mb L: 15/1803 MS: 1 EraseBytes-
#220987	REDUCE cov: 2898 ft: 10286 corp: 1636/107Kb lim: 1899 exec/s: 1145 rss: 453Mb L: 50/1803 MS: 3 ShuffleBytes-ManualDict-EraseBytes- DE: ";"-
#221408	NEW    cov: 2898 ft: 10287 corp: 1637/107Kb lim: 1899 exec/s: 1147 rss: 453Mb L: 101/1803 MS: 1 InsertRepeatedBytes-
#221465	REDUCE cov: 2898 ft: 10287 corp: 1637/107Kb lim: 1899 exec/s: 1147 rss: 453Mb L: 4/1803 MS: 2 CopyPart-EraseBytes-
#221491	REDUCE cov: 2898 ft: 10287 corp: 1637/107Kb lim: 1899 exec/s: 1147 rss: 453Mb L: 85/1803 MS: 1 EraseBytes-
#221619	NEW    cov: 2898 ft: 10288 corp: 1638/107Kb lim: 1899 exec/s: 1148 rss: 453Mb L: 15/1803 MS: 3 ChangeByte-ShuffleBytes-PersAutoDict- DE: "Q.q\326<V\000\000"-
#223642	REDUCE cov: 2898 ft: 10288 corp: 1638/107Kb lim: 1919 exec/s: 1146 rss: 453Mb L: 10/1803 MS: 3 InsertByte-InsertByte-EraseBytes-
#224064	REDUCE cov: 2898 ft: 10288 corp: 1638/107Kb lim: 1919 exec/s: 1149 rss: 453Mb L: 105/1803 MS: 2 ChangeBit-EraseBytes-
#224400	REDUCE cov: 2898 ft: 10288 corp: 1638/107Kb lim: 1919 exec/s: 1144 rss: 453Mb L: 538/1803 MS: 1 EraseBytes-
#224736	REDUCE cov: 2898 ft: 10288 corp: 1638/107Kb lim: 1919 exec/s: 1146 rss: 453Mb L: 165/1803 MS: 1 EraseBytes-
#224757	REDUCE cov: 2898 ft: 10288 corp: 1638/107Kb lim: 1919 exec/s: 1146 rss: 453Mb L: 17/1803 MS: 1 EraseBytes-
#224918	NEW    cov: 2899 ft: 10289 corp: 1639/107Kb lim: 1919 exec/s: 1147 rss: 453Mb L: 99/1803 MS: 1 ShuffleBytes-
#226404	REDUCE cov: 2899 ft: 10289 corp: 1639/107Kb lim: 1929 exec/s: 1149 rss: 453Mb L: 16/1803 MS: 1 EraseBytes-
#226490	REDUCE cov: 2899 ft: 10289 corp: 1639/107Kb lim: 1929 exec/s: 1149 rss: 453Mb L: 6/1803 MS: 1 EraseBytes-
#226641	REDUCE cov: 2899 ft: 10289 corp: 1639/107Kb lim: 1929 exec/s: 1150 rss: 453Mb L: 44/1803 MS: 1 EraseBytes-
#226907	REDUCE cov: 2899 ft: 10289 corp: 1639/107Kb lim: 1929 exec/s: 1145 rss: 453Mb L: 44/1803 MS: 1 EraseBytes-
#227953	REDUCE cov: 2899 ft: 10289 corp: 1639/107Kb lim: 1939 exec/s: 1145 rss: 453Mb L: 77/1803 MS: 1 EraseBytes-
#228049	NEW    cov: 2899 ft: 10292 corp: 1640/107Kb lim: 1939 exec/s: 1145 rss: 453Mb L: 38/1803 MS: 1 ChangeASCIIInt-
#228287	REDUCE cov: 2899 ft: 10292 corp: 1640/107Kb lim: 1939 exec/s: 1147 rss: 453Mb L: 136/1803 MS: 3 ChangeBinInt-ManualDict-EraseBytes- DE: "OFFSET"-
#228530	REDUCE cov: 2899 ft: 10292 corp: 1640/107Kb lim: 1939 exec/s: 1148 rss: 453Mb L: 104/1803 MS: 3 ChangeBinInt-EraseBytes-ShuffleBytes-
#229541	REDUCE cov: 2899 ft: 10292 corp: 1640/107Kb lim: 1949 exec/s: 1147 rss: 453Mb L: 40/1803 MS: 1 EraseBytes-
#229674	REDUCE cov: 2899 ft: 10292 corp: 1640/107Kb lim: 1949 exec/s: 1148 rss: 453Mb L: 39/1803 MS: 3 ShuffleBytes-ShuffleBytes-EraseBytes-
#229945	REDUCE cov: 2899 ft: 10292 corp: 1640/107Kb lim: 1949 exec/s: 1149 rss: 453Mb L: 37/1803 MS: 1 EraseBytes-
#230123	REDUCE cov: 2899 ft: 10292 corp: 1640/107Kb lim: 1949 exec/s: 1150 rss: 453Mb L: 47/1803 MS: 3 ShuffleBytes-CrossOver-EraseBytes-
#230404	REDUCE cov: 2899 ft: 10292 corp: 1640/107Kb lim: 1949 exec/s: 1146 rss: 453Mb L: 29/1803 MS: 1 EraseBytes-
#230506	REDUCE cov: 2899 ft: 10292 corp: 1640/107Kb lim: 1949 exec/s: 1146 rss: 453Mb L: 52/1803 MS: 2 ChangeBinInt-EraseBytes-
#231393	REDUCE cov: 2899 ft: 10292 corp: 1640/107Kb lim: 1949 exec/s: 1151 rss: 453Mb L: 22/1803 MS: 2 ChangeByte-EraseBytes-
#231774	REDUCE cov: 2899 ft: 10292 corp: 1640/107Kb lim: 1949 exec/s: 1147 rss: 453Mb L: 23/1803 MS: 1 EraseBytes-
#232076	REDUCE cov: 2899 ft: 10292 corp: 1640/107Kb lim: 1949 exec/s: 1148 rss: 453Mb L: 7/1803 MS: 2 ChangeBit-EraseBytes-
#232222	REDUCE cov: 2899 ft: 10292 corp: 1640/107Kb lim: 1949 exec/s: 1149 rss: 453Mb L: 52/1803 MS: 1 EraseBytes-
#232968	REDUCE cov: 2899 ft: 10292 corp: 1640/107Kb lim: 1949 exec/s: 1147 rss: 453Mb L: 52/1803 MS: 1 EraseBytes-
#233599	REDUCE cov: 2899 ft: 10292 corp: 1640/107Kb lim: 1949 exec/s: 1150 rss: 453Mb L: 77/1803 MS: 1 EraseBytes-
#233670	REDUCE cov: 2899 ft: 10292 corp: 1640/107Kb lim: 1949 exec/s: 1151 rss: 453Mb L: 30/1803 MS: 1 EraseBytes-
#234267	REDUCE cov: 2899 ft: 10292 corp: 1640/107Kb lim: 1949 exec/s: 1148 rss: 453Mb L: 124/1803 MS: 2 ChangeByte-EraseBytes-
#234279	REDUCE cov: 2899 ft: 10292 corp: 1640/107Kb lim: 1949 exec/s: 1148 rss: 453Mb L: 7/1803 MS: 2 ChangeByte-EraseBytes-
#234487	REDUCE cov: 2899 ft: 10292 corp: 1640/107Kb lim: 1949 exec/s: 1149 rss: 453Mb L: 16/1803 MS: 3 ChangeByte-InsertByte-EraseBytes-
#236478	NEW    cov: 2899 ft: 10303 corp: 1641/107Kb lim: 1959 exec/s: 1147 rss: 453Mb L: 42/1803 MS: 1 ManualDict- DE: "ROUND("-
#237150	NEW    cov: 2899 ft: 10304 corp: 1642/107Kb lim: 1959 exec/s: 1151 rss: 453Mb L: 50/1803 MS: 2 ShuffleBytes-PersAutoDict- DE: "NOT"-
#238203	REDUCE cov: 2899 ft: 10304 corp: 1642/107Kb lim: 1969 exec/s: 1150 rss: 453Mb L: 10/1803 MS: 3 CopyPart-EraseBytes-ChangeBinInt-
#238874	REDUCE cov: 2899 ft: 10304 corp: 1642/107Kb lim: 1969 exec/s: 1148 rss: 453Mb L: 21/1803 MS: 1 EraseBytes-
#239173	REDUCE cov: 2899 ft: 10304 corp: 1642/107Kb lim: 1969 exec/s: 1149 rss: 453Mb L: 113/1803 MS: 4 ChangeBit-CopyPart-PersAutoDict-EraseBytes- DE: "temps"-
#240119	REDUCE cov: 2899 ft: 10304 corp: 1642/107Kb lim: 1969 exec/s: 1148 rss: 453Mb L: 96/1803 MS: 1 EraseBytes-
#240486	REDUCE cov: 2899 ft: 10304 corp: 1642/107Kb lim: 1969 exec/s: 1150 rss: 453Mb L: 14/1803 MS: 2 ChangeBinInt-EraseBytes-
#241582	NEW    cov: 2899 ft: 10305 corp: 1643/107Kb lim: 1979 exec/s: 1150 rss: 453Mb L: 25/1803 MS: 1 PersAutoDict- DE: "LENGTH("-
#242224	REDUCE cov: 2899 ft: 10305 corp: 1643/107Kb lim: 1979 exec/s: 1153 rss: 453Mb L: 38/1803 MS: 2 ChangeBinInt-EraseBytes-
#243196	REDUCE cov: 2899 ft: 10305 corp: 1643/107Kb lim: 1979 exec/s: 1152 rss: 453Mb L: 43/1803 MS: 2 InsertByte-EraseBytes-
#245072	REDUCE cov: 2899 ft: 10305 corp: 1643/107Kb lim: 1989 exec/s: 1150 rss: 453Mb L: 59/1803 MS: 1 EraseBytes-
#245163	REDUCE cov: 2899 ft: 10305 corp: 1643/107Kb lim: 1989 exec/s: 1151 rss: 453Mb L: 313/1803 MS: 1 EraseBytes-
#245799	REDUCE cov: 2899 ft: 10306 corp: 1644/107Kb lim: 1989 exec/s: 1153 rss: 453Mb L: 156/1803 MS: 1 CopyPart-
#246271	REDUCE cov: 2899 ft: 10306 corp: 1644/107Kb lim: 1989 exec/s: 1150 rss: 453Mb L: 47/1803 MS: 2 EraseBytes-ManualDict- DE: "''"-
#246302	REDUCE cov: 2899 ft: 10306 corp: 1644/107Kb lim: 1989 exec/s: 1150 rss: 453Mb L: 258/1803 MS: 1 EraseBytes-
#246843	REDUCE cov: 2899 ft: 10306 corp: 1644/107Kb lim: 1989 exec/s: 1153 rss: 453Mb L: 58/1803 MS: 1 EraseBytes-
#248106	REDUCE cov: 2899 ft: 10306 corp: 1644/107Kb lim: 1999 exec/s: 1153 rss: 453Mb L: 180/1803 MS: 3 ShuffleBytes-ChangeASCIIInt-EraseBytes-
#249463	REDUCE cov: 2899 ft: 10306 corp: 1644/107Kb lim: 2009 exec/s: 1154 rss: 453Mb L: 14/1803 MS: 2 ChangeBit-EraseBytes-
#249863	REDUCE cov: 2899 ft: 10306 corp: 1644/107Kb lim: 2009 exec/s: 1156 rss: 453Mb L: 40/1803 MS: 5 ManualDict-ManualDict-ChangeByte-ChangeByte-EraseBytes- DE: "z"-"NOT"-
#249974	REDUCE cov: 2899 ft: 10306 corp: 1644/107Kb lim: 2009 exec/s: 1151 rss: 453Mb L: 11/1803 MS: 1 EraseBytes-
#250275	REDUCE cov: 2899 ft: 10306 corp: 1644/107Kb lim: 2009 exec/s: 1153 rss: 453Mb L: 4/1803 MS: 1 EraseBytes-
#250852	NEW    cov: 2899 ft: 10307 corp: 1645/107Kb lim: 2009 exec/s: 1156 rss: 453Mb L: 42/1803 MS: 2 ChangeASCIIInt-ChangeByte-
#251109	REDUCE cov: 2899 ft: 10307 corp: 1645/107Kb lim: 2009 exec/s: 1157 rss: 453Mb L: 77/1803 MS: 2 CMP-EraseBytes- DE: "zz"-
#251751	REDUCE cov: 2899 ft: 10307 corp: 1645/107Kb lim: 2009 exec/s: 1154 rss: 453Mb L: 160/1803 MS: 2 ChangeByte-EraseBytes-
#251851	REDUCE cov: 2899 ft: 10307 corp: 1645/107Kb lim: 2009 exec/s: 1155 rss: 453Mb L: 280/1803 MS: 5 EraseBytes-PersAutoDict-EraseBytes-ChangeByte-CopyPart- DE: "REAL"-
#252387	REDUCE cov: 2899 ft: 10307 corp: 1645/107Kb lim: 2009 exec/s: 1157 rss: 453Mb L: 71/1803 MS: 1 EraseBytes-
#252788	REDUCE cov: 2899 ft: 10307 corp: 1645/107Kb lim: 2009 exec/s: 1154 rss: 453Mb L: 50/1803 MS: 1 EraseBytes-
#253090	REDUCE cov: 2899 ft: 10307 corp: 1645/107Kb lim: 2009 exec/s: 1155 rss: 453Mb L: 24/1803 MS: 2 PersAutoDict-EraseBytes- DE: "\000,"-
#253328	REDUCE cov: 2899 ft: 10307 corp: 1645/107Kb lim: 2009 exec/s: 1156 rss: 453Mb L: 135/1803 MS: 3 InsertByte-ChangeByte-EraseBytes-
#253335	REDUCE cov: 2899 ft: 10307 corp: 1645/107Kb lim: 2009 exec/s: 1156 rss: 453Mb L: 49/1803 MS: 2 CrossOver-EraseBytes-
#254146	REDUCE cov: 2899 ft: 10307 corp: 1645/107Kb lim: 2009 exec/s: 1155 rss: 453Mb L: 89/1803 MS: 1 EraseBytes-
#254647	REDUCE cov: 2899 ft: 10307 corp: 1645/107Kb lim: 2009 exec/s: 1157 rss: 453Mb L: 81/1803 MS: 1 EraseBytes-
#254768	REDUCE cov: 2899 ft: 10307 corp: 1645/107Kb lim: 2009 exec/s: 1158 rss: 453Mb L: 35/1803 MS: 1 EraseBytes-
#255244	REDUCE cov: 2899 ft: 10307 corp: 1645/107Kb lim: 2009 exec/s: 1154 rss: 453Mb L: 103/1803 MS: 1 EraseBytes-
#256220	REDUCE cov: 2899 ft: 10307 corp: 1645/107Kb lim: 2009 exec/s: 1154 rss: 453Mb L: 7/1803 MS: 1 EraseBytes-
#256231	REDUCE cov: 2899 ft: 10307 corp: 1645/107Kb lim: 2009 exec/s: 1154 rss: 453Mb L: 11/1803 MS: 1 EraseBytes-
#256657	REDUCE cov: 2899 ft: 10307 corp: 1645/107Kb lim: 2009 exec/s: 1156 rss: 453Mb L: 138/1803 MS: 1 EraseBytes-
#256988	REDUCE cov: 2899 ft: 10307 corp: 1645/107Kb lim: 2009 exec/s: 1157 rss: 453Mb L: 41/1803 MS: 1 EraseBytes-
#257609	NEW    cov: 2899 ft: 10308 corp: 1646/107Kb lim: 2009 exec/s: 1155 rss: 453Mb L: 7/1803 MS: 1 ChangeBit-
#258715	REDUCE cov: 2899 ft: 10308 corp: 1646/107Kb lim: 2019 exec/s: 1154 rss: 453Mb L: 24/1803 MS: 1 EraseBytes-
#259546	REDUCE cov: 2899 ft: 10308 corp: 1646/107Kb lim: 2019 exec/s: 1158 rss: 453Mb L: 77/1803 MS: 1 EraseBytes-
#259882	REDUCE cov: 2899 ft: 10308 corp: 1646/107Kb lim: 2019 exec/s: 1160 rss: 453Mb L: 98/1803 MS: 1 EraseBytes-
#260463	REDUCE cov: 2899 ft: 10308 corp: 1646/107Kb lim: 2019 exec/s: 1157 rss: 453Mb L: 19/1803 MS: 1 EraseBytes-
#260597	REDUCE cov: 2899 ft: 10309 corp: 1647/107Kb lim: 2019 exec/s: 1158 rss: 453Mb L: 366/1803 MS: 4 InsertByte-ChangeASCIIInt-CopyPart-ShuffleBytes-
#260743	REDUCE cov: 2899 ft: 10309 corp: 1647/107Kb lim: 2019 exec/s: 1158 rss: 453Mb L: 134/1803 MS: 1 EraseBytes-
#261856	REDUCE cov: 2899 ft: 10309 corp: 1647/107Kb lim: 2029 exec/s: 1158 rss: 453Mb L: 70/1803 MS: 3 ChangeASCIIInt-ChangeByte-EraseBytes-
#261978	REDUCE cov: 2899 ft: 10309 corp: 1647/107Kb lim: 2029 exec/s: 1159 rss: 453Mb L: 183/1803 MS: 2 ChangeBinInt-EraseBytes-
#262144	pulse  cov: 2899 ft: 10309 corp: 1647/107Kb lim: 2029 exec/s: 1159 rss: 453Mb
#263074	REDUCE cov: 2899 ft: 10309 corp: 1647/107Kb lim: 2039 exec/s: 1158 rss: 453Mb L: 51/1803 MS: 1 EraseBytes-
#263305	REDUCE cov: 2899 ft: 10309 corp: 1647/107Kb lim: 2039 exec/s: 1159 rss: 453Mb L: 20/1803 MS: 1 EraseBytes-
#263711	REDUCE cov: 2899 ft: 10309 corp: 1647/107Kb lim: 2039 exec/s: 1161 rss: 453Mb L: 41/1803 MS: 1 EraseBytes-
#264037	REDUCE cov: 2899 ft: 10309 corp: 1647/107Kb lim: 2039 exec/s: 1158 rss: 453Mb L: 10/1803 MS: 1 EraseBytes-
#264403	REDUCE cov: 2899 ft: 10309 corp: 1647/107Kb lim: 2039 exec/s: 1159 rss: 453Mb L: 37/1803 MS: 1 EraseBytes-
#265376	REDUCE cov: 2899 ft: 10309 corp: 1647/107Kb lim: 2039 exec/s: 1158 rss: 453Mb L: 78/1803 MS: 3 ManualDict-InsertByte-EraseBytes- DE: "DELETE"-
#265882	REDUCE cov: 2899 ft: 10309 corp: 1647/107Kb lim: 2039 exec/s: 1161 rss: 453Mb L: 13/1803 MS: 1 EraseBytes-
#266388	REDUCE cov: 2899 ft: 10309 corp: 1647/107Kb lim: 2039 exec/s: 1158 rss: 453Mb L: 82/1803 MS: 1 EraseBytes-
#267939	REDUCE cov: 2899 ft: 10309 corp: 1647/107Kb lim: 2049 exec/s: 1159 rss: 453Mb L: 26/1803 MS: 1 EraseBytes-
#268179	REDUCE cov: 2899 ft: 10310 corp: 1648/108Kb lim: 2049 exec/s: 1160 rss: 453Mb L: 271/1803 MS: 5 InsertByte-CopyPart-ShuffleBytes-InsertRepeatedBytes-ChangeBinInt-
#268630	REDUCE cov: 2899 ft: 10310 corp: 1648/108Kb lim: 2049 exec/s: 1162 rss: 453Mb L: 9/1803 MS: 1 EraseBytes-
#269231	REDUCE cov: 2899 ft: 10310 corp: 1648/108Kb lim: 2049 exec/s: 1160 rss: 453Mb L: 13/1803 MS: 1 EraseBytes-
#271192	REDUCE cov: 2899 ft: 10310 corp: 1648/108Kb lim: 2060 exec/s: 1163 rss: 453Mb L: 36/1803 MS: 1 EraseBytes-
#271758	REDUCE cov: 2899 ft: 10310 corp: 1648/108Kb lim: 2060 exec/s: 1161 rss: 453Mb L: 31/1803 MS: 1 EraseBytes-
#271974	REDUCE cov: 2899 ft: 10310 corp: 1648/108Kb lim: 2060 exec/s: 1162 rss: 453Mb L: 26/1803 MS: 1 EraseBytes-
#272445	REDUCE cov: 2899 ft: 10310 corp: 1648/108Kb lim: 2060 exec/s: 1164 rss: 453Mb L: 49/1803 MS: 1 EraseBytes-
#272636	REDUCE cov: 2899 ft: 10310 corp: 1648/108Kb lim: 2060 exec/s: 1160 rss: 453Mb L: 63/1803 MS: 1 EraseBytes-
#272758	REDUCE cov: 2899 ft: 10310 corp: 1648/108Kb lim: 2060 exec/s: 1160 rss: 453Mb L: 17/1803 MS: 2 ChangeByte-EraseBytes-
#273106	REDUCE cov: 2899 ft: 10310 corp: 1648/108Kb lim: 2060 exec/s: 1162 rss: 453Mb L: 41/1803 MS: 3 PersAutoDict-InsertByte-EraseBytes- DE: "y"-
#274549	REDUCE cov: 2899 ft: 10310 corp: 1648/108Kb lim: 2071 exec/s: 1163 rss: 453Mb L: 105/1803 MS: 3 CMP-ChangeByte-EraseBytes- DE: "\377\007"-
#274760	REDUCE cov: 2899 ft: 10310 corp: 1648/108Kb lim: 2071 exec/s: 1164 rss: 453Mb L: 18/1803 MS: 1 EraseBytes-
#274961	REDUCE cov: 2899 ft: 10310 corp: 1648/108Kb lim: 2071 exec/s: 1165 rss: 453Mb L: 303/1803 MS: 1 EraseBytes-
#274997	REDUCE cov: 2899 ft: 10310 corp: 1648/108Kb lim: 2071 exec/s: 1165 rss: 453Mb L: 37/1803 MS: 1 EraseBytes-
#275018	REDUCE cov: 2899 ft: 10310 corp: 1648/108Kb lim: 2071 exec/s: 1165 rss: 453Mb L: 15/1803 MS: 1 EraseBytes-
#275139	REDUCE cov: 2899 ft: 10310 corp: 1648/108Kb lim: 2071 exec/s: 1160 rss: 453Mb L: 25/1803 MS: 1 EraseBytes-
#276760	REDUCE cov: 2899 ft: 10310 corp: 1648/108Kb lim: 2082 exec/s: 1162 rss: 453Mb L: 22/1803 MS: 1 EraseBytes-
#278326	REDUCE cov: 2899 ft: 10310 corp: 1648/108Kb lim: 2093 exec/s: 1164 rss: 453Mb L: 21/1803 MS: 1 EraseBytes-
#278770	REDUCE cov: 2899 ft: 10310 corp: 1648/108Kb lim: 2093 exec/s: 1161 rss: 453Mb L: 108/1803 MS: 4 PersAutoDict-CrossOver-CopyPart-EraseBytes- DE: "\000\000\000\000\000\000\000\000"-
#279511	REDUCE cov: 2899 ft: 10310 corp: 1648/108Kb lim: 2093 exec/s: 1164 rss: 453Mb L: 26/1803 MS: 1 EraseBytes-
#279622	REDUCE cov: 2899 ft: 10310 corp: 1648/108Kb lim: 2093 exec/s: 1165 rss: 453Mb L: 8/1803 MS: 1 EraseBytes-
#280228	NEW    cov: 2899 ft: 10311 corp: 1649/108Kb lim: 2093 exec/s: 1162 rss: 453Mb L: 97/1803 MS: 1 ManualDict- DE: "-9223372036854775808"-
#280650	REDUCE cov: 2899 ft: 10311 corp: 1649/108Kb lim: 2093 exec/s: 1164 rss: 453Mb L: 16/1803 MS: 2 ManualDict-EraseBytes- DE: ">="-
#280936	REDUCE cov: 2899 ft: 10311 corp: 1649/108Kb lim: 2093 exec/s: 1165 rss: 453Mb L: 47/1803 MS: 1 EraseBytes-
#282042	REDUCE cov: 2899 ft: 10311 corp: 1649/108Kb lim: 2104 exec/s: 1165 rss: 453Mb L: 65/1803 MS: 1 EraseBytes-
#282933	REDUCE cov: 2899 ft: 10311 corp: 1649/108Kb lim: 2104 exec/s: 1164 rss: 453Mb L: 25/1803 MS: 1 EraseBytes-
#283029	REDUCE cov: 2899 ft: 10311 corp: 1649/108Kb lim: 2104 exec/s: 1164 rss: 453Mb L: 14/1803 MS: 1 EraseBytes-
#283344	REDUCE cov: 2899 ft: 10311 corp: 1649/108Kb lim: 2104 exec/s: 1166 rss: 453Mb L: 34/1803 MS: 5 InsertByte-CMP-ChangeByte-ManualDict-EraseBytes- DE: "\305\000"-"value"-
#285180	REDUCE cov: 2899 ft: 10311 corp: 1649/108Kb lim: 2115 exec/s: 1164 rss: 453Mb L: 13/1803 MS: 1 EraseBytes-
#285277	REDUCE cov: 2899 ft: 10313 corp: 1650/108Kb lim: 2115 exec/s: 1164 rss: 453Mb L: 30/1803 MS: 2 ChangeBinInt-InsertRepeatedBytes-
#285883	REDUCE cov: 2899 ft: 10313 corp: 1650/108Kb lim: 2115 exec/s: 1166 rss: 453Mb L: 32/1803 MS: 1 EraseBytes-
#286039	NEW    cov: 2899 ft: 10318 corp: 1651/108Kb lim: 2115 exec/s: 1167 rss: 453Mb L: 150/1803 MS: 1 CopyPart-
#286561	REDUCE cov: 2899 ft: 10318 corp: 1651/108Kb lim: 2115 exec/s: 1164 rss: 453Mb L: 77/1803 MS: 2 EraseBytes-InsertByte-
#286977	REDUCE cov: 2899 ft: 10318 corp: 1651/108Kb lim: 2115 exec/s: 1166 rss: 453Mb L: 67/1803 MS: 1 EraseBytes-
#287543	REDUCE cov: 2899 ft: 10318 corp: 1651/108Kb lim: 2115 exec/s: 1164 rss: 453Mb L: 4/1803 MS: 1 EraseBytes-
#287654	REDUCE cov: 2899 ft: 10318 corp: 1651/108Kb lim: 2115 exec/s: 1164 rss: 453Mb L: 15/1803 MS: 1 EraseBytes-
#288985	REDUCE cov: 2899 ft: 10318 corp: 1651/108Kb lim: 2126 exec/s: 1165 rss: 453Mb L: 81/1803 MS: 1 EraseBytes-
#289196	REDUCE cov: 2899 ft: 10318 corp: 1651/108Kb lim: 2126 exec/s: 1166 rss: 453Mb L: 50/1803 MS: 1 EraseBytes-
#289972	REDUCE cov: 2899 ft: 10318 corp: 1651/108Kb lim: 2126 exec/s: 1164 rss: 453Mb L: 16/1803 MS: 1 EraseBytes-
#291215	REDUCE cov: 2899 ft: 10318 corp: 1651/108Kb lim: 2137 exec/s: 1164 rss: 453Mb L: 56/1803 MS: 3 PersAutoDict-InsertByte-EraseBytes- DE: "OFFSET"-
#292017	REDUCE cov: 2899 ft: 10318 corp: 1651/108Kb lim: 2137 exec/s: 1168 rss: 453Mb L: 18/1803 MS: 2 ChangeBit-EraseBytes-
#293613	REDUCE cov: 2899 ft: 10318 corp: 1651/108Kb lim: 2148 exec/s: 1169 rss: 453Mb L: 15/1803 MS: 1 EraseBytes-
#293629	REDUCE cov: 2899 ft: 10318 corp: 1651/108Kb lim: 2148 exec/s: 1169 rss: 453Mb L: 7/1803 MS: 1 EraseBytes-
#294200	REDUCE cov: 2899 ft: 10318 corp: 1651/108Kb lim: 2148 exec/s: 1167 rss: 453Mb L: 108/1803 MS: 1 EraseBytes-
#295718	NEW    cov: 2899 ft: 10319 corp: 1652/108Kb lim: 2159 exec/s: 1168 rss: 453Mb L: 156/1803 MS: 3 ChangeBinInt-ChangeByte-ChangeByte-
#296046	REDUCE cov: 2899 ft: 10319 corp: 1652/108Kb lim: 2159 exec/s: 1170 rss: 453Mb L: 7/1803 MS: 3 ChangeBit-ChangeBit-EraseBytes-
#296507	REDUCE cov: 2899 ft: 10319 corp: 1652/108Kb lim: 2159 exec/s: 1167 rss: 453Mb L: 4/1803 MS: 1 EraseBytes-
#297098	REDUCE cov: 2899 ft: 10319 corp: 1652/108Kb lim: 2159 exec/s: 1169 rss: 453Mb L: 61/1803 MS: 1 EraseBytes-
#297427	REDUCE cov: 2899 ft: 10319 corp: 1652/108Kb lim: 2159 exec/s: 1170 rss: 453Mb L: 38/1803 MS: 4 ChangeBit-CrossOver-ChangeByte-EraseBytes-
#297549	REDUCE cov: 2899 ft: 10319 corp: 1652/108Kb lim: 2159 exec/s: 1166 rss: 453Mb L: 23/1803 MS: 2 PersAutoDict-EraseBytes- DE: "b"-
#298005	REDUCE cov: 2899 ft: 10319 corp: 1652/108Kb lim: 2159 exec/s: 1168 rss: 453Mb L: 39/1803 MS: 1 EraseBytes-
#298701	REDUCE cov: 2899 ft: 10319 corp: 1652/108Kb lim: 2159 exec/s: 1171 rss: 453Mb L: 11/1803 MS: 1 EraseBytes-
#298767	REDUCE cov: 2899 ft: 10319 corp: 1652/108Kb lim: 2159 exec/s: 1167 rss: 453Mb L: 17/1803 MS: 1 EraseBytes-
#299666	REDUCE cov: 2899 ft: 10319 corp: 1652/108Kb lim: 2159 exec/s: 1170 rss: 453Mb L: 14/1803 MS: 4 ChangeByte-ChangeByte-InsertByte-EraseBytes-
#300207	REDUCE cov: 2899 ft: 10319 corp: 1652/108Kb lim: 2159 exec/s: 1168 rss: 453Mb L: 10/1803 MS: 1 EraseBytes-
#300343	REDUCE cov: 2899 ft: 10319 corp: 1652/108Kb lim: 2159 exec/s: 1168 rss: 453Mb L: 44/1803 MS: 1 EraseBytes-
#301220	REDUCE cov: 2899 ft: 10319 corp: 1652/108Kb lim: 2159 exec/s: 1172 rss: 453Mb L: 10/1803 MS: 2 InsertByte-EraseBytes-
#303696	REDUCE cov: 2899 ft: 10319 corp: 1652/108Kb lim: 2181 exec/s: 1172 rss: 453Mb L: 46/1803 MS: 1 EraseBytes-
#304032	REDUCE cov: 2899 ft: 10319 corp: 1652/108Kb lim: 2181 exec/s: 1169 rss: 453Mb L: 18/1803 MS: 1 EraseBytes-
#304413	REDUCE cov: 2899 ft: 10319 corp: 1652/108Kb lim: 2181 exec/s: 1170 rss: 453Mb L: 58/1803 MS: 1 EraseBytes-
#304984	REDUCE cov: 2899 ft: 10319 corp: 1652/108Kb lim: 2181 exec/s: 1173 rss: 453Mb L: 10/1803 MS: 1 EraseBytes-
#306001	REDUCE cov: 2899 ft: 10319 corp: 1652/108Kb lim: 2181 exec/s: 1172 rss: 453Mb L: 28/1803 MS: 2 ShuffleBytes-EraseBytes-
#306044	NEW    cov: 2899 ft: 10321 corp: 1653/108Kb lim: 2181 exec/s: 1172 rss: 453Mb L: 98/1803 MS: 3 CrossOver-EraseBytes-EraseBytes-
#306130	REDUCE cov: 2899 ft: 10321 corp: 1653/108Kb lim: 2181 exec/s: 1172 rss: 453Mb L: 15/1803 MS: 1 EraseBytes-
#306141	REDUCE cov: 2899 ft: 10321 corp: 1653/108Kb lim: 2181 exec/s: 1172 rss: 453Mb L: 68/1803 MS: 1 EraseBytes-
#307243	REDUCE cov: 2899 ft: 10321 corp: 1653/108Kb lim: 2181 exec/s: 1172 rss: 453Mb L: 1558/1803 MS: 2 ChangeBit-EraseBytes-
#307379	REDUCE cov: 2899 ft: 10321 corp: 1653/108Kb lim: 2181 exec/s: 1173 rss: 453Mb L: 153/1803 MS: 1 EraseBytes-
#307814	REDUCE cov: 2899 ft: 10321 corp: 1653/108Kb lim: 2181 exec/s: 1170 rss: 453Mb L: 8/1803 MS: 5 InsertByte-ChangeBinInt-ManualDict-ChangeBinInt-EraseBytes- DE: "ABS("-
#309017	REDUCE cov: 2899 ft: 10321 corp: 1653/108Kb lim: 2192 exec/s: 1170 rss: 453Mb L: 14/1803 MS: 3 InsertByte-EraseBytes-EraseBytes-
#309458	REDUCE cov: 2899 ft: 10321 corp: 1653/108Kb lim: 2192 exec/s: 1172 rss: 453Mb L: 30/1803 MS: 1 EraseBytes-
#309477	REDUCE cov: 2899 ft: 10321 corp: 1653/108Kb lim: 2192 exec/s: 1172 rss: 453Mb L: 55/1803 MS: 4 EraseBytes-ManualDict-ChangeBinInt-CopyPart- DE: "t2"-
#309905	REDUCE cov: 2899 ft: 10321 corp: 1653/108Kb lim: 2192 exec/s: 1173 rss: 453Mb L: 205/1803 MS: 3 CrossOver-ChangeBinInt-EraseBytes-
#309981	REDUCE cov: 2899 ft: 10321 corp: 1653/108Kb lim: 2192 exec/s: 1174 rss: 453Mb L: 76/1803 MS: 1 EraseBytes-
#310068	REDUCE cov: 2899 ft: 10321 corp: 1653/108Kb lim: 2192 exec/s: 1174 rss: 453Mb L: 85/1803 MS: 2 EraseBytes-CopyPart-
#310358	REDUCE cov: 2899 ft: 10321 corp: 1653/108Kb lim: 2192 exec/s: 1171 rss: 453Mb L: 10/1803 MS: 5 ChangeBinInt-ChangeByte-ChangeBit-EraseBytes-EraseBytes-
#310448	REDUCE cov: 2899 ft: 10321 corp: 1653/108Kb lim: 2192 exec/s: 1171 rss: 453Mb L: 180/1803 MS: 5 CMP-PersAutoDict-InsertByte-InsertByte-EraseBytes- DE: "S\000"-"ABS("-
#310794	REDUCE cov: 2899 ft: 10321 corp: 1653/108Kb lim: 2192 exec/s: 1172 rss: 453Mb L: 14/1803 MS: 1 EraseBytes-
#310857	NEW    cov: 2899 ft: 10323 corp: 1654/110Kb lim: 2192 exec/s: 1173 rss: 453Mb L: 2115/2115 MS: 3 InsertRepeatedBytes-InsertByte-CopyPart-
#311193	REDUCE cov: 2899 ft: 10323 corp: 1654/110Kb lim: 2192 exec/s: 1174 rss: 453Mb L: 50/2115 MS: 1 EraseBytes-
#311239	REDUCE cov: 2899 ft: 10323 corp: 1654/110Kb lim: 2192 exec/s: 1174 rss: 453Mb L: 13/2115 MS: 1 EraseBytes-
#311312	REDUCE cov: 2899 ft: 10323 corp: 1654/110Kb lim: 2192 exec/s: 1174 rss: 453Mb L: 10/2115 MS: 3 PersAutoDict-PersAutoDict-EraseBytes- DE: "ROUND("-"''"-
#312376	REDUCE cov: 2899 ft: 10323 corp: 1654/110Kb lim: 2192 exec/s: 1174 rss: 453Mb L: 88/2115 MS: 4 EraseBytes-CopyPart-InsertRepeatedBytes-EraseBytes-
#313644	REDUCE cov: 2899 ft: 10323 corp: 1654/110Kb lim: 2203 exec/s: 1174 rss: 453Mb L: 47/2115 MS: 3 InsertByte-ShuffleBytes-EraseBytes-
#315575	REDUCE cov: 2899 ft: 10323 corp: 1654/110Kb lim: 2214 exec/s: 1173 rss: 453Mb L: 334/2115 MS: 1 EraseBytes-
#315600	REDUCE cov: 2899 ft: 10323 corp: 1654/110Kb lim: 2214 exec/s: 1173 rss: 453Mb L: 912/2115 MS: 5 ChangeBit-InsertByte-ChangeBinInt-PersAutoDict-EraseBytes- DE: "ROUND("-
#316167	REDUCE cov: 2899 ft: 10323 corp: 1654/110Kb lim: 2214 exec/s: 1175 rss: 453Mb L: 32/2115 MS: 2 ChangeBit-EraseBytes-
#316678	REDUCE cov: 2899 ft: 10323 corp: 1654/110Kb lim: 2214 exec/s: 1172 rss: 453Mb L: 68/2115 MS: 1 EraseBytes-
#316869	REDUCE cov: 2899 ft: 10323 corp: 1654/110Kb lim: 2214 exec/s: 1173 rss: 453Mb L: 31/2115 MS: 1 EraseBytes-
#316931	REDUCE cov: 2899 ft: 10323 corp: 1654/110Kb lim: 2214 exec/s: 1173 rss: 453Mb L: 2/2115 MS: 2 InsertByte-EraseBytes-
#317202	REDUCE cov: 2899 ft: 10323 corp: 1654/110Kb lim: 2214 exec/s: 1174 rss: 453Mb L: 142/2115 MS: 1 EraseBytes-
#317529	REDUCE cov: 2899 ft: 10323 corp: 1654/110Kb lim: 2214 exec/s: 1171 rss: 453Mb L: 36/2115 MS: 2 CopyPart-EraseBytes-
#318435	REDUCE cov: 2899 ft: 10323 corp: 1654/110Kb lim: 2214 exec/s: 1175 rss: 453Mb L: 20/2115 MS: 1 EraseBytes-
#318596	REDUCE cov: 2899 ft: 10323 corp: 1654/110Kb lim: 2214 exec/s: 1175 rss: 453Mb L: 14/2115 MS: 1 EraseBytes-
#318737	NEW    cov: 2899 ft: 10324 corp: 1655/110Kb lim: 2214 exec/s: 1176 rss: 453Mb L: 157/2115 MS: 1 ManualDict- DE: "NOT"-
#319943	REDUCE cov: 2899 ft: 10324 corp: 1655/110Kb lim: 2225 exec/s: 1176 rss: 453Mb L: 34/2115 MS: 1 EraseBytes-
#321694	REDUCE cov: 2899 ft: 10324 corp: 1655/110Kb lim: 2236 exec/s: 1174 rss: 453Mb L: 203/2115 MS: 1 EraseBytes-
#322156	REDUCE cov: 2899 ft: 10324 corp: 1655/110Kb lim: 2236 exec/s: 1175 rss: 453Mb L: 4/2115 MS: 2 InsertByte-EraseBytes-
#322167	NEW    cov: 2899 ft: 10327 corp: 1656/110Kb lim: 2236 exec/s: 1175 rss: 453Mb L: 99/2115 MS: 1 ChangeASCIIInt-
#322623	REDUCE cov: 2899 ft: 10327 corp: 1656/110Kb lim: 2236 exec/s: 1173 rss: 453Mb L: 90/2115 MS: 1 EraseBytes-
#322889	REDUCE cov: 2899 ft: 10327 corp: 1656/110Kb lim: 2236 exec/s: 1174 rss: 453Mb L: 12/2115 MS: 1 EraseBytes-
#323853	NEW    cov: 2899 ft: 10328 corp: 1657/110Kb lim: 2236 exec/s: 1173 rss: 453Mb L: 25/2115 MS: 4 ChangeByte-InsertByte-PersAutoDict-ChangeBit- DE: "kv"-
#324449	REDUCE cov: 2899 ft: 10328 corp: 1657/110Kb lim: 2236 exec/s: 1175 rss: 453Mb L: 174/2115 MS: 1 EraseBytes-
#324541	REDUCE cov: 2899 ft: 10328 corp: 1657/110Kb lim: 2236 exec/s: 1175 rss: 453Mb L: 12/2115 MS: 2 CopyPart-EraseBytes-
#324907	NEW    cov: 2899 ft: 10330 corp: 1658/110Kb lim: 2236 exec/s: 1177 rss: 453Mb L: 84/2115 MS: 1 PersAutoDict- DE: "z"-
#325728	REDUCE cov: 2899 ft: 10330 corp: 1658/110Kb lim: 2236 exec/s: 1175 rss: 453Mb L: 18/2115 MS: 1 EraseBytes-
#326314	REDUCE cov: 2899 ft: 10330 corp: 1658/110Kb lim: 2236 exec/s: 1173 rss: 453Mb L: 17/2115 MS: 1 EraseBytes-
#326516	REDUCE cov: 2899 ft: 10330 corp: 1658/110Kb lim: 2236 exec/s: 1174 rss: 453Mb L: 16/2115 MS: 2 InsertByte-EraseBytes-
#327532	REDUCE cov: 2899 ft: 10330 corp: 1658/110Kb lim: 2236 exec/s: 1173 rss: 453Mb L: 66/2115 MS: 1 EraseBytes-
#328570	REDUCE cov: 2899 ft: 10330 corp: 1658/110Kb lim: 2236 exec/s: 1173 rss: 453Mb L: 632/2115 MS: 3 ManualDict-CMP-EraseBytes- DE: "ORDER"-"!\001"-
#328816	REDUCE cov: 2899 ft: 10330 corp: 1658/110Kb lim: 2236 exec/s: 1174 rss: 453Mb L: 9/2115 MS: 1 EraseBytes-
#329305	REDUCE cov: 2899 ft: 10330 corp: 1658/110Kb lim: 2236 exec/s: 1176 rss: 453Mb L: 19/2115 MS: 4 ChangeByte-ChangeBinInt-EraseBytes-PersAutoDict- DE: "y"-
#329961	REDUCE cov: 2899 ft: 10330 corp: 1658/110Kb lim: 2236 exec/s: 1174 rss: 453Mb L: 63/2115 MS: 1 EraseBytes-
#330202	REDUCE cov: 2899 ft: 10330 corp: 1658/110Kb lim: 2236 exec/s: 1175 rss: 453Mb L: 25/2115 MS: 1 EraseBytes-
#330287	REDUCE cov: 2899 ft: 10330 corp: 1658/110Kb lim: 2236 exec/s: 1175 rss: 453Mb L: 113/2115 MS: 5 InsertRepeatedBytes-InsertByte-CMP-InsertByte-EraseBytes- DE: "\277\326q\326<V\000\000"-
#331969	REDUCE cov: 2899 ft: 10330 corp: 1658/110Kb lim: 2247 exec/s: 1177 rss: 453Mb L: 9/2115 MS: 2 ChangeBit-EraseBytes-
#332015	REDUCE cov: 2899 ft: 10330 corp: 1658/110Kb lim: 2247 exec/s: 1177 rss: 453Mb L: 24/2115 MS: 1 EraseBytes-
#332554	REDUCE cov: 2899 ft: 10330 corp: 1658/110Kb lim: 2247 exec/s: 1175 rss: 453Mb L: 10/2115 MS: 4 EraseBytes-EraseBytes-ShuffleBytes-ChangeBit-
#332630	REDUCE cov: 2899 ft: 10330 corp: 1658/110Kb lim: 2247 exec/s: 1175 rss: 453Mb L: 19/2115 MS: 1 EraseBytes-
#332646	REDUCE cov: 2899 ft: 10330 corp: 1658/110Kb lim: 2247 exec/s: 1175 rss: 453Mb L: 104/2115 MS: 1 EraseBytes-
#334067	REDUCE cov: 2899 ft: 10330 corp: 1658/110Kb lim: 2258 exec/s: 1176 rss: 453Mb L: 147/2115 MS: 1 EraseBytes-
#334828	REDUCE cov: 2899 ft: 10330 corp: 1658/110Kb lim: 2258 exec/s: 1174 rss: 453Mb L: 113/2115 MS: 1 EraseBytes-
#335019	REDUCE cov: 2899 ft: 10330 corp: 1658/110Kb lim: 2258 exec/s: 1175 rss: 453Mb L: 20/2115 MS: 1 EraseBytes-
#335755	REDUCE cov: 2899 ft: 10330 corp: 1658/110Kb lim: 2258 exec/s: 1178 rss: 453Mb L: 34/2115 MS: 1 EraseBytes-
#335927	NEW    cov: 2899 ft: 10343 corp: 1659/110Kb lim: 2258 exec/s: 1174 rss: 453Mb L: 100/2115 MS: 2 ShuffleBytes-CopyPart-
#336485	REDUCE cov: 2899 ft: 10343 corp: 1659/110Kb lim: 2258 exec/s: 1176 rss: 453Mb L: 14/2115 MS: 3 PersAutoDict-EraseBytes-CMP- DE: "temps"-"ASQLTREA"-
#337102	REDUCE cov: 2899 ft: 10343 corp: 1659/110Kb lim: 2258 exec/s: 1174 rss: 453Mb L: 10/2115 MS: 2 ChangeBinInt-EraseBytes-
#338763	REDUCE cov: 2899 ft: 10343 corp: 1659/110Kb lim: 2269 exec/s: 1176 rss: 453Mb L: 41/2115 MS: 1 EraseBytes-
#338764	NEW    cov: 2899 ft: 10344 corp: 1660/110Kb lim: 2269 exec/s: 1176 rss: 453Mb L: 44/2115 MS: 1 ShuffleBytes-
#340791	NEW    cov: 2899 ft: 10346 corp: 1661/110Kb lim: 2280 exec/s: 1175 rss: 453Mb L: 101/2115 MS: 2 CMP-InsertByte- DE: "\001\000V<\326k@\340"-
#340963	REDUCE cov: 2899 ft: 10346 corp: 1661/110Kb lim: 2280 exec/s: 1175 rss: 453Mb L: 49/2115 MS: 2 PersAutoDict-EraseBytes- DE: "-9223372036854775808"-
#341261	REDUCE cov: 2899 ft: 10346 corp: 1661/110Kb lim: 2280 exec/s: 1176 rss: 453Mb L: 72/2115 MS: 3 PersAutoDict-ManualDict-EraseBytes- DE: "TABLE"-"LOWER("-
#341388	REDUCE cov: 2899 ft: 10346 corp: 1661/110Kb lim: 2280 exec/s: 1177 rss: 453Mb L: 73/2115 MS: 2 ChangeASCIIInt-EraseBytes-
#341587	REDUCE cov: 2899 ft: 10347 corp: 1662/111Kb lim: 2280 exec/s: 1177 rss: 453Mb L: 1116/2115 MS: 4 CopyPart-ChangeBinInt-InsertRepeatedBytes-CopyPart-
#342038	REDUCE cov: 2899 ft: 10351 corp: 1663/111Kb lim: 2280 exec/s: 1175 rss: 453Mb L: 41/2115 MS: 1 ChangeBit-
#342324	REDUCE cov: 2899 ft: 10351 corp: 1663/111Kb lim: 2280 exec/s: 1176 rss: 453Mb L: 54/2115 MS: 1 EraseBytes-
#342977	REDUCE cov: 2899 ft: 10351 corp: 1663/111Kb lim: 2280 exec/s: 1178 rss: 453Mb L: 10/2115 MS: 3 CopyPart-ChangeBinInt-EraseBytes-
#343343	REDUCE cov: 2899 ft: 10351 corp: 1663/111Kb lim: 2280 exec/s: 1175 rss: 453Mb L: 31/2115 MS: 1 EraseBytes-
#344464	REDUCE cov: 2899 ft: 10351 corp: 1663/111Kb lim: 2291 exec/s: 1175 rss: 453Mb L: 44/2115 MS: 1 EraseBytes-
#345365	REDUCE cov: 2899 ft: 10351 corp: 1663/111Kb lim: 2291 exec/s: 1178 rss: 453Mb L: 36/2115 MS: 1 EraseBytes-
#346156	REDUCE cov: 2899 ft: 10351 corp: 1663/111Kb lim: 2291 exec/s: 1177 rss: 453Mb L: 724/2115 MS: 1 EraseBytes-
#346437	REDUCE cov: 2899 ft: 10351 corp: 1663/111Kb lim: 2291 exec/s: 1178 rss: 453Mb L: 15/2115 MS: 1 EraseBytes-
#346438	REDUCE cov: 2899 ft: 10351 corp: 1663/111Kb lim: 2291 exec/s: 1178 rss: 453Mb L: 61/2115 MS: 1 EraseBytes-
#346553	NEW    cov: 2899 ft: 10352 corp: 1664/111Kb lim: 2291 exec/s: 1178 rss: 453Mb L: 34/2115 MS: 5 ChangeBinInt-ShuffleBytes-PersAutoDict-CMP-ShuffleBytes- DE: "SELECT"-"\003\000\000\000\007\000\000\000\000\000\010 _\240\002B\004it's"-
#347689	REDUCE cov: 2899 ft: 10352 corp: 1664/111Kb lim: 2302 exec/s: 1178 rss: 453Mb L: 19/2115 MS: 1 EraseBytes-
#349195	REDUCE cov: 2899 ft: 10352 corp: 1664/111Kb lim: 2313 exec/s: 1175 rss: 453Mb L: 5/2115 MS: 1 EraseBytes-
#349221	REDUCE cov: 2899 ft: 10352 corp: 1664/111Kb lim: 2313 exec/s: 1175 rss: 453Mb L: 135/2115 MS: 1 EraseBytes-
#349403	REDUCE cov: 2899 ft: 10352 corp: 1664/111Kb lim: 2313 exec/s: 1176 rss: 453Mb L: 21/2115 MS: 2 CrossOver-EraseBytes-
#349739	REDUCE cov: 2899 ft: 10352 corp: 1664/111Kb lim: 2313 exec/s: 1177 rss: 453Mb L: 117/2115 MS: 1 EraseBytes-
#350589	REDUCE cov: 2899 ft: 10352 corp: 1664/111Kb lim: 2313 exec/s: 1176 rss: 453Mb L: 1313/2115 MS: 5 CopyPart-ChangeASCIIInt-PersAutoDict-ChangeByte-EraseBytes- DE: "SUM("-
#351117	REDUCE cov: 2899 ft: 10352 corp: 1664/111Kb lim: 2313 exec/s: 1178 rss: 453Mb L: 22/2115 MS: 3 CMP-EraseBytes-EraseBytes- DE: "\377\003"-
#351603	REDUCE cov: 2899 ft: 10352 corp: 1664/111Kb lim: 2313 exec/s: 1175 rss: 453Mb L: 31/2115 MS: 1 EraseBytes-
#352044	NEW    cov: 2900 ft: 10353 corp: 1665/111Kb lim: 2313 exec/s: 1177 rss: 453Mb L: 28/2115 MS: 1 ChangeBinInt-
#352176	REDUCE cov: 2900 ft: 10353 corp: 1665/111Kb lim: 2313 exec/s: 1177 rss: 453Mb L: 104/2115 MS: 2 InsertByte-EraseBytes-
#352300	REDUCE cov: 2900 ft: 10355 corp: 1666/111Kb lim: 2313 exec/s: 1178 rss: 453Mb L: 192/2115 MS: 4 ManualDict-ManualDict-ChangeBit-InsertRepeatedBytes- DE: "ROUND("-"INT"-
#352316	REDUCE cov: 2900 ft: 10355 corp: 1666/111Kb lim: 2313 exec/s: 1178 rss: 453Mb L: 9/2115 MS: 1 EraseBytes-
#353002	REDUCE cov: 2900 ft: 10355 corp: 1666/111Kb lim: 2313 exec/s: 1176 rss: 453Mb L: 7/2115 MS: 1 EraseBytes-
#353018	REDUCE cov: 2900 ft: 10358 corp: 1667/111Kb lim: 2313 exec/s: 1176 rss: 453Mb L: 16/2115 MS: 1 ChangeBit-
#353089	REDUCE cov: 2900 ft: 10358 corp: 1667/111Kb lim: 2313 exec/s: 1176 rss: 453Mb L: 17/2115 MS: 1 EraseBytes-
#353130	REDUCE cov: 2900 ft: 10358 corp: 1667/111Kb lim: 2313 exec/s: 1177 rss: 453Mb L: 7/2115 MS: 1 EraseBytes-
#353516	REDUCE cov: 2900 ft: 10358 corp: 1667/111Kb lim: 2313 exec/s: 1178 rss: 453Mb L: 46/2115 MS: 1 EraseBytes-
#354152	REDUCE cov: 2900 ft: 10358 corp: 1667/111Kb lim: 2313 exec/s: 1176 rss: 453Mb L: 34/2115 MS: 1 EraseBytes-
#355251	REDUCE cov: 2900 ft: 10358 corp: 1667/111Kb lim: 2313 exec/s: 1180 rss: 453Mb L: 49/2115 MS: 4 ChangeBinInt-CMP-CopyPart-EraseBytes- DE: "\005\001i\035c\177\000\000"-
#355733	NEW    cov: 2901 ft: 10359 corp: 1668/111Kb lim: 2313 exec/s: 1177 rss: 453Mb L: 52/2115 MS: 2 PersAutoDict-CMP- DE: "t1"-"\001\000V<\326q\222\220"-
#356752	REDUCE cov: 2901 ft: 10359 corp: 1668/111Kb lim: 2313 exec/s: 1177 rss: 453Mb L: 63/2115 MS: 4 CopyPart-ShuffleBytes-InsertRepeatedBytes-EraseBytes-
#357127	REDUCE cov: 2901 ft: 10359 corp: 1668/111Kb lim: 2313 exec/s: 1178 rss: 453Mb L: 22/2115 MS: 5 PersAutoDict-PersAutoDict-ChangeBinInt-ChangeASCIIInt-EraseBytes- DE: "NOT"-"LENGTH("-
#358513	REDUCE cov: 2901 ft: 10359 corp: 1668/111Kb lim: 2324 exec/s: 1179 rss: 453Mb L: 14/2115 MS: 1 EraseBytes-
#358939	REDUCE cov: 2901 ft: 10359 corp: 1668/111Kb lim: 2324 exec/s: 1176 rss: 453Mb L: 34/2115 MS: 1 EraseBytes-
#359656	REDUCE cov: 2901 ft: 10359 corp: 1668/111Kb lim: 2324 exec/s: 1179 rss: 453Mb L: 59/2115 MS: 2 ChangeByte-EraseBytes-
#359742	REDUCE cov: 2901 ft: 10359 corp: 1668/111Kb lim: 2324 exec/s: 1179 rss: 453Mb L: 33/2115 MS: 1 EraseBytes-
#361608	REDUCE cov: 2901 ft: 10359 corp: 1668/111Kb lim: 2335 exec/s: 1177 rss: 453Mb L: 53/2115 MS: 1 EraseBytes-
#362339	REDUCE cov: 2901 ft: 10359 corp: 1668/111Kb lim: 2335 exec/s: 1180 rss: 453Mb L: 44/2115 MS: 1 EraseBytes-
#362375	REDUCE cov: 2901 ft: 10359 corp: 1668/111Kb lim: 2335 exec/s: 1180 rss: 453Mb L: 20/2115 MS: 1 EraseBytes-
#362581	REDUCE cov: 2901 ft: 10359 corp: 1668/111Kb lim: 2335 exec/s: 1177 rss: 453Mb L: 162/2115 MS: 1 EraseBytes-
#362587	REDUCE cov: 2901 ft: 10359 corp: 1668/111Kb lim: 2335 exec/s: 1177 rss: 453Mb L: 41/2115 MS: 1 EraseBytes-
#362775	REDUCE cov: 2901 ft: 10359 corp: 1668/111Kb lim: 2335 exec/s: 1177 rss: 453Mb L: 105/2115 MS: 3 CopyPart-ChangeBinInt-EraseBytes-
#364651	REDUCE cov: 2901 ft: 10359 corp: 1668/111Kb lim: 2346 exec/s: 1180 rss: 453Mb L: 4/2115 MS: 1 EraseBytes-
#365720	NEW    cov: 2901 ft: 10363 corp: 1669/113Kb lim: 2346 exec/s: 1179 rss: 453Mb L: 1527/2115 MS: 4 CrossOver-InsertByte-ChangeByte-CopyPart-
#366456	REDUCE cov: 2901 ft: 10363 corp: 1669/113Kb lim: 2346 exec/s: 1178 rss: 453Mb L: 37/2115 MS: 1 EraseBytes-
#366592	REDUCE cov: 2901 ft: 10363 corp: 1669/113Kb lim: 2346 exec/s: 1178 rss: 453Mb L: 16/2115 MS: 1 EraseBytes-
#367538	REDUCE cov: 2901 ft: 10363 corp: 1669/113Kb lim: 2346 exec/s: 1178 rss: 453Mb L: 34/2115 MS: 1 EraseBytes-
#368121	REDUCE cov: 2901 ft: 10363 corp: 1669/113Kb lim: 2346 exec/s: 1179 rss: 453Mb L: 90/2115 MS: 3 ChangeASCIIInt-ChangeASCIIInt-EraseBytes-
#368302	NEW    cov: 2902 ft: 10364 corp: 1670/113Kb lim: 2346 exec/s: 1180 rss: 453Mb L: 60/2115 MS: 1 PersAutoDict- DE: "LENGTH("-
#369588	REDUCE cov: 2902 ft: 10364 corp: 1670/113Kb lim: 2357 exec/s: 1180 rss: 453Mb L: 23/2115 MS: 1 EraseBytes-
#369939	REDUCE cov: 2902 ft: 10364 corp: 1670/113Kb lim: 2357 exec/s: 1178 rss: 453Mb L: 9/2115 MS: 1 EraseBytes-
#370660	REDUCE cov: 2902 ft: 10364 corp: 1670/113Kb lim: 2357 exec/s: 1180 rss: 453Mb L: 103/2115 MS: 1 EraseBytes-
#371366	REDUCE cov: 2902 ft: 10364 corp: 1670/113Kb lim: 2357 exec/s: 1178 rss: 453Mb L: 9/2115 MS: 1 EraseBytes-
#371622	REDUCE cov: 2902 ft: 10364 corp: 1670/113Kb lim: 2357 exec/s: 1179 rss: 453Mb L: 18/2115 MS: 1 EraseBytes-
#371868	REDUCE cov: 2902 ft: 10364 corp: 1670/113Kb lim: 2357 exec/s: 1180 rss: 453Mb L: 10/2115 MS: 1 EraseBytes-
#372009	REDUCE cov: 2902 ft: 10364 corp: 1670/113Kb lim: 2357 exec/s: 1180 rss: 453Mb L: 22/2115 MS: 1 EraseBytes-
#372185	REDUCE cov: 2902 ft: 10364 corp: 1670/113Kb lim: 2357 exec/s: 1177 rss: 453Mb L: 48/2115 MS: 1 EraseBytes-
#372638	REDUCE cov: 2902 ft: 10364 corp: 1670/113Kb lim: 2357 exec/s: 1179 rss: 453Mb L: 9/2115 MS: 3 ChangeBit-ChangeBinInt-EraseBytes-
#372656	NEW    cov: 2902 ft: 10365 corp: 1671/113Kb lim: 2357 exec/s: 1179 rss: 453Mb L: 142/2115 MS: 3 CopyPart-EraseBytes-CrossOver-
#373337	REDUCE cov: 2902 ft: 10366 corp: 1672/113Kb lim: 2357 exec/s: 1177 rss: 453Mb L: 103/2115 MS: 1 CMP- DE: "\001\000\000\000\002\000\000\000\000\000\000\000\000\000\004\300\001b"-
#374418	REDUCE cov: 2902 ft: 10366 corp: 1672/113Kb lim: 2357 exec/s: 1181 rss: 453Mb L: 10/2115 MS: 1 EraseBytes-
#374514	NEW    cov: 2902 ft: 10367 corp: 1673/113Kb lim: 2357 exec/s: 1177 rss: 453Mb L: 36/2115 MS: 1 CrossOver-
#375496	REDUCE cov: 2902 ft: 10367 corp: 1673/113Kb lim: 2357 exec/s: 1180 rss: 453Mb L: 125/2115 MS: 2 ManualDict-EraseBytes- DE: "d"-
#375727	REDUCE cov: 2902 ft: 10367 corp: 1673/113Kb lim: 2357 exec/s: 1177 rss: 453Mb L: 14/2115 MS: 1 EraseBytes-
#376488	REDUCE cov: 2902 ft: 10367 corp: 1673/113Kb lim: 2357 exec/s: 1180 rss: 453Mb L: 12/2115 MS: 1 EraseBytes-
#376789	REDUCE cov: 2902 ft: 10367 corp: 1673/113Kb lim: 2357 exec/s: 1181 rss: 453Mb L: 4/2115 MS: 1 EraseBytes-
#377111	REDUCE cov: 2902 ft: 10367 corp: 1673/113Kb lim: 2357 exec/s: 1178 rss: 453Mb L: 231/2115 MS: 2 ChangeASCIIInt-EraseBytes-
#377157	REDUCE cov: 2902 ft: 10367 corp: 1673/113Kb lim: 2357 exec/s: 1178 rss: 453Mb L: 11/2115 MS: 1 EraseBytes-
#377653	REDUCE cov: 2902 ft: 10367 corp: 1673/113Kb lim: 2357 exec/s: 1180 rss: 453Mb L: 8/2115 MS: 1 EraseBytes-
#378220	REDUCE cov: 2902 ft: 10367 corp: 1673/113Kb lim: 2357 exec/s: 1178 rss: 453Mb L: 14/2115 MS: 2 ChangeByte-EraseBytes-
#378593	REDUCE cov: 2902 ft: 10367 corp: 1673/113Kb lim: 2357 exec/s: 1179 rss: 453Mb L: 38/2115 MS: 3 InsertByte-CMP-EraseBytes- DE: "\001\000V<\326o>\232"-
#378669	REDUCE cov: 2902 ft: 10367 corp: 1673/113Kb lim: 2357 exec/s: 1179 rss: 453Mb L: 11/2115 MS: 1 EraseBytes-
#379530	REDUCE cov: 2902 ft: 10367 corp: 1673/113Kb lim: 2357 exec/s: 1178 rss: 453Mb L: 60/2115 MS: 1 EraseBytes-
#380426	REDUCE cov: 2902 ft: 10367 corp: 1673/113Kb lim: 2357 exec/s: 1181 rss: 453Mb L: 56/2115 MS: 1 EraseBytes-
#380743	REDUCE cov: 2902 ft: 10367 corp: 1673/113Kb lim: 2357 exec/s: 1178 rss: 453Mb L: 32/2115 MS: 2 ChangeByte-EraseBytes-
#380769	REDUCE cov: 2902 ft: 10367 corp: 1673/113Kb lim: 2357 exec/s: 1178 rss: 453Mb L: 90/2115 MS: 1 EraseBytes-
#382102	REDUCE cov: 2902 ft: 10368 corp: 1674/113Kb lim: 2368 exec/s: 1179 rss: 453Mb L: 208/2115 MS: 3 InsertRepeatedBytes-InsertRepeatedBytes-ManualDict- DE: "temps"-
#382723	NEW    cov: 2903 ft: 10369 corp: 1675/113Kb lim: 2368 exec/s: 1181 rss: 453Mb L: 36/2115 MS: 1 ChangeBit-
#382749	REDUCE cov: 2903 ft: 10369 corp: 1675/113Kb lim: 2368 exec/s: 1181 rss: 453Mb L: 51/2115 MS: 1 EraseBytes-
#383215	NEW    cov: 2903 ft: 10372 corp: 1676/115Kb lim: 2368 exec/s: 1179 rss: 453Mb L: 1649/2115 MS: 1 CopyPart-
#383466	REDUCE cov: 2903 ft: 10372 corp: 1676/115Kb lim: 2368 exec/s: 1179 rss: 453Mb L: 354/2115 MS: 1 EraseBytes-
#383683	REDUCE cov: 2903 ft: 10372 corp: 1676/115Kb lim: 2368 exec/s: 1180 rss: 453Mb L: 53/2115 MS: 2 ShuffleBytes-EraseBytes-
#383710	REDUCE cov: 2903 ft: 10372 corp: 1676/115Kb lim: 2368 exec/s: 1180 rss: 453Mb L: 106/2115 MS: 2 ShuffleBytes-EraseBytes-
#383966	REDUCE cov: 2903 ft: 10372 corp: 1676/115Kb lim: 2368 exec/s: 1181 rss: 453Mb L: 62/2115 MS: 1 EraseBytes-
#384192	REDUCE cov: 2903 ft: 10372 corp: 1676/115Kb lim: 2368 exec/s: 1182 rss: 453Mb L: 16/2115 MS: 1 EraseBytes-
#384344	REDUCE cov: 2903 ft: 10372 corp: 1676/115Kb lim: 2368 exec/s: 1182 rss: 453Mb L: 97/2115 MS: 2 EraseBytes-CopyPart-
#384395	REDUCE cov: 2903 ft: 10372 corp: 1676/115Kb lim: 2368 exec/s: 1179 rss: 453Mb L: 7/2115 MS: 1 EraseBytes-
#385356	REDUCE cov: 2903 ft: 10372 corp: 1676/115Kb lim: 2368 exec/s: 1182 rss: 453Mb L: 29/2115 MS: 1 EraseBytes-
#385470	REDUCE cov: 2903 ft: 10372 corp: 1676/115Kb lim: 2368 exec/s: 1182 rss: 453Mb L: 292/2115 MS: 4 InsertRepeatedBytes-ShuffleBytes-ChangeBit-EraseBytes-
#385554	REDUCE cov: 2903 ft: 10372 corp: 1676/115Kb lim: 2368 exec/s: 1182 rss: 453Mb L: 387/2115 MS: 4 ManualDict-EraseBytes-ManualDict-CopyPart- DE: "LENGTH("-"LIKE"-
#385726	REDUCE cov: 2903 ft: 10372 corp: 1676/115Kb lim: 2368 exec/s: 1179 rss: 453Mb L: 32/2115 MS: 2 ChangeBinInt-EraseBytes-
#386405	REDUCE cov: 2903 ft: 10372 corp: 1676/115Kb lim: 2368 exec/s: 1181 rss: 453Mb L: 13/2115 MS: 3 InsertByte-CMP-EraseBytes- DE: "\000\000\000\000\000\000\000\000"-
#386662	REDUCE cov: 2903 ft: 10372 corp: 1676/115Kb lim: 2368 exec/s: 1182 rss: 453Mb L: 48/2115 MS: 2 ChangeBit-EraseBytes-
#386878	REDUCE cov: 2903 ft: 10372 corp: 1676/115Kb lim: 2368 exec/s: 1179 rss: 453Mb L: 20/2115 MS: 1 EraseBytes-
#387810	REDUCE cov: 2903 ft: 10372 corp: 1676/115Kb lim: 2368 exec/s: 1182 rss: 453Mb L: 43/2115 MS: 2 InsertByte-EraseBytes-
#387979	REDUCE cov: 2903 ft: 10372 corp: 1676/115Kb lim: 2368 exec/s: 1179 rss: 453Mb L: 179/2115 MS: 4 ManualDict-ChangeByte-PersAutoDict-EraseBytes- DE: "<="-"*"-
#388077	REDUCE cov: 2903 ft: 10372 corp: 1676/115Kb lim: 2368 exec/s: 1179 rss: 453Mb L: 159/2115 MS: 3 ManualDict-ChangeBit-EraseBytes- DE: "COUNT("-
#388800	REDUCE cov: 2903 ft: 10372 corp: 1676/115Kb lim: 2368 exec/s: 1181 rss: 453Mb L: 133/2115 MS: 3 ManualDict-ChangeBinInt-EraseBytes- DE: "time"-
#389131	REDUCE cov: 2903 ft: 10372 corp: 1676/115Kb lim: 2368 exec/s: 1182 rss: 453Mb L: 203/2115 MS: 1 EraseBytes-
#389959	REDUCE cov: 2903 ft: 10372 corp: 1676/114Kb lim: 2368 exec/s: 1181 rss: 453Mb L: 68/2115 MS: 3 PersAutoDict-PersAutoDict-EraseBytes- DE: "v"-"\000,"-
#390017	REDUCE cov: 2903 ft: 10372 corp: 1676/114Kb lim: 2368 exec/s: 1181 rss: 453Mb L: 12/2115 MS: 3 ShuffleBytes-ShuffleBytes-EraseBytes-
#390493	NEW    cov: 2903 ft: 10374 corp: 1677/115Kb lim: 2368 exec/s: 1179 rss: 453Mb L: 63/2115 MS: 1 ManualDict- DE: "?"-
#390791	REDUCE cov: 2903 ft: 10374 corp: 1677/115Kb lim: 2368 exec/s: 1180 rss: 453Mb L: 122/2115 MS: 3 CopyPart-ShuffleBytes-EraseBytes-
#391012	REDUCE cov: 2903 ft: 10374 corp: 1677/115Kb lim: 2368 exec/s: 1181 rss: 453Mb L: 90/2115 MS: 1 EraseBytes-
#391238	REDUCE cov: 2903 ft: 10374 corp: 1677/114Kb lim: 2368 exec/s: 1181 rss: 453Mb L: 167/2115 MS: 1 EraseBytes-
#391369	REDUCE cov: 2903 ft: 10374 corp: 1677/114Kb lim: 2368 exec/s: 1182 rss: 453Mb L: 108/2115 MS: 1 EraseBytes-
#391500	REDUCE cov: 2903 ft: 10374 corp: 1677/114Kb lim: 2368 exec/s: 1182 rss: 453Mb L: 110/2115 MS: 1 EraseBytes-
#391916	REDUCE cov: 2903 ft: 10374 corp: 1677/114Kb lim: 2368 exec/s: 1180 rss: 453Mb L: 21/2115 MS: 1 EraseBytes-
#392272	REDUCE cov: 2903 ft: 10374 corp: 1677/114Kb lim: 2368 exec/s: 1181 rss: 453Mb L: 53/2115 MS: 1 EraseBytes-
#392614	REDUCE cov: 2903 ft: 10374 corp: 1677/114Kb lim: 2368 exec/s: 1182 rss: 453Mb L: 26/2115 MS: 2 ShuffleBytes-EraseBytes-
#396426	REDUCE cov: 2903 ft: 10374 corp: 1677/114Kb lim: 2401 exec/s: 1183 rss: 453Mb L: 64/2115 MS: 2 CMP-EraseBytes- DE: "ASQLTREE"-
#397087	REDUCE cov: 2903 ft: 10374 corp: 1677/114Kb lim: 2401 exec/s: 1181 rss: 453Mb L: 8/2115 MS: 1 EraseBytes-
#397339	REDUCE cov: 2903 ft: 10374 corp: 1677/114Kb lim: 2401 exec/s: 1182 rss: 453Mb L: 104/2115 MS: 2 PersAutoDict-EraseBytes- DE: "HAVING"-
#399516	REDUCE cov: 2903 ft: 10374 corp: 1677/114Kb lim: 2412 exec/s: 1182 rss: 453Mb L: 138/2115 MS: 2 CrossOver-EraseBytes-
#401547	REDUCE cov: 2903 ft: 10374 corp: 1677/114Kb lim: 2423 exec/s: 1184 rss: 453Mb L: 33/2115 MS: 1 EraseBytes-
#401583	REDUCE cov: 2903 ft: 10374 corp: 1677/114Kb lim: 2423 exec/s: 1184 rss: 453Mb L: 136/2115 MS: 1 EraseBytes-
#401846	REDUCE cov: 2903 ft: 10374 corp: 1677/114Kb lim: 2423 exec/s: 1181 rss: 453Mb L: 592/2115 MS: 3 CopyPart-CMP-EraseBytes- DE: "\000\000\000\002"-
#401882	REDUCE cov: 2903 ft: 10374 corp: 1677/114Kb lim: 2423 exec/s: 1182 rss: 453Mb L: 264/2115 MS: 1 EraseBytes-
#402323	REDUCE cov: 2905 ft: 10378 corp: 1678/114Kb lim: 2423 exec/s: 1183 rss: 453Mb L: 74/2115 MS: 1 ManualDict- DE: "ROUND("-
#403744	REDUCE cov: 2905 ft: 10378 corp: 1678/114Kb lim: 2434 exec/s: 1184 rss: 453Mb L: 154/2115 MS: 1 EraseBytes-
#403790	REDUCE cov: 2905 ft: 10378 corp: 1678/114Kb lim: 2434 exec/s: 1184 rss: 453Mb L: 17/2115 MS: 1 EraseBytes-
#404556	REDUCE cov: 2905 ft: 10378 corp: 1678/114Kb lim: 2434 exec/s: 1182 rss: 453Mb L: 9/2115 MS: 1 EraseBytes-
#404792	REDUCE cov: 2905 ft: 10378 corp: 1678/114Kb lim: 2434 exec/s: 1183 rss: 453Mb L: 61/2115 MS: 1 EraseBytes-
#404843	REDUCE cov: 2905 ft: 10378 corp: 1678/114Kb lim: 2434 exec/s: 1183 rss: 453Mb L: 43/2115 MS: 1 EraseBytes-
#405399	REDUCE cov: 2905 ft: 10378 corp: 1678/114Kb lim: 2434 exec/s: 1181 rss: 453Mb L: 266/2115 MS: 1 EraseBytes-
#405485	NEW    cov: 2905 ft: 10384 corp: 1679/115Kb lim: 2434 exec/s: 1182 rss: 453Mb L: 1016/2115 MS: 1 CopyPart-
#405601	REDUCE cov: 2905 ft: 10385 corp: 1680/116Kb lim: 2434 exec/s: 1182 rss: 453Mb L: 205/2115 MS: 1 InsertRepeatedBytes-
#405603	REDUCE cov: 2905 ft: 10385 corp: 1680/116Kb lim: 2434 exec/s: 1182 rss: 453Mb L: 425/2115 MS: 2 ManualDict-EraseBytes- DE: "seq"-
#406004	REDUCE cov: 2905 ft: 10385 corp: 1680/115Kb lim: 2434 exec/s: 1183 rss: 453Mb L: 12/2115 MS: 1 EraseBytes-
#406055	REDUCE cov: 2905 ft: 10385 corp: 1680/115Kb lim: 2434 exec/s: 1183 rss: 453Mb L: 13/2115 MS: 1 EraseBytes-
#406166	NEW    cov: 2905 ft: 10388 corp: 1681/116Kb lim: 2434 exec/s: 1184 rss: 453Mb L: 70/2115 MS: 1 ManualDict- DE: "IN"-
#406863	REDUCE cov: 2905 ft: 10388 corp: 1681/116Kb lim: 2434 exec/s: 1182 rss: 453Mb L: 7/2115 MS: 2 InsertByte-EraseBytes-
#407330	REDUCE cov: 2905 ft: 10388 corp: 1681/116Kb lim: 2434 exec/s: 1184 rss: 453Mb L: 373/2115 MS: 2 InsertByte-EraseBytes-
#407471	REDUCE cov: 2905 ft: 10388 corp: 1681/116Kb lim: 2434 exec/s: 1184 rss: 453Mb L: 8/2115 MS: 1 EraseBytes-
#408213	REDUCE cov: 2905 ft: 10388 corp: 1681/116Kb lim: 2434 exec/s: 1183 rss: 453Mb L: 640/2115 MS: 2 ChangeBit-EraseBytes-
#408569	REDUCE cov: 2905 ft: 10388 corp: 1681/116Kb lim: 2434 exec/s: 1184 rss: 453Mb L: 28/2115 MS: 1 EraseBytes-
#409096	NEW    cov: 2905 ft: 10390 corp: 1682/117Kb lim: 2434 exec/s: 1185 rss: 453Mb L: 1994/2115 MS: 2 ShuffleBytes-CopyPart-
#409701	NEW    cov: 2905 ft: 10391 corp: 1683/118Kb lim: 2434 exec/s: 1184 rss: 453Mb L: 171/2115 MS: 5 ChangeBinInt-CrossOver-PersAutoDict-CrossOver-CopyPart- DE: "-9223372036854775808"-
#410128	REDUCE cov: 2905 ft: 10391 corp: 1683/118Kb lim: 2434 exec/s: 1185 rss: 453Mb L: 23/2115 MS: 2 CrossOver-EraseBytes-
#410169	REDUCE cov: 2905 ft: 10391 corp: 1683/118Kb lim: 2434 exec/s: 1185 rss: 453Mb L: 21/2115 MS: 1 EraseBytes-
#410898	NEW    cov: 2905 ft: 10393 corp: 1684/118Kb lim: 2434 exec/s: 1184 rss: 453Mb L: 288/2115 MS: 4 ChangeBinInt-CMP-InsertByte-InsertRepeatedBytes- DE: "\377\377U<\326k@\340"-
#411410	REDUCE cov: 2905 ft: 10393 corp: 1684/118Kb lim: 2434 exec/s: 1185 rss: 453Mb L: 5/2115 MS: 2 EraseBytes-ChangeBinInt-
#411687	REDUCE cov: 2905 ft: 10393 corp: 1684/118Kb lim: 2434 exec/s: 1183 rss: 453Mb L: 4/2115 MS: 2 ManualDict-EraseBytes- DE: "kv"-
#411759	REDUCE cov: 2905 ft: 10393 corp: 1684/118Kb lim: 2434 exec/s: 1183 rss: 453Mb L: 151/2115 MS: 2 ShuffleBytes-EraseBytes-
#413435	REDUCE cov: 2905 ft: 10393 corp: 1684/118Kb lim: 2445 exec/s: 1184 rss: 453Mb L: 12/2115 MS: 1 EraseBytes-
#413496	REDUCE cov: 2905 ft: 10393 corp: 1684/118Kb lim: 2445 exec/s: 1184 rss: 453Mb L: 29/2115 MS: 1 EraseBytes-
#413710	REDUCE cov: 2905 ft: 10394 corp: 1685/119Kb lim: 2445 exec/s: 1185 rss: 453Mb L: 1340/2115 MS: 4 ChangeASCIIInt-ChangeASCIIInt-InsertByte-CopyPart-
#414497	REDUCE cov: 2905 ft: 10394 corp: 1685/119Kb lim: 2445 exec/s: 1184 rss: 453Mb L: 169/2115 MS: 1 EraseBytes-
#415178	REDUCE cov: 2905 ft: 10394 corp: 1685/119Kb lim: 2445 exec/s: 1186 rss: 453Mb L: 7/2115 MS: 1 EraseBytes-
#416045	REDUCE cov: 2905 ft: 10394 corp: 1685/119Kb lim: 2445 exec/s: 1185 rss: 453Mb L: 28/2115 MS: 2 ChangeBinInt-EraseBytes-
#416697	REDUCE cov: 2905 ft: 10394 corp: 1685/119Kb lim: 2445 exec/s: 1183 rss: 453Mb L: 14/2115 MS: 2 ChangeBit-EraseBytes-
#417193	REDUCE cov: 2905 ft: 10394 corp: 1685/119Kb lim: 2445 exec/s: 1185 rss: 453Mb L: 11/2115 MS: 1 EraseBytes-
#418114	REDUCE cov: 2905 ft: 10394 corp: 1685/119Kb lim: 2445 exec/s: 1184 rss: 453Mb L: 122/2115 MS: 1 EraseBytes-
#418130	REDUCE cov: 2905 ft: 10394 corp: 1685/119Kb lim: 2445 exec/s: 1184 rss: 453Mb L: 38/2115 MS: 1 EraseBytes-
#418151	REDUCE cov: 2905 ft: 10394 corp: 1685/119Kb lim: 2445 exec/s: 1184 rss: 453Mb L: 17/2115 MS: 1 EraseBytes-
#419077	REDUCE cov: 2905 ft: 10394 corp: 1685/119Kb lim: 2445 exec/s: 1183 rss: 453Mb L: 79/2115 MS: 1 EraseBytes-
#419568	REDUCE cov: 2905 ft: 10394 corp: 1685/119Kb lim: 2445 exec/s: 1185 rss: 453Mb L: 26/2115 MS: 1 EraseBytes-
#419769	REDUCE cov: 2905 ft: 10394 corp: 1685/119Kb lim: 2445 exec/s: 1185 rss: 453Mb L: 14/2115 MS: 1 EraseBytes-
#420567	REDUCE cov: 2905 ft: 10394 corp: 1685/119Kb lim: 2445 exec/s: 1184 rss: 453Mb L: 11/2115 MS: 3 ManualDict-PersAutoDict-EraseBytes- DE: "BETWEEN"-"\377\377U<\326k@\340"-
#420668	REDUCE cov: 2905 ft: 10394 corp: 1685/119Kb lim: 2445 exec/s: 1184 rss: 453Mb L: 10/2115 MS: 1 EraseBytes-
#421899	REDUCE cov: 2905 ft: 10394 corp: 1685/119Kb lim: 2456 exec/s: 1185 rss: 453Mb L: 55/2115 MS: 1 EraseBytes-
#422261	REDUCE cov: 2905 ft: 10394 corp: 1685/119Kb lim: 2456 exec/s: 1186 rss: 453Mb L: 1916/2115 MS: 2 ChangeByte-EraseBytes-
#422392	REDUCE cov: 2905 ft: 10394 corp: 1685/119Kb lim: 2456 exec/s: 1186 rss: 453Mb L: 19/2115 MS: 1 EraseBytes-
#423246	REDUCE cov: 2905 ft: 10394 corp: 1685/119Kb lim: 2456 exec/s: 1185 rss: 453Mb L: 325/2115 MS: 4 ManualDict-CopyPart-ChangeBit-EraseBytes- DE: "VALUES"-
#423262	REDUCE cov: 2905 ft: 10394 corp: 1685/119Kb lim: 2456 exec/s: 1185 rss: 453Mb L: 54/2115 MS: 1 EraseBytes-
#424188	REDUCE cov: 2906 ft: 10395 corp: 1686/119Kb lim: 2456 exec/s: 1184 rss: 453Mb L: 8/2115 MS: 1 ChangeBit-
#424539	REDUCE cov: 2906 ft: 10395 corp: 1686/119Kb lim: 2456 exec/s: 1185 rss: 453Mb L: 14/2115 MS: 1 EraseBytes-
#424915	REDUCE cov: 2906 ft: 10395 corp: 1686/119Kb lim: 2456 exec/s: 1186 rss: 453Mb L: 16/2115 MS: 1 EraseBytes-
#425508	REDUCE cov: 2906 ft: 10396 corp: 1687/121Kb lim: 2456 exec/s: 1185 rss: 453Mb L: 1991/2115 MS: 3 InsertByte-InsertByte-CopyPart-
#426249	REDUCE cov: 2906 ft: 10396 corp: 1687/121Kb lim: 2456 exec/s: 1184 rss: 453Mb L: 18/2115 MS: 1 EraseBytes-
#428015	REDUCE cov: 2906 ft: 10396 corp: 1687/121Kb lim: 2467 exec/s: 1185 rss: 453Mb L: 56/2115 MS: 1 EraseBytes-
#428211	REDUCE cov: 2906 ft: 10396 corp: 1687/121Kb lim: 2467 exec/s: 1186 rss: 453Mb L: 94/2115 MS: 1 EraseBytes-
#428212	REDUCE cov: 2906 ft: 10396 corp: 1687/121Kb lim: 2467 exec/s: 1186 rss: 453Mb L: 29/2115 MS: 1 EraseBytes-
#428874	REDUCE cov: 2906 ft: 10396 corp: 1687/121Kb lim: 2467 exec/s: 1184 rss: 453Mb L: 26/2115 MS: 2 CrossOver-EraseBytes-
#428993	REDUCE cov: 2906 ft: 10396 corp: 1687/121Kb lim: 2467 exec/s: 1185 rss: 453Mb L: 29/2115 MS: 4 ShuffleBytes-ChangeByte-ChangeBit-EraseBytes-
#429354	REDUCE cov: 2906 ft: 10396 corp: 1687/121Kb lim: 2467 exec/s: 1186 rss: 453Mb L: 68/2115 MS: 1 EraseBytes-
#430197	REDUCE cov: 2906 ft: 10396 corp: 1687/121Kb lim: 2467 exec/s: 1185 rss: 453Mb L: 1574/2115 MS: 3 ShuffleBytes-ManualDict-EraseBytes- DE: ">="-
#430243	REDUCE cov: 2906 ft: 10396 corp: 1687/121Kb lim: 2467 exec/s: 1185 rss: 453Mb L: 34/2115 MS: 1 EraseBytes-
#430899	REDUCE cov: 2906 ft: 10396 corp: 1687/121Kb lim: 2467 exec/s: 1183 rss: 453Mb L: 102/2115 MS: 1 EraseBytes-
#430945	REDUCE cov: 2906 ft: 10396 corp: 1687/120Kb lim: 2467 exec/s: 1183 rss: 453Mb L: 160/2115 MS: 1 EraseBytes-
#431187	REDUCE cov: 2906 ft: 10396 corp: 1687/120Kb lim: 2467 exec/s: 1184 rss: 453Mb L: 281/2115 MS: 2 ChangeBit-EraseBytes-
#431530	REDUCE cov: 2906 ft: 10396 corp: 1687/120Kb lim: 2467 exec/s: 1185 rss: 453Mb L: 17/2115 MS: 3 ChangeByte-ChangeBit-EraseBytes-
#431546	REDUCE cov: 2906 ft: 10396 corp: 1687/120Kb lim: 2467 exec/s: 1185 rss: 453Mb L: 41/2115 MS: 1 EraseBytes-
#432725	REDUCE cov: 2906 ft: 10396 corp: 1687/120Kb lim: 2478 exec/s: 1185 rss: 453Mb L: 25/2115 MS: 4 ChangeBinInt-InsertByte-ChangeByte-EraseBytes-
#432927	REDUCE cov: 2906 ft: 10396 corp: 1687/120Kb lim: 2478 exec/s: 1186 rss: 453Mb L: 16/2115 MS: 2 CMP-EraseBytes- DE: "\002\000\000\000"-
#433378	REDUCE cov: 2906 ft: 10396 corp: 1687/120Kb lim: 2478 exec/s: 1184 rss: 453Mb L: 244/2115 MS: 1 EraseBytes-
#434789	NEW    cov: 2906 ft: 10400 corp: 1688/121Kb lim: 2489 exec/s: 1184 rss: 453Mb L: 150/2115 MS: 1 PersAutoDict- DE: "DROP"-
#434970	REDUCE cov: 2906 ft: 10400 corp: 1688/121Kb lim: 2489 exec/s: 1185 rss: 453Mb L: 705/2115 MS: 1 EraseBytes-
#435022	REDUCE cov: 2906 ft: 10400 corp: 1688/121Kb lim: 2489 exec/s: 1185 rss: 453Mb L: 16/2115 MS: 2 InsertByte-EraseBytes-
#435238	REDUCE cov: 2906 ft: 10400 corp: 1688/121Kb lim: 2489 exec/s: 1185 rss: 453Mb L: 7/2115 MS: 1 EraseBytes-
#435579	REDUCE cov: 2906 ft: 10400 corp: 1688/121Kb lim: 2489 exec/s: 1186 rss: 453Mb L: 54/2115 MS: 1 EraseBytes-
#436088	REDUCE cov: 2906 ft: 10400 corp: 1688/121Kb lim: 2489 exec/s: 1185 rss: 453Mb L: 560/2115 MS: 4 CopyPart-EraseBytes-ShuffleBytes-CopyPart-
#436225	REDUCE cov: 2906 ft: 10400 corp: 1688/121Kb lim: 2489 exec/s: 1185 rss: 453Mb L: 4/2115 MS: 2 ManualDict-EraseBytes- DE: "t2"-
#437855	NEW    cov: 2906 ft: 10401 corp: 1689/122Kb lim: 2500 exec/s: 1186 rss: 453Mb L: 1986/2115 MS: 5 PersAutoDict-ChangeBit-ChangeASCIIInt-ChangeASCIIInt-CopyPart- DE: "BETWEEN"-
#438076	REDUCE cov: 2906 ft: 10401 corp: 1689/122Kb lim: 2500 exec/s: 1187 rss: 453Mb L: 7/2115 MS: 1 EraseBytes-
#438172	REDUCE cov: 2906 ft: 10401 corp: 1689/122Kb lim: 2500 exec/s: 1184 rss: 453Mb L: 10/2115 MS: 1 EraseBytes-
#439209	REDUCE cov: 2906 ft: 10401 corp: 1689/122Kb lim: 2500 exec/s: 1187 rss: 453Mb L: 4/2115 MS: 2 ChangeByte-EraseBytes-
#439955	REDUCE cov: 2906 ft: 10401 corp: 1689/122Kb lim: 2500 exec/s: 1185 rss: 453Mb L: 1365/2115 MS: 1 EraseBytes-
#440558	NEW    cov: 2906 ft: 10402 corp: 1690/122Kb lim: 2500 exec/s: 1184 rss: 453Mb L: 84/2115 MS: 3 ShuffleBytes-InsertByte-ChangeBit-
#441254	REDUCE cov: 2906 ft: 10402 corp: 1690/122Kb lim: 2500 exec/s: 1186 rss: 453Mb L: 64/2115 MS: 1 EraseBytes-
#441465	REDUCE cov: 2906 ft: 10402 corp: 1690/122Kb lim: 2500 exec/s: 1186 rss: 453Mb L: 12/2115 MS: 1 EraseBytes-
#441497	REDUCE cov: 2906 ft: 10402 corp: 1690/122Kb lim: 2500 exec/s: 1186 rss: 453Mb L: 100/2115 MS: 2 ChangeBinInt-EraseBytes-
#441554	REDUCE cov: 2906 ft: 10402 corp: 1690/122Kb lim: 2500 exec/s: 1186 rss: 453Mb L: 76/2115 MS: 2 ChangeASCIIInt-EraseBytes-
#441630	REDUCE cov: 2906 ft: 10402 corp: 1690/122Kb lim: 2500 exec/s: 1187 rss: 453Mb L: 549/2115 MS: 1 EraseBytes-
#441701	REDUCE cov: 2906 ft: 10402 corp: 1690/122Kb lim: 2500 exec/s: 1187 rss: 453Mb L: 585/2115 MS: 1 EraseBytes-
#442012	REDUCE cov: 2906 ft: 10402 corp: 1690/122Kb lim: 2500 exec/s: 1185 rss: 453Mb L: 14/2115 MS: 1 EraseBytes-
#442387	NEW    cov: 2906 ft: 10405 corp: 1691/122Kb lim: 2500 exec/s: 1186 rss: 453Mb L: 71/2115 MS: 5 CopyPart-InsertRepeatedBytes-InsertByte-CopyPart-EraseBytes-
#442699	REDUCE cov: 2906 ft: 10405 corp: 1691/122Kb lim: 2500 exec/s: 1186 rss: 453Mb L: 23/2115 MS: 2 InsertByte-EraseBytes-
#443040	REDUCE cov: 2906 ft: 10405 corp: 1691/122Kb lim: 2500 exec/s: 1184 rss: 453Mb L: 63/2115 MS: 1 EraseBytes-
#443287	REDUCE cov: 2906 ft: 10405 corp: 1691/122Kb lim: 2500 exec/s: 1185 rss: 453Mb L: 13/2115 MS: 2 PersAutoDict-EraseBytes- DE: "w"-
#443535	REDUCE cov: 2906 ft: 10405 corp: 1691/122Kb lim: 2500 exec/s: 1185 rss: 453Mb L: 76/2115 MS: 3 ChangeASCIIInt-CrossOver-EraseBytes-
#443551	REDUCE cov: 2906 ft: 10405 corp: 1691/122Kb lim: 2500 exec/s: 1185 rss: 453Mb L: 10/2115 MS: 1 EraseBytes-
#443697	REDUCE cov: 2906 ft: 10405 corp: 1691/122Kb lim: 2500 exec/s: 1186 rss: 453Mb L: 82/2115 MS: 1 EraseBytes-
#443837	NEW    cov: 2906 ft: 10406 corp: 1692/122Kb lim: 2500 exec/s: 1186 rss: 453Mb L: 23/2115 MS: 5 EraseBytes-InsertRepeatedBytes-ChangeBit-CopyPart-CopyPart-
#443873	REDUCE cov: 2906 ft: 10406 corp: 1692/122Kb lim: 2500 exec/s: 1186 rss: 453Mb L: 4/2115 MS: 1 EraseBytes-
#444879	REDUCE cov: 2906 ft: 10406 corp: 1692/122Kb lim: 2500 exec/s: 1186 rss: 453Mb L: 25/2115 MS: 1 EraseBytes-
#444887	REDUCE cov: 2906 ft: 10406 corp: 1692/122Kb lim: 2500 exec/s: 1186 rss: 453Mb L: 123/2115 MS: 3 ChangeASCIIInt-ShuffleBytes-EraseBytes-
#445643	REDUCE cov: 2906 ft: 10406 corp: 1692/122Kb lim: 2500 exec/s: 1185 rss: 453Mb L: 456/2115 MS: 1 EraseBytes-
#446379	REDUCE cov: 2906 ft: 10406 corp: 1692/122Kb lim: 2500 exec/s: 1187 rss: 453Mb L: 83/2115 MS: 1 EraseBytes-
#447245	REDUCE cov: 2906 ft: 10406 corp: 1692/122Kb lim: 2500 exec/s: 1186 rss: 453Mb L: 11/2115 MS: 1 EraseBytes-
#447386	REDUCE cov: 2906 ft: 10406 corp: 1692/122Kb lim: 2500 exec/s: 1186 rss: 453Mb L: 13/2115 MS: 1 EraseBytes-
#447827	REDUCE cov: 2906 ft: 10406 corp: 1692/122Kb lim: 2500 exec/s: 1184 rss: 453Mb L: 29/2115 MS: 1 EraseBytes-
#447973	REDUCE cov: 2906 ft: 10406 corp: 1692/122Kb lim: 2500 exec/s: 1185 rss: 453Mb L: 5/2115 MS: 1 EraseBytes-
#448990	REDUCE cov: 2906 ft: 10406 corp: 1692/122Kb lim: 2500 exec/s: 1184 rss: 453Mb L: 7/2115 MS: 2 ChangeBit-EraseBytes-
#449152	REDUCE cov: 2906 ft: 10406 corp: 1692/122Kb lim: 2500 exec/s: 1185 rss: 453Mb L: 25/2115 MS: 2 ChangeBit-EraseBytes-
#449685	REDUCE cov: 2906 ft: 10406 corp: 1692/122Kb lim: 2500 exec/s: 1186 rss: 453Mb L: 206/2115 MS: 3 CMP-ChangeBit-EraseBytes- DE: "zz"-
#450061	REDUCE cov: 2906 ft: 10406 corp: 1692/122Kb lim: 2500 exec/s: 1187 rss: 453Mb L: 216/2115 MS: 1 EraseBytes-
#450373	REDUCE cov: 2906 ft: 10406 corp: 1692/122Kb lim: 2500 exec/s: 1185 rss: 453Mb L: 84/2115 MS: 2 PersAutoDict-EraseBytes- DE: "IN"-
#451174	REDUCE cov: 2906 ft: 10406 corp: 1692/122Kb lim: 2500 exec/s: 1187 rss: 453Mb L: 35/2115 MS: 1 EraseBytes-
#451601	REDUCE cov: 2906 ft: 10406 corp: 1692/122Kb lim: 2500 exec/s: 1185 rss: 453Mb L: 78/2115 MS: 2 PersAutoDict-EraseBytes- DE: ">="-
#451652	REDUCE cov: 2906 ft: 10406 corp: 1692/122Kb lim: 2500 exec/s: 1185 rss: 453Mb L: 73/2115 MS: 1 EraseBytes-
#452324	REDUCE cov: 2906 ft: 10406 corp: 1692/122Kb lim: 2500 exec/s: 1187 rss: 453Mb L: 38/2115 MS: 2 InsertByte-EraseBytes-
#452505	REDUCE cov: 2906 ft: 10406 corp: 1692/122Kb lim: 2500 exec/s: 1187 rss: 453Mb L: 98/2115 MS: 1 EraseBytes-
#453287	NEW    cov: 2906 ft: 10407 corp: 1693/122Kb lim: 2500 exec/s: 1186 rss: 453Mb L: 131/2115 MS: 2 ShuffleBytes-CopyPart-
#453338	REDUCE cov: 2906 ft: 10407 corp: 1693/122Kb lim: 2500 exec/s: 1186 rss: 453Mb L: 89/2115 MS: 1 EraseBytes-
#453425	REDUCE cov: 2906 ft: 10407 corp: 1693/122Kb lim: 2500 exec/s: 1186 rss: 453Mb L: 6/2115 MS: 2 ShuffleBytes-EraseBytes-
#453711	REDUCE cov: 2906 ft: 10407 corp: 1693/122Kb lim: 2500 exec/s: 1187 rss: 453Mb L: 37/2115 MS: 1 EraseBytes-
#454142	REDUCE cov: 2906 ft: 10407 corp: 1693/122Kb lim: 2500 exec/s: 1185 rss: 453Mb L: 12/2115 MS: 1 EraseBytes-
#454268	REDUCE cov: 2906 ft: 10407 corp: 1693/122Kb lim: 2500 exec/s: 1186 rss: 453Mb L: 74/2115 MS: 1 EraseBytes-
#455699	REDUCE cov: 2906 ft: 10407 corp: 1693/122Kb lim: 2511 exec/s: 1186 rss: 453Mb L: 55/2115 MS: 1 EraseBytes-
#455986	REDUCE cov: 2906 ft: 10407 corp: 1693/122Kb lim: 2511 exec/s: 1187 rss: 453Mb L: 36/2115 MS: 2 ChangeBit-EraseBytes-
#456320	REDUCE cov: 2906 ft: 10407 corp: 1693/122Kb lim: 2511 exec/s: 1185 rss: 453Mb L: 130/2115 MS: 4 EraseBytes-CopyPart-CopyPart-CrossOver-
#456326	REDUCE cov: 2906 ft: 10407 corp: 1693/122Kb lim: 2511 exec/s: 1185 rss: 453Mb L: 24/2115 MS: 1 EraseBytes-
#456892	REDUCE cov: 2906 ft: 10407 corp: 1693/122Kb lim: 2511 exec/s: 1186 rss: 453Mb L: 60/2115 MS: 1 EraseBytes-
#457108	REDUCE cov: 2906 ft: 10407 corp: 1693/122Kb lim: 2511 exec/s: 1187 rss: 453Mb L: 26/2115 MS: 1 EraseBytes-
#457189	NEW    cov: 2906 ft: 10408 corp: 1694/122Kb lim: 2511 exec/s: 1187 rss: 453Mb L: 77/2115 MS: 1 CopyPart-
#458282	REDUCE cov: 2906 ft: 10408 corp: 1694/122Kb lim: 2511 exec/s: 1187 rss: 453Mb L: 52/2115 MS: 3 PersAutoDict-InsertByte-EraseBytes- DE: "TABLE"-
#459004	REDUCE cov: 2906 ft: 10408 corp: 1694/122Kb lim: 2511 exec/s: 1186 rss: 453Mb L: 7/2115 MS: 2 ShuffleBytes-EraseBytes-
#460085	REDUCE cov: 2906 ft: 10408 corp: 1694/122Kb lim: 2511 exec/s: 1185 rss: 453Mb L: 25/2115 MS: 1 EraseBytes-
#460191	REDUCE cov: 2906 ft: 10408 corp: 1694/122Kb lim: 2511 exec/s: 1186 rss: 453Mb L: 49/2115 MS: 1 EraseBytes-
#460629	NEW    cov: 2906 ft: 10409 corp: 1695/122Kb lim: 2511 exec/s: 1187 rss: 453Mb L: 144/2115 MS: 3 ChangeBit-ChangeByte-ChangeBit-
#460710	REDUCE cov: 2906 ft: 10409 corp: 1695/122Kb lim: 2511 exec/s: 1187 rss: 453Mb L: 23/2115 MS: 1 EraseBytes-
#461391	REDUCE cov: 2906 ft: 10409 corp: 1695/122Kb lim: 2511 exec/s: 1186 rss: 453Mb L: 82/2115 MS: 1 EraseBytes-
#461749	REDUCE cov: 2906 ft: 10409 corp: 1695/122Kb lim: 2511 exec/s: 1187 rss: 453Mb L: 519/2115 MS: 3 CopyPart-ChangeBinInt-EraseBytes-
#461805	NEW    cov: 2906 ft: 10410 corp: 1696/122Kb lim: 2511 exec/s: 1187 rss: 453Mb L: 99/2115 MS: 1 ChangeBit-
#462497	REDUCE cov: 2906 ft: 10410 corp: 1696/122Kb lim: 2511 exec/s: 1185 rss: 453Mb L: 15/2115 MS: 2 PersAutoDict-EraseBytes- DE: ">="-
#462518	REDUCE cov: 2906 ft: 10410 corp: 1696/122Kb lim: 2511 exec/s: 1185 rss: 453Mb L: 354/2115 MS: 1 EraseBytes-
#462834	NEW    cov: 2906 ft: 10416 corp: 1697/122Kb lim: 2511 exec/s: 1186 rss: 453Mb L: 87/2115 MS: 1 ChangeByte-
#463026	REDUCE cov: 2906 ft: 10416 corp: 1697/122Kb lim: 2511 exec/s: 1187 rss: 453Mb L: 119/2115 MS: 2 ManualDict-EraseBytes- DE: "LIKE"-
#463082	REDUCE cov: 2906 ft: 10416 corp: 1697/122Kb lim: 2511 exec/s: 1187 rss: 453Mb L: 5/2115 MS: 1 EraseBytes-
#463458	NEW    cov: 2906 ft: 10417 corp: 1698/124Kb lim: 2511 exec/s: 1188 rss: 453Mb L: 2017/2115 MS: 1 CopyPart-
#463879	REDUCE cov: 2906 ft: 10417 corp: 1698/124Kb lim: 2511 exec/s: 1186 rss: 453Mb L: 27/2115 MS: 1 EraseBytes-
#464027	REDUCE cov: 2906 ft: 10417 corp: 1698/124Kb lim: 2511 exec/s: 1186 rss: 453Mb L: 115/2115 MS: 3 PersAutoDict-InsertByte-EraseBytes- DE: "-9223372036854775808"-
#464566	NEW    cov: 2906 ft: 10420 corp: 1699/124Kb lim: 2511 exec/s: 1188 rss: 453Mb L: 150/2115 MS: 4 ManualDict-InsertByte-InsertRepeatedBytes-CopyPart- DE: "z"-
#464962	REDUCE cov: 2906 ft: 10420 corp: 1699/124Kb lim: 2511 exec/s: 1186 rss: 453Mb L: 101/2115 MS: 1 EraseBytes-
#465393	REDUCE cov: 2906 ft: 10420 corp: 1699/124Kb lim: 2511 exec/s: 1187 rss: 453Mb L: 87/2115 MS: 1 EraseBytes-
#465664	REDUCE cov: 2906 ft: 10420 corp: 1699/124Kb lim: 2511 exec/s: 1187 rss: 453Mb L: 24/2115 MS: 1 EraseBytes-
#465731	REDUCE cov: 2906 ft: 10420 corp: 1699/124Kb lim: 2511 exec/s: 1188 rss: 453Mb L: 97/2115 MS: 2 ShuffleBytes-EraseBytes-
#465909	REDUCE cov: 2906 ft: 10421 corp: 1700/125Kb lim: 2511 exec/s: 1188 rss: 453Mb L: 123/2115 MS: 3 CopyPart-CMP-InsertRepeatedBytes- DE: "b\001o\326<V\000\000"-
#468751	REDUCE cov: 2906 ft: 10421 corp: 1700/125Kb lim: 2533 exec/s: 1186 rss: 453Mb L: 2003/2115 MS: 2 ChangeBit-EraseBytes-
#469227	REDUCE cov: 2906 ft: 10421 corp: 1700/125Kb lim: 2533 exec/s: 1187 rss: 453Mb L: 133/2115 MS: 1 EraseBytes-
#469631	REDUCE cov: 2906 ft: 10421 corp: 1700/125Kb lim: 2533 exec/s: 1188 rss: 453Mb L: 73/2115 MS: 4 ChangeByte-ShuffleBytes-ChangeBinInt-EraseBytes-
#469913	NEW    cov: 2906 ft: 10423 corp: 1701/125Kb lim: 2533 exec/s: 1189 rss: 453Mb L: 219/2115 MS: 2 ManualDict-InsertRepeatedBytes- DE: "%"-
#469999	REDUCE cov: 2906 ft: 10423 corp: 1701/125Kb lim: 2533 exec/s: 1186 rss: 453Mb L: 75/2115 MS: 1 EraseBytes-
#470017	REDUCE cov: 2906 ft: 10423 corp: 1701/125Kb lim: 2533 exec/s: 1186 rss: 453Mb L: 11/2115 MS: 3 InsertByte-EraseBytes-InsertByte-
#470490	REDUCE cov: 2906 ft: 10423 corp: 1701/125Kb lim: 2533 exec/s: 1188 rss: 453Mb L: 25/2115 MS: 3 ManualDict-ChangeBit-EraseBytes- DE: "LENGTH("-
#470601	REDUCE cov: 2906 ft: 10423 corp: 1701/125Kb lim: 2533 exec/s: 1188 rss: 453Mb L: 48/2115 MS: 1 EraseBytes-
#471007	REDUCE cov: 2906 ft: 10423 corp: 1701/125Kb lim: 2533 exec/s: 1189 rss: 453Mb L: 76/2115 MS: 1 EraseBytes-
#471021	NEW    cov: 2906 ft: 10424 corp: 1702/125Kb lim: 2533 exec/s: 1189 rss: 453Mb L: 201/2115 MS: 4 CopyPart-CrossOver-ShuffleBytes-PersAutoDict- DE: "INT"-
#471633	REDUCE cov: 2906 ft: 10424 corp: 1702/125Kb lim: 2533 exec/s: 1187 rss: 453Mb L: 176/2115 MS: 2 ChangeBinInt-EraseBytes-
#472449	REDUCE cov: 2906 ft: 10424 corp: 1702/125Kb lim: 2533 exec/s: 1187 rss: 453Mb L: 26/2115 MS: 1 EraseBytes-
#473215	REDUCE cov: 2906 ft: 10424 corp: 1702/125Kb lim: 2533 exec/s: 1188 rss: 453Mb L: 152/2115 MS: 1 EraseBytes-
#473796	REDUCE cov: 2906 ft: 10424 corp: 1702/125Kb lim: 2533 exec/s: 1187 rss: 453Mb L: 7/2115 MS: 1 EraseBytes-
#473997	REDUCE cov: 2906 ft: 10424 corp: 1702/125Kb lim: 2533 exec/s: 1187 rss: 453Mb L: 13/2115 MS: 1 EraseBytes-
#474095	REDUCE cov: 2906 ft: 10424 corp: 1702/125Kb lim: 2533 exec/s: 1188 rss: 453Mb L: 30/2115 MS: 3 ChangeByte-ChangeASCIIInt-EraseBytes-
#474202	REDUCE cov: 2906 ft: 10424 corp: 1702/125Kb lim: 2533 exec/s: 1188 rss: 453Mb L: 32/2115 MS: 2 ChangeBinInt-EraseBytes-
#474338	REDUCE cov: 2906 ft: 10424 corp: 1702/125Kb lim: 2533 exec/s: 1188 rss: 453Mb L: 114/2115 MS: 1 EraseBytes-
#474620	REDUCE cov: 2906 ft: 10424 corp: 1702/125Kb lim: 2533 exec/s: 1189 rss: 453Mb L: 95/2115 MS: 2 ChangeBinInt-EraseBytes-
#476156	REDUCE cov: 2906 ft: 10425 corp: 1703/125Kb lim: 2544 exec/s: 1190 rss: 453Mb L: 225/2115 MS: 1 InsertRepeatedBytes-
#477177	REDUCE cov: 2906 ft: 10425 corp: 1703/125Kb lim: 2544 exec/s: 1189 rss: 453Mb L: 30/2115 MS: 1 EraseBytes-
#477339	REDUCE cov: 2906 ft: 10425 corp: 1703/125Kb lim: 2544 exec/s: 1190 rss: 453Mb L: 27/2115 MS: 2 ChangeBit-EraseBytes-
#477610	REDUCE cov: 2906 ft: 10425 corp: 1703/125Kb lim: 2544 exec/s: 1188 rss: 453Mb L: 13/2115 MS: 1 EraseBytes-
#477766	REDUCE cov: 2906 ft: 10425 corp: 1703/125Kb lim: 2544 exec/s: 1188 rss: 453Mb L: 74/2115 MS: 1 EraseBytes-
#478659	REDUCE cov: 2906 ft: 10425 corp: 1703/125Kb lim: 2544 exec/s: 1190 rss: 453Mb L: 107/2115 MS: 3 ChangeASCIIInt-ShuffleBytes-EraseBytes-
#478795	REDUCE cov: 2906 ft: 10425 corp: 1703/125Kb lim: 2544 exec/s: 1188 rss: 453Mb L: 8/2115 MS: 1 EraseBytes-
#478827	REDUCE cov: 2906 ft: 10425 corp: 1703/125Kb lim: 2544 exec/s: 1188 rss: 453Mb L: 142/2115 MS: 2 ChangeByte-EraseBytes-
#479249	REDUCE cov: 2906 ft: 10425 corp: 1703/125Kb lim: 2544 exec/s: 1189 rss: 453Mb L: 10/2115 MS: 2 ChangeByte-EraseBytes-
#479865	REDUCE cov: 2906 ft: 10425 corp: 1703/125Kb lim: 2544 exec/s: 1190 rss: 453Mb L: 65/2115 MS: 1 EraseBytes-
#481446	REDUCE cov: 2906 ft: 10425 corp: 1703/125Kb lim: 2555 exec/s: 1188 rss: 453Mb L: 152/2115 MS: 1 EraseBytes-
#481572	REDUCE cov: 2906 ft: 10425 corp: 1703/125Kb lim: 2555 exec/s: 1189 rss: 453Mb L: 7/2115 MS: 1 EraseBytes-
#482093	REDUCE cov: 2906 ft: 10425 corp: 1703/125Kb lim: 2555 exec/s: 1190 rss: 453Mb L: 17/2115 MS: 1 EraseBytes-
#482316	REDUCE cov: 2906 ft: 10425 corp: 1703/125Kb lim: 2555 exec/s: 1190 rss: 453Mb L: 44/2115 MS: 3 ShuffleBytes-ChangeBinInt-EraseBytes-
#482532	REDUCE cov: 2906 ft: 10425 corp: 1703/125Kb lim: 2555 exec/s: 1188 rss: 453Mb L: 9/2115 MS: 1 EraseBytes-
#482733	REDUCE cov: 2906 ft: 10425 corp: 1703/125Kb lim: 2555 exec/s: 1188 rss: 453Mb L: 23/2115 MS: 1 EraseBytes-
#483280	REDUCE cov: 2906 ft: 10425 corp: 1703/125Kb lim: 2555 exec/s: 1190 rss: 453Mb L: 44/2115 MS: 2 ChangeBinInt-EraseBytes-
#487071	REDUCE cov: 2906 ft: 10425 corp: 1703/125Kb lim: 2588 exec/s: 1190 rss: 453Mb L: 35/2115 MS: 1 EraseBytes-
#487750	REDUCE cov: 2906 ft: 10425 corp: 1703/125Kb lim: 2588 exec/s: 1189 rss: 453Mb L: 14/2115 MS: 4 ChangeByte-ChangeByte-InsertByte-EraseBytes-
#487846	REDUCE cov: 2906 ft: 10425 corp: 1703/125Kb lim: 2588 exec/s: 1189 rss: 453Mb L: 10/2115 MS: 1 EraseBytes-
#488196	REDUCE cov: 2906 ft: 10425 corp: 1703/125Kb lim: 2588 exec/s: 1190 rss: 453Mb L: 22/2115 MS: 4 ChangeASCIIInt-ChangeBit-CrossOver-EraseBytes-
#488232	REDUCE cov: 2906 ft: 10425 corp: 1703/125Kb lim: 2588 exec/s: 1190 rss: 453Mb L: 117/2115 MS: 1 EraseBytes-
#488668	REDUCE cov: 2906 ft: 10425 corp: 1703/125Kb lim: 2588 exec/s: 1188 rss: 453Mb L: 66/2115 MS: 1 EraseBytes-
#488725	REDUCE cov: 2906 ft: 10425 corp: 1703/125Kb lim: 2588 exec/s: 1189 rss: 453Mb L: 112/2115 MS: 2 CopyPart-EraseBytes-
#489166	REDUCE cov: 2906 ft: 10425 corp: 1703/125Kb lim: 2588 exec/s: 1190 rss: 453Mb L: 14/2115 MS: 1 EraseBytes-
#491264	REDUCE cov: 2906 ft: 10426 corp: 1704/125Kb lim: 2599 exec/s: 1189 rss: 453Mb L: 187/2115 MS: 2 PersAutoDict-CopyPart- DE: "a"-
#491986	REDUCE cov: 2906 ft: 10426 corp: 1704/125Kb lim: 2599 exec/s: 1191 rss: 453Mb L: 58/2115 MS: 2 ShuffleBytes-EraseBytes-
#492794	REDUCE cov: 2906 ft: 10426 corp: 1704/125Kb lim: 2599 exec/s: 1190 rss: 453Mb L: 63/2115 MS: 3 EraseBytes-ChangeByte-CopyPart-
#492866	REDUCE cov: 2906 ft: 10426 corp: 1704/125Kb lim: 2599 exec/s: 1190 rss: 453Mb L: 28/2115 MS: 2 InsertByte-EraseBytes-
#493013	NEW    cov: 2906 ft: 10427 corp: 1705/125Kb lim: 2599 exec/s: 1190 rss: 453Mb L: 127/2115 MS: 2 CrossOver-ChangeBinInt-
#493091	REDUCE cov: 2906 ft: 10427 corp: 1705/125Kb lim: 2599 exec/s: 1191 rss: 453Mb L: 27/2115 MS: 3 ShuffleBytes-EraseBytes-InsertByte-
#493977	NEW    cov: 2906 ft: 10428 corp: 1706/125Kb lim: 2599 exec/s: 1190 rss: 453Mb L: 83/2115 MS: 1 ChangeBit-
#494074	REDUCE cov: 2906 ft: 10428 corp: 1706/125Kb lim: 2599 exec/s: 1190 rss: 453Mb L: 6/2115 MS: 2 CopyPart-EraseBytes-
#494790	REDUCE cov: 2906 ft: 10428 corp: 1706/125Kb lim: 2599 exec/s: 1189 rss: 453Mb L: 32/2115 MS: 1 EraseBytes-
#494821	REDUCE cov: 2906 ft: 10428 corp: 1706/125Kb lim: 2599 exec/s: 1189 rss: 453Mb L: 11/2115 MS: 1 EraseBytes-
#494952	REDUCE cov: 2906 ft: 10428 corp: 1706/125Kb lim: 2599 exec/s: 1189 rss: 453Mb L: 58/2115 MS: 1 EraseBytes-
#495649	NEW    cov: 2906 ft: 10431 corp: 1707/125Kb lim: 2599 exec/s: 1191 rss: 453Mb L: 131/2115 MS: 2 ShuffleBytes-CopyPart-
#496860	REDUCE cov: 2906 ft: 10432 corp: 1708/125Kb lim: 2610 exec/s: 1191 rss: 453Mb L: 60/2115 MS: 1 ChangeBinInt-
#496981	REDUCE cov: 2906 ft: 10432 corp: 1708/125Kb lim: 2610 exec/s: 1191 rss: 453Mb L: 101/2115 MS: 1 EraseBytes-
#497272	NEW    cov: 2906 ft: 10435 corp: 1709/126Kb lim: 2610 exec/s: 1189 rss: 453Mb L: 104/2115 MS: 1 CopyPart-
#499391	REDUCE cov: 2906 ft: 10435 corp: 1709/126Kb lim: 2621 exec/s: 1191 rss: 453Mb L: 131/2115 MS: 4 ShuffleBytes-ManualDict-ShuffleBytes-EraseBytes- DE: "IS"-
#499832	REDUCE cov: 2906 ft: 10435 corp: 1709/126Kb lim: 2621 exec/s: 1190 rss: 453Mb L: 49/2115 MS: 1 EraseBytes-
#500208	REDUCE cov: 2906 ft: 10435 corp: 1709/126Kb lim: 2621 exec/s: 1190 rss: 453Mb L: 10/2115 MS: 1 EraseBytes-
#500225	REDUCE cov: 2906 ft: 10435 corp: 1709/126Kb lim: 2621 exec/s: 1191 rss: 453Mb L: 44/2115 MS: 2 ChangeBit-EraseBytes-
#500236	REDUCE cov: 2906 ft: 10435 corp: 1709/126Kb lim: 2621 exec/s: 1191 rss: 453Mb L: 83/2115 MS: 1 EraseBytes-
#500527	REDUCE cov: 2906 ft: 10435 corp: 1709/126Kb lim: 2621 exec/s: 1191 rss: 453Mb L: 58/2115 MS: 1 EraseBytes-
#500756	REDUCE cov: 2906 ft: 10435 corp: 1709/126Kb lim: 2621 exec/s: 1192 rss: 453Mb L: 76/2115 MS: 4 CMP-ShuffleBytes-ShuffleBytes-EraseBytes- DE: "\377\377U<\326k@\366"-
#502252	REDUCE cov: 2906 ft: 10435 corp: 1709/126Kb lim: 2632 exec/s: 1190 rss: 453Mb L: 31/2115 MS: 1 EraseBytes-
#503770	REDUCE cov: 2906 ft: 10435 corp: 1709/125Kb lim: 2643 exec/s: 1190 rss: 453Mb L: 41/2115 MS: 3 ChangeBinInt-ChangeByte-EraseBytes-
#503891	REDUCE cov: 2906 ft: 10435 corp: 1709/125Kb lim: 2643 exec/s: 1191 rss: 453Mb L: 105/2115 MS: 1 EraseBytes-
#503912	REDUCE cov: 2906 ft: 10435 corp: 1709/125Kb lim: 2643 exec/s: 1191 rss: 453Mb L: 50/2115 MS: 1 EraseBytes-
#504079	REDUCE cov: 2906 ft: 10435 corp: 1709/125Kb lim: 2643 exec/s: 1191 rss: 453Mb L: 7/2115 MS: 2 ChangeByte-EraseBytes-
#505315	REDUCE cov: 2906 ft: 10435 corp: 1709/125Kb lim: 2654 exec/s: 1191 rss: 453Mb L: 70/2115 MS: 1 EraseBytes-
#505462	REDUCE cov: 2906 ft: 10435 corp: 1709/125Kb lim: 2654 exec/s: 1192 rss: 453Mb L: 44/2115 MS: 2 ChangeBinInt-EraseBytes-
#506343	REDUCE cov: 2906 ft: 10437 corp: 1710/126Kb lim: 2654 exec/s: 1191 rss: 453Mb L: 102/2115 MS: 1 CopyPart-
#506449	REDUCE cov: 2906 ft: 10437 corp: 1710/126Kb lim: 2654 exec/s: 1191 rss: 453Mb L: 79/2115 MS: 1 EraseBytes-
#507399	REDUCE cov: 2906 ft: 10437 corp: 1710/126Kb lim: 2654 exec/s: 1191 rss: 453Mb L: 53/2115 MS: 5 CMP-ChangeBinInt-ChangeByte-ChangeByte-EraseBytes- DE: "\001\000\000\002"-
#508035	REDUCE cov: 2906 ft: 10437 corp: 1710/126Kb lim: 2654 exec/s: 1192 rss: 453Mb L: 25/2115 MS: 1 EraseBytes-
#510846	REDUCE cov: 2906 ft: 10437 corp: 1710/126Kb lim: 2676 exec/s: 1193 rss: 453Mb L: 119/2115 MS: 1 EraseBytes-
#511857	REDUCE cov: 2906 ft: 10437 corp: 1710/126Kb lim: 2676 exec/s: 1193 rss: 453Mb L: 72/2115 MS: 1 EraseBytes-
#512494	REDUCE cov: 2906 ft: 10437 corp: 1710/126Kb lim: 2676 exec/s: 1191 rss: 453Mb L: 146/2115 MS: 2 ShuffleBytes-EraseBytes-
#512925	REDUCE cov: 2906 ft: 10438 corp: 1711/126Kb lim: 2676 exec/s: 1192 rss: 453Mb L: 76/2115 MS: 1 ManualDict- DE: "''"-
#513255	REDUCE cov: 2906 ft: 10438 corp: 1711/126Kb lim: 2676 exec/s: 1193 rss: 453Mb L: 191/2115 MS: 5 InsertByte-CopyPart-CMP-CrossOver-EraseBytes- DE: "\001\000V<\326o\001`"-
#513352	REDUCE cov: 2906 ft: 10438 corp: 1711/126Kb lim: 2676 exec/s: 1193 rss: 453Mb L: 45/2115 MS: 2 CopyPart-EraseBytes-
#514484	REDUCE cov: 2906 ft: 10438 corp: 1711/126Kb lim: 2687 exec/s: 1193 rss: 453Mb L: 169/2115 MS: 2 ChangeBit-EraseBytes-
#515295	REDUCE cov: 2906 ft: 10438 corp: 1711/126Kb lim: 2687 exec/s: 1192 rss: 453Mb L: 9/2115 MS: 1 EraseBytes-
#515474	REDUCE cov: 2906 ft: 10438 corp: 1711/126Kb lim: 2687 exec/s: 1193 rss: 453Mb L: 55/2115 MS: 4 ChangeBit-CrossOver-InsertByte-EraseBytes-
#515485	REDUCE cov: 2906 ft: 10438 corp: 1711/126Kb lim: 2687 exec/s: 1193 rss: 453Mb L: 10/2115 MS: 1 EraseBytes-
#516051	REDUCE cov: 2907 ft: 10439 corp: 1712/126Kb lim: 2687 exec/s: 1191 rss: 453Mb L: 104/2115 MS: 1 ManualDict- DE: "INTEGER"-
#516187	REDUCE cov: 2907 ft: 10439 corp: 1712/126Kb lim: 2687 exec/s: 1192 rss: 453Mb L: 129/2115 MS: 1 EraseBytes-
#518594	REDUCE cov: 2907 ft: 10439 corp: 1712/126Kb lim: 2709 exec/s: 1192 rss: 453Mb L: 9/2115 MS: 2 CrossOver-EraseBytes-
#518990	REDUCE cov: 2907 ft: 10439 corp: 1712/126Kb lim: 2709 exec/s: 1193 rss: 453Mb L: 4/2115 MS: 1 EraseBytes-
#521423	REDUCE cov: 2907 ft: 10439 corp: 1712/126Kb lim: 2731 exec/s: 1193 rss: 453Mb L: 12/2115 MS: 3 InsertByte-ChangeASCIIInt-EraseBytes-
#523669	REDUCE cov: 2907 ft: 10439 corp: 1712/126Kb lim: 2753 exec/s: 1192 rss: 453Mb L: 149/2115 MS: 1 EraseBytes-
#524288	pulse  cov: 2907 ft: 10439 corp: 1712/126Kb lim: 2753 exec/s: 1194 rss: 453Mb
#524750	REDUCE cov: 2907 ft: 10439 corp: 1712/126Kb lim: 2753 exec/s: 1192 rss: 453Mb L: 41/2115 MS: 1 EraseBytes-
#524804	REDUCE cov: 2907 ft: 10439 corp: 1712/126Kb lim: 2753 exec/s: 1192 rss: 453Mb L: 17/2115 MS: 4 ChangeASCIIInt-ChangeBit-PersAutoDict-EraseBytes- DE: "\004\350"-
#524855	REDUCE cov: 2907 ft: 10439 corp: 1712/126Kb lim: 2753 exec/s: 1192 rss: 453Mb L: 120/2115 MS: 1 EraseBytes-
#527152	REDUCE cov: 2907 ft: 10439 corp: 1712/126Kb lim: 2775 exec/s: 1192 rss: 453Mb L: 152/2115 MS: 2 ManualDict-EraseBytes- DE: "FLOAT"-
#527474	REDUCE cov: 2907 ft: 10439 corp: 1712/125Kb lim: 2775 exec/s: 1193 rss: 453Mb L: 1229/2115 MS: 2 PersAutoDict-EraseBytes- DE: "\377\377U<\326k@\340"-
#528155	REDUCE cov: 2907 ft: 10439 corp: 1712/125Kb lim: 2775 exec/s: 1194 rss: 453Mb L: 25/2115 MS: 1 EraseBytes-
#528491	REDUCE cov: 2907 ft: 10439 corp: 1712/125Kb lim: 2775 exec/s: 1192 rss: 453Mb L: 19/2115 MS: 1 EraseBytes-
#528588	REDUCE cov: 2907 ft: 10439 corp: 1712/125Kb lim: 2775 exec/s: 1193 rss: 453Mb L: 32/2115 MS: 2 ChangeASCIIInt-EraseBytes-
#529154	REDUCE cov: 2907 ft: 10439 corp: 1712/125Kb lim: 2775 exec/s: 1194 rss: 453Mb L: 10/2115 MS: 1 EraseBytes-
#529210	REDUCE cov: 2907 ft: 10439 corp: 1712/125Kb lim: 2775 exec/s: 1194 rss: 453Mb L: 122/2115 MS: 1 EraseBytes-
#530766	REDUCE cov: 2907 ft: 10439 corp: 1712/125Kb lim: 2786 exec/s: 1192 rss: 453Mb L: 8/2115 MS: 1 EraseBytes-
#532162	NEW    cov: 2907 ft: 10440 corp: 1713/126Kb lim: 2797 exec/s: 1193 rss: 453Mb L: 321/2115 MS: 1 CopyPart-
#532269	REDUCE cov: 2907 ft: 10440 corp: 1713/126Kb lim: 2797 exec/s: 1193 rss: 453Mb L: 44/2115 MS: 2 ChangeBinInt-EraseBytes-
#532501	REDUCE cov: 2907 ft: 10441 corp: 1714/126Kb lim: 2797 exec/s: 1193 rss: 453Mb L: 128/2115 MS: 2 CopyPart-EraseBytes-
#532692	REDUCE cov: 2907 ft: 10441 corp: 1714/126Kb lim: 2797 exec/s: 1194 rss: 453Mb L: 123/2115 MS: 1 EraseBytes-
#533368	REDUCE cov: 2907 ft: 10441 corp: 1714/126Kb lim: 2797 exec/s: 1193 rss: 453Mb L: 63/2115 MS: 1 EraseBytes-
#534566	REDUCE cov: 2907 ft: 10441 corp: 1714/126Kb lim: 2808 exec/s: 1193 rss: 453Mb L: 72/2115 MS: 3 ChangeByte-InsertByte-EraseBytes-
#536412	REDUCE cov: 2907 ft: 10441 corp: 1714/126Kb lim: 2819 exec/s: 1192 rss: 453Mb L: 57/2115 MS: 1 EraseBytes-
#536955	REDUCE cov: 2907 ft: 10441 corp: 1714/126Kb lim: 2819 exec/s: 1193 rss: 453Mb L: 115/2115 MS: 2 CMP-EraseBytes- DE: "\002\000\000\000"-
#537141	REDUCE cov: 2907 ft: 10441 corp: 1714/126Kb lim: 2819 exec/s: 1193 rss: 453Mb L: 8/2115 MS: 1 EraseBytes-
#537293	REDUCE cov: 2907 ft: 10441 corp: 1714/126Kb lim: 2819 exec/s: 1193 rss: 453Mb L: 1894/2115 MS: 2 ShuffleBytes-EraseBytes-
#538769	REDUCE cov: 2907 ft: 10441 corp: 1714/126Kb lim: 2830 exec/s: 1194 rss: 453Mb L: 7/2115 MS: 1 EraseBytes-
#539178	REDUCE cov: 2907 ft: 10441 corp: 1714/126Kb lim: 2830 exec/s: 1192 rss: 453Mb L: 156/2115 MS: 4 CMP-ChangeBit-InsertRepeatedBytes-EraseBytes- DE: "z\001"-
#539519	REDUCE cov: 2907 ft: 10441 corp: 1714/126Kb lim: 2830 exec/s: 1193 rss: 453Mb L: 126/2115 MS: 1 EraseBytes-
#539645	REDUCE cov: 2907 ft: 10441 corp: 1714/126Kb lim: 2830 exec/s: 1193 rss: 453Mb L: 23/2115 MS: 1 EraseBytes-
#540006	REDUCE cov: 2907 ft: 10441 corp: 1714/126Kb lim: 2830 exec/s: 1194 rss: 453Mb L: 15/2115 MS: 1 EraseBytes-
#540173	REDUCE cov: 2907 ft: 10441 corp: 1714/126Kb lim: 2830 exec/s: 1192 rss: 453Mb L: 51/2115 MS: 2 ChangeASCIIInt-EraseBytes-
#541375	REDUCE cov: 2907 ft: 10441 corp: 1714/126Kb lim: 2841 exec/s: 1192 rss: 453Mb L: 87/2115 MS: 2 ManualDict-EraseBytes- DE: "GROUP"-
#541456	REDUCE cov: 2907 ft: 10441 corp: 1714/126Kb lim: 2841 exec/s: 1192 rss: 453Mb L: 135/2115 MS: 1 EraseBytes-
#542317	REDUCE cov: 2909 ft: 10443 corp: 1715/126Kb lim: 2841 exec/s: 1194 rss: 453Mb L: 16/2115 MS: 1 ChangeBinInt-
#542488	REDUCE cov: 2909 ft: 10443 corp: 1715/126Kb lim: 2841 exec/s: 1194 rss: 453Mb L: 60/2115 MS: 1 EraseBytes-
#545054	REDUCE cov: 2909 ft: 10443 corp: 1715/126Kb lim: 2863 exec/s: 1192 rss: 453Mb L: 78/2115 MS: 1 EraseBytes-
#546136	REDUCE cov: 2909 ft: 10443 corp: 1715/126Kb lim: 2863 exec/s: 1192 rss: 453Mb L: 79/2115 MS: 2 InsertByte-EraseBytes-
#546183	REDUCE cov: 2909 ft: 10443 corp: 1715/126Kb lim: 2863 exec/s: 1192 rss: 453Mb L: 22/2115 MS: 2 ChangeByte-EraseBytes-
#546415	REDUCE cov: 2909 ft: 10443 corp: 1715/126Kb lim: 2863 exec/s: 1193 rss: 453Mb L: 23/2115 MS: 2 ChangeBit-EraseBytes-
#547471	REDUCE cov: 2909 ft: 10443 corp: 1715/126Kb lim: 2863 exec/s: 1192 rss: 453Mb L: 36/2115 MS: 1 EraseBytes-
#547903	REDUCE cov: 2909 ft: 10443 corp: 1715/126Kb lim: 2863 exec/s: 1193 rss: 453Mb L: 24/2115 MS: 2 CMP-EraseBytes- DE: "ASQLTREE"-
#548124	REDUCE cov: 2909 ft: 10443 corp: 1715/126Kb lim: 2863 exec/s: 1191 rss: 453Mb L: 47/2115 MS: 1 EraseBytes-
#548816	REDUCE cov: 2909 ft: 10443 corp: 1715/126Kb lim: 2863 exec/s: 1190 rss: 453Mb L: 14/2115 MS: 2 ChangeByte-EraseBytes-
#548859	REDUCE cov: 2909 ft: 10443 corp: 1715/126Kb lim: 2863 exec/s: 1190 rss: 453Mb L: 25/2115 MS: 3 ManualDict-ManualDict-EraseBytes- DE: "d"-"INT"-
#549291	REDUCE cov: 2909 ft: 10443 corp: 1715/126Kb lim: 2863 exec/s: 1191 rss: 453Mb L: 18/2115 MS: 2 ChangeBit-EraseBytes-
#549412	REDUCE cov: 2909 ft: 10443 corp: 1715/126Kb lim: 2863 exec/s: 1191 rss: 453Mb L: 42/2115 MS: 1 EraseBytes-
#550398	REDUCE cov: 2909 ft: 10443 corp: 1715/126Kb lim: 2863 exec/s: 1191 rss: 453Mb L: 133/2115 MS: 1 EraseBytes-
#550914	REDUCE cov: 2909 ft: 10443 corp: 1715/126Kb lim: 2863 exec/s: 1189 rss: 453Mb L: 6/2115 MS: 1 EraseBytes-
#550992	REDUCE cov: 2909 ft: 10443 corp: 1715/125Kb lim: 2863 exec/s: 1190 rss: 453Mb L: 87/2115 MS: 3 ChangeBinInt-ManualDict-EraseBytes- DE: "WHERE"-
#550999	REDUCE cov: 2909 ft: 10443 corp: 1715/125Kb lim: 2863 exec/s: 1190 rss: 453Mb L: 12/2115 MS: 2 InsertByte-EraseBytes-
#551680	REDUCE cov: 2909 ft: 10443 corp: 1715/125Kb lim: 2863 exec/s: 1191 rss: 453Mb L: 76/2115 MS: 1 EraseBytes-
#551988	REDUCE cov: 2909 ft: 10443 corp: 1715/125Kb lim: 2863 exec/s: 1189 rss: 453Mb L: 29/2115 MS: 3 CopyPart-ChangeASCIIInt-EraseBytes-
#553677	REDUCE cov: 2909 ft: 10443 corp: 1715/125Kb lim: 2874 exec/s: 1190 rss: 453Mb L: 143/2115 MS: 4 CopyPart-ChangeBit-ShuffleBytes-EraseBytes-
#554099	REDUCE cov: 2909 ft: 10443 corp: 1715/125Kb lim: 2874 exec/s: 1191 rss: 453Mb L: 59/2115 MS: 2 ChangeBit-EraseBytes-
#555155	REDUCE cov: 2909 ft: 10445 corp: 1716/125Kb lim: 2874 exec/s: 1191 rss: 453Mb L: 31/2115 MS: 1 ManualDict- DE: "AS"-
#555986	REDUCE cov: 2909 ft: 10445 corp: 1716/125Kb lim: 2874 exec/s: 1190 rss: 453Mb L: 15/2115 MS: 1 EraseBytes-
#556136	NEW    cov: 2909 ft: 10448 corp: 1717/125Kb lim: 2874 exec/s: 1190 rss: 453Mb L: 9/2115 MS: 5 InsertByte-EraseBytes-ChangeByte-ChangeBit-ChangeBinInt-
#556812	NEW    cov: 2909 ft: 10459 corp: 1718/126Kb lim: 2874 exec/s: 1192 rss: 453Mb L: 77/2115 MS: 1 EraseBytes-
#556833	REDUCE cov: 2909 ft: 10459 corp: 1718/126Kb lim: 2874 exec/s: 1192 rss: 453Mb L: 12/2115 MS: 1 EraseBytes-
#556979	REDUCE cov: 2909 ft: 10459 corp: 1718/126Kb lim: 2874 exec/s: 1190 rss: 453Mb L: 574/2115 MS: 1 EraseBytes-
#557802	REDUCE cov: 2909 ft: 10459 corp: 1718/125Kb lim: 2874 exec/s: 1191 rss: 453Mb L: 34/2115 MS: 3 ChangeBit-ChangeBinInt-EraseBytes-
#558008	REDUCE cov: 2909 ft: 10459 corp: 1718/125Kb lim: 2874 exec/s: 1192 rss: 453Mb L: 59/2115 MS: 1 EraseBytes-
#558049	REDUCE cov: 2909 ft: 10459 corp: 1718/125Kb lim: 2874 exec/s: 1192 rss: 453Mb L: 92/2115 MS: 1 EraseBytes-
#558390	REDUCE cov: 2909 ft: 10459 corp: 1718/125Kb lim: 2874 exec/s: 1190 rss: 453Mb L: 41/2115 MS: 1 EraseBytes-
#558573	REDUCE cov: 2909 ft: 10459 corp: 1718/125Kb lim: 2874 exec/s: 1190 rss: 453Mb L: 17/2115 MS: 3 CMP-ChangeBit-EraseBytes- DE: "\000\000V<\326k@\340"-
#558859	REDUCE cov: 2909 ft: 10459 corp: 1718/125Kb lim: 2874 exec/s: 1191 rss: 453Mb L: 13/2115 MS: 1 EraseBytes-
#558950	REDUCE cov: 2909 ft: 10459 corp: 1718/125Kb lim: 2874 exec/s: 1191 rss: 453Mb L: 74/2115 MS: 1 EraseBytes-
#559541	REDUCE cov: 2909 ft: 10459 corp: 1718/125Kb lim: 2874 exec/s: 1190 rss: 453Mb L: 33/2115 MS: 1 EraseBytes-
#559672	REDUCE cov: 2909 ft: 10459 corp: 1718/125Kb lim: 2874 exec/s: 1190 rss: 453Mb L: 44/2115 MS: 1 EraseBytes-
#559868	REDUCE cov: 2909 ft: 10459 corp: 1718/125Kb lim: 2874 exec/s: 1191 rss: 453Mb L: 166/2115 MS: 1 EraseBytes-
#561021	REDUCE cov: 2909 ft: 10459 corp: 1718/125Kb lim: 2885 exec/s: 1191 rss: 453Mb L: 46/2115 MS: 3 ChangeBit-PersAutoDict-EraseBytes- DE: "\005\001i\035c\177\000\000"-
#562642	REDUCE cov: 2909 ft: 10459 corp: 1718/125Kb lim: 2896 exec/s: 1192 rss: 453Mb L: 34/2115 MS: 1 EraseBytes-
#563324	REDUCE cov: 2909 ft: 10459 corp: 1718/125Kb lim: 2896 exec/s: 1190 rss: 453Mb L: 386/2115 MS: 2 ManualDict-EraseBytes- DE: "!="-
#563600	REDUCE cov: 2909 ft: 10459 corp: 1718/125Kb lim: 2896 exec/s: 1191 rss: 453Mb L: 62/2115 MS: 1 EraseBytes-
#564286	REDUCE cov: 2909 ft: 10459 corp: 1718/125Kb lim: 2896 exec/s: 1190 rss: 453Mb L: 8/2115 MS: 1 EraseBytes-
#564433	REDUCE cov: 2909 ft: 10459 corp: 1718/125Kb lim: 2896 exec/s: 1190 rss: 453Mb L: 260/2115 MS: 2 ShuffleBytes-EraseBytes-
#564771	REDUCE cov: 2909 ft: 10459 corp: 1718/125Kb lim: 2896 exec/s: 1191 rss: 453Mb L: 174/2115 MS: 3 ChangeByte-PersAutoDict-EraseBytes- DE: "\377\377U<\326k@\340"-
#565177	REDUCE cov: 2909 ft: 10459 corp: 1718/125Kb lim: 2896 exec/s: 1192 rss: 453Mb L: 3/2115 MS: 1 EraseBytes-
#565269	REDUCE cov: 2909 ft: 10459 corp: 1718/125Kb lim: 2896 exec/s: 1192 rss: 453Mb L: 45/2115 MS: 2 PersAutoDict-EraseBytes- DE: "?"-
#565551	REDUCE cov: 2909 ft: 10459 corp: 1718/125Kb lim: 2896 exec/s: 1190 rss: 453Mb L: 31/2115 MS: 2 ChangeBinInt-EraseBytes-
#565697	REDUCE cov: 2909 ft: 10459 corp: 1718/125Kb lim: 2896 exec/s: 1190 rss: 453Mb L: 10/2115 MS: 1 EraseBytes-
#566103	REDUCE cov: 2909 ft: 10459 corp: 1718/125Kb lim: 2896 exec/s: 1191 rss: 453Mb L: 74/2115 MS: 1 EraseBytes-
#566239	REDUCE cov: 2909 ft: 10459 corp: 1718/125Kb lim: 2896 exec/s: 1192 rss: 453Mb L: 100/2115 MS: 1 EraseBytes-
#566329	REDUCE cov: 2909 ft: 10459 corp: 1718/125Kb lim: 2896 exec/s: 1192 rss: 453Mb L: 20/2115 MS: 5 CopyPart-ManualDict-ShuffleBytes-ShuffleBytes-EraseBytes- DE: "'"-
#566551	REDUCE cov: 2909 ft: 10459 corp: 1718/125Kb lim: 2896 exec/s: 1192 rss: 453Mb L: 98/2115 MS: 2 CMP-EraseBytes- DE: "\377\377\377\377"-
#567627	REDUCE cov: 2909 ft: 10459 corp: 1718/125Kb lim: 2896 exec/s: 1192 rss: 453Mb L: 97/2115 MS: 1 EraseBytes-
#567693	REDUCE cov: 2909 ft: 10459 corp: 1718/125Kb lim: 2896 exec/s: 1192 rss: 453Mb L: 59/2115 MS: 1 EraseBytes-
#567759	REDUCE cov: 2909 ft: 10459 corp: 1718/125Kb lim: 2896 exec/s: 1192 rss: 453Mb L: 45/2115 MS: 1 EraseBytes-
#567810	REDUCE cov: 2909 ft: 10459 corp: 1718/125Kb lim: 2896 exec/s: 1192 rss: 453Mb L: 9/2115 MS: 1 EraseBytes-
#567857	REDUCE cov: 2909 ft: 10459 corp: 1718/125Kb lim: 2896 exec/s: 1192 rss: 453Mb L: 100/2115 MS: 2 InsertRepeatedBytes-EraseBytes-
#567878	REDUCE cov: 2909 ft: 10459 corp: 1718/125Kb lim: 2896 exec/s: 1193 rss: 453Mb L: 87/2115 MS: 1 EraseBytes-
#567909	REDUCE cov: 2909 ft: 10459 corp: 1718/125Kb lim: 2896 exec/s: 1193 rss: 453Mb L: 37/2115 MS: 1 EraseBytes-
#568390	REDUCE cov: 2909 ft: 10459 corp: 1718/125Kb lim: 2896 exec/s: 1191 rss: 453Mb L: 14/2115 MS: 1 EraseBytes-
#568632	REDUCE cov: 2909 ft: 10459 corp: 1718/125Kb lim: 2896 exec/s: 1192 rss: 453Mb L: 84/2115 MS: 2 PersAutoDict-EraseBytes- DE: "\001\000V<\326q\222\220"-
#568725	REDUCE cov: 2909 ft: 10459 corp: 1718/125Kb lim: 2896 exec/s: 1192 rss: 453Mb L: 257/2115 MS: 3 ChangeASCIIInt-CopyPart-EraseBytes-
#568887	REDUCE cov: 2909 ft: 10459 corp: 1718/125Kb lim: 2896 exec/s: 1192 rss: 453Mb L: 12/2115 MS: 2 ManualDict-EraseBytes- DE: "--"-
#569578	REDUCE cov: 2909 ft: 10459 corp: 1718/125Kb lim: 2896 exec/s: 1191 rss: 453Mb L: 87/2115 MS: 1 EraseBytes-
#569984	REDUCE cov: 2909 ft: 10463 corp: 1719/128Kb lim: 2896 exec/s: 1192 rss: 453Mb L: 2757/2757 MS: 1 CopyPart-
#570420	REDUCE cov: 2909 ft: 10463 corp: 1719/128Kb lim: 2896 exec/s: 1190 rss: 453Mb L: 117/2757 MS: 1 EraseBytes-
#571802	REDUCE cov: 2909 ft: 10463 corp: 1719/128Kb lim: 2907 exec/s: 1191 rss: 453Mb L: 186/2757 MS: 2 ManualDict-EraseBytes- DE: "temps"-
#572063	REDUCE cov: 2909 ft: 10463 corp: 1719/128Kb lim: 2907 exec/s: 1191 rss: 453Mb L: 24/2757 MS: 1 EraseBytes-
#572154	REDUCE cov: 2909 ft: 10463 corp: 1719/128Kb lim: 2907 exec/s: 1191 rss: 453Mb L: 19/2757 MS: 1 EraseBytes-
#572795	REDUCE cov: 2909 ft: 10463 corp: 1719/128Kb lim: 2907 exec/s: 1190 rss: 453Mb L: 14/2757 MS: 1 EraseBytes-
#572896	REDUCE cov: 2909 ft: 10478 corp: 1720/128Kb lim: 2907 exec/s: 1191 rss: 453Mb L: 254/2757 MS: 1 CopyPart-
#573073	REDUCE cov: 2909 ft: 10478 corp: 1720/128Kb lim: 2907 exec/s: 1191 rss: 453Mb L: 27/2757 MS: 2 ChangeASCIIInt-EraseBytes-
#573154	REDUCE cov: 2909 ft: 10478 corp: 1720/128Kb lim: 2907 exec/s: 1191 rss: 453Mb L: 44/2757 MS: 1 EraseBytes-
#573535	REDUCE cov: 2909 ft: 10478 corp: 1720/128Kb lim: 2907 exec/s: 1192 rss: 453Mb L: 26/2757 MS: 1 EraseBytes-
#573737	REDUCE cov: 2909 ft: 10478 corp: 1720/128Kb lim: 2907 exec/s: 1192 rss: 453Mb L: 11/2757 MS: 2 ManualDict-EraseBytes- DE: "OFFSET"-
#574268	REDUCE cov: 2909 ft: 10478 corp: 1720/128Kb lim: 2907 exec/s: 1191 rss: 453Mb L: 4/2757 MS: 1 EraseBytes-
#574569	REDUCE cov: 2909 ft: 10478 corp: 1720/128Kb lim: 2907 exec/s: 1192 rss: 453Mb L: 191/2757 MS: 1 EraseBytes-
#574695	REDUCE cov: 2909 ft: 10478 corp: 1720/128Kb lim: 2907 exec/s: 1192 rss: 453Mb L: 117/2757 MS: 1 EraseBytes-
#574946	REDUCE cov: 2909 ft: 10478 corp: 1720/128Kb lim: 2907 exec/s: 1192 rss: 453Mb L: 6/2757 MS: 1 EraseBytes-
#575058	REDUCE cov: 2909 ft: 10478 corp: 1720/128Kb lim: 2907 exec/s: 1193 rss: 453Mb L: 119/2757 MS: 2 ChangeBinInt-EraseBytes-
#575249	REDUCE cov: 2909 ft: 10478 corp: 1720/128Kb lim: 2907 exec/s: 1190 rss: 453Mb L: 112/2757 MS: 1 EraseBytes-
#575320	REDUCE cov: 2909 ft: 10478 corp: 1720/128Kb lim: 2907 exec/s: 1191 rss: 453Mb L: 16/2757 MS: 1 EraseBytes-
#575350	REDUCE cov: 2909 ft: 10478 corp: 1720/128Kb lim: 2907 exec/s: 1191 rss: 453Mb L: 163/2757 MS: 5 CopyPart-ManualDict-CMP-InsertByte-EraseBytes- DE: "OR"-"\377\377\377\002"-
#575601	REDUCE cov: 2909 ft: 10478 corp: 1720/128Kb lim: 2907 exec/s: 1191 rss: 453Mb L: 43/2757 MS: 1 EraseBytes-
#575837	REDUCE cov: 2909 ft: 10478 corp: 1720/128Kb lim: 2907 exec/s: 1192 rss: 453Mb L: 15/2757 MS: 1 EraseBytes-
#577563	REDUCE cov: 2909 ft: 10478 corp: 1720/128Kb lim: 2918 exec/s: 1190 rss: 453Mb L: 146/2757 MS: 1 EraseBytes-
#578050	REDUCE cov: 2909 ft: 10478 corp: 1720/128Kb lim: 2918 exec/s: 1191 rss: 453Mb L: 17/2757 MS: 2 InsertByte-EraseBytes-
#578236	REDUCE cov: 2909 ft: 10478 corp: 1720/128Kb lim: 2918 exec/s: 1192 rss: 453Mb L: 56/2757 MS: 1 EraseBytes-
#578348	REDUCE cov: 2909 ft: 10478 corp: 1720/128Kb lim: 2918 exec/s: 1192 rss: 453Mb L: 13/2757 MS: 2 ChangeASCIIInt-EraseBytes-
#578574	REDUCE cov: 2909 ft: 10478 corp: 1720/128Kb lim: 2918 exec/s: 1192 rss: 453Mb L: 18/2757 MS: 1 EraseBytes-
#579110	REDUCE cov: 2909 ft: 10478 corp: 1720/128Kb lim: 2918 exec/s: 1191 rss: 453Mb L: 693/2757 MS: 1 EraseBytes-
#579384	REDUCE cov: 2909 ft: 10478 corp: 1720/128Kb lim: 2918 exec/s: 1192 rss: 453Mb L: 97/2757 MS: 4 ChangeBinInt-ChangeBinInt-ChangeBit-EraseBytes-
#580906	REDUCE cov: 2909 ft: 10478 corp: 1720/128Kb lim: 2929 exec/s: 1192 rss: 453Mb L: 63/2757 MS: 2 ChangeBit-EraseBytes-
#581069	REDUCE cov: 2909 ft: 10478 corp: 1720/128Kb lim: 2929 exec/s: 1190 rss: 453Mb L: 34/2757 MS: 3 InsertByte-PersAutoDict-EraseBytes- DE: "v"-
#582285	REDUCE cov: 2909 ft: 10478 corp: 1720/128Kb lim: 2940 exec/s: 1190 rss: 453Mb L: 528/2757 MS: 1 EraseBytes-
#582936	NEW    cov: 2909 ft: 10479 corp: 1721/128Kb lim: 2940 exec/s: 1192 rss: 453Mb L: 99/2757 MS: 1 ChangeByte-
#583371	REDUCE cov: 2909 ft: 10479 corp: 1721/128Kb lim: 2940 exec/s: 1192 rss: 453Mb L: 111/2757 MS: 5 ChangeBit-ChangeASCIIInt-InsertByte-InsertRepeatedBytes-EraseBytes-
#583802	REDUCE cov: 2909 ft: 10479 corp: 1721/128Kb lim: 2940 exec/s: 1191 rss: 453Mb L: 74/2757 MS: 1 EraseBytes-
#584003	REDUCE cov: 2909 ft: 10479 corp: 1721/128Kb lim: 2940 exec/s: 1191 rss: 453Mb L: 7/2757 MS: 1 EraseBytes-
#585559	REDUCE cov: 2909 ft: 10479 corp: 1721/128Kb lim: 2951 exec/s: 1192 rss: 453Mb L: 1776/2757 MS: 1 CrossOver-
#586120	REDUCE cov: 2909 ft: 10479 corp: 1721/128Kb lim: 2951 exec/s: 1191 rss: 453Mb L: 36/2757 MS: 1 EraseBytes-
#586871	REDUCE cov: 2909 ft: 10479 corp: 1721/128Kb lim: 2951 exec/s: 1192 rss: 453Mb L: 76/2757 MS: 1 EraseBytes-
#586972	REDUCE cov: 2909 ft: 10479 corp: 1721/128Kb lim: 2951 exec/s: 1193 rss: 453Mb L: 223/2757 MS: 1 EraseBytes-
#587562	REDUCE cov: 2909 ft: 10479 corp: 1721/128Kb lim: 2951 exec/s: 1191 rss: 453Mb L: 93/2757 MS: 5 ChangeBinInt-PersAutoDict-CopyPart-ChangeBinInt-EraseBytes- DE: "CREATE"-
#588208	REDUCE cov: 2909 ft: 10479 corp: 1721/128Kb lim: 2951 exec/s: 1193 rss: 453Mb L: 39/2757 MS: 1 EraseBytes-
#588330	REDUCE cov: 2909 ft: 10479 corp: 1721/128Kb lim: 2951 exec/s: 1190 rss: 453Mb L: 125/2757 MS: 2 ChangeByte-EraseBytes-
#588396	REDUCE cov: 2909 ft: 10479 corp: 1721/128Kb lim: 2951 exec/s: 1191 rss: 453Mb L: 50/2757 MS: 1 EraseBytes-
#589532	REDUCE cov: 2909 ft: 10479 corp: 1721/128Kb lim: 2962 exec/s: 1190 rss: 453Mb L: 41/2757 MS: 1 EraseBytes-
#589694	REDUCE cov: 2909 ft: 10479 corp: 1721/128Kb lim: 2962 exec/s: 1191 rss: 453Mb L: 83/2757 MS: 2 ChangeBinInt-EraseBytes-
#589800	REDUCE cov: 2909 ft: 10479 corp: 1721/128Kb lim: 2962 exec/s: 1191 rss: 453Mb L: 99/2757 MS: 1 EraseBytes-
#590296	REDUCE cov: 2909 ft: 10479 corp: 1721/128Kb lim: 2962 exec/s: 1192 rss: 453Mb L: 253/2757 MS: 1 EraseBytes-
#590342	REDUCE cov: 2909 ft: 10479 corp: 1721/128Kb lim: 2962 exec/s: 1192 rss: 453Mb L: 24/2757 MS: 1 EraseBytes-
#591318	REDUCE cov: 2909 ft: 10479 corp: 1721/128Kb lim: 2962 exec/s: 1192 rss: 453Mb L: 155/2757 MS: 1 EraseBytes-
#591894	REDUCE cov: 2909 ft: 10479 corp: 1721/128Kb lim: 2962 exec/s: 1190 rss: 453Mb L: 98/2757 MS: 1 EraseBytes-
#592840	REDUCE cov: 2909 ft: 10479 corp: 1721/128Kb lim: 2962 exec/s: 1192 rss: 453Mb L: 52/2757 MS: 1 EraseBytes-
#593461	REDUCE cov: 2909 ft: 10479 corp: 1721/128Kb lim: 2962 exec/s: 1191 rss: 453Mb L: 54/2757 MS: 1 EraseBytes-
#593472	REDUCE cov: 2909 ft: 10479 corp: 1721/128Kb lim: 2962 exec/s: 1191 rss: 453Mb L: 4/2757 MS: 1 EraseBytes-
#593543	REDUCE cov: 2909 ft: 10479 corp: 1721/128Kb lim: 2962 exec/s: 1191 rss: 453Mb L: 121/2757 MS: 1 EraseBytes-
#593544	NEW    cov: 2909 ft: 10481 corp: 1722/129Kb lim: 2962 exec/s: 1191 rss: 453Mb L: 1277/2757 MS: 1 CopyPart-
#594051	REDUCE cov: 2909 ft: 10481 corp: 1722/129Kb lim: 2962 exec/s: 1192 rss: 453Mb L: 65/2757 MS: 2 InsertByte-EraseBytes-
#595132	REDUCE cov: 2909 ft: 10481 corp: 1722/129Kb lim: 2962 exec/s: 1192 rss: 453Mb L: 31/2757 MS: 1 EraseBytes-
#595168	REDUCE cov: 2909 ft: 10481 corp: 1722/129Kb lim: 2962 exec/s: 1192 rss: 453Mb L: 38/2757 MS: 1 EraseBytes-
#596049	REDUCE cov: 2909 ft: 10482 corp: 1723/129Kb lim: 2962 exec/s: 1192 rss: 453Mb L: 27/2757 MS: 1 ChangeBit-
#596066	REDUCE cov: 2909 ft: 10482 corp: 1723/129Kb lim: 2962 exec/s: 1192 rss: 453Mb L: 14/2757 MS: 2 CrossOver-EraseBytes-
#596292	REDUCE cov: 2909 ft: 10482 corp: 1723/128Kb lim: 2962 exec/s: 1192 rss: 453Mb L: 1389/2757 MS: 1 EraseBytes-
#596818	REDUCE cov: 2909 ft: 10482 corp: 1723/128Kb lim: 2962 exec/s: 1191 rss: 453Mb L: 18/2757 MS: 1 EraseBytes-
#597190	REDUCE cov: 2909 ft: 10482 corp: 1723/128Kb lim: 2962 exec/s: 1191 rss: 453Mb L: 115/2757 MS: 2 CopyPart-EraseBytes-
#597321	REDUCE cov: 2909 ft: 10482 corp: 1723/128Kb lim: 2962 exec/s: 1192 rss: 453Mb L: 26/2757 MS: 1 EraseBytes-
#598372	REDUCE cov: 2909 ft: 10482 corp: 1723/128Kb lim: 2962 exec/s: 1191 rss: 453Mb L: 17/2757 MS: 1 EraseBytes-
#598408	REDUCE cov: 2909 ft: 10482 corp: 1723/128Kb lim: 2962 exec/s: 1192 rss: 453Mb L: 5/2757 MS: 1 EraseBytes-
#598430	REDUCE cov: 2909 ft: 10482 corp: 1723/128Kb lim: 2962 exec/s: 1192 rss: 453Mb L: 73/2757 MS: 2 InsertByte-EraseBytes-
#598527	REDUCE cov: 2909 ft: 10482 corp: 1723/128Kb lim: 2962 exec/s: 1192 rss: 453Mb L: 25/2757 MS: 2 ChangeByte-EraseBytes-
#598649	REDUCE cov: 2909 ft: 10482 corp: 1723/128Kb lim: 2962 exec/s: 1192 rss: 453Mb L: 4/2757 MS: 2 ManualDict-EraseBytes- DE: "*"-
#599149	REDUCE cov: 2909 ft: 10482 corp: 1723/128Kb lim: 2962 exec/s: 1193 rss: 453Mb L: 79/2757 MS: 5 PersAutoDict-ChangeByte-CopyPart-ShuffleBytes-EraseBytes- DE: "%"-
#601590	REDUCE cov: 2909 ft: 10482 corp: 1723/128Kb lim: 2984 exec/s: 1193 rss: 453Mb L: 59/2757 MS: 1 EraseBytes-
#601856	REDUCE cov: 2909 ft: 10482 corp: 1723/128Kb lim: 2984 exec/s: 1191 rss: 453Mb L: 64/2757 MS: 1 EraseBytes-
#603677	REDUCE cov: 2909 ft: 10482 corp: 1723/128Kb lim: 2995 exec/s: 1193 rss: 453Mb L: 82/2757 MS: 1 EraseBytes-
#606003	REDUCE cov: 2909 ft: 10482 corp: 1723/128Kb lim: 3017 exec/s: 1192 rss: 453Mb L: 69/2757 MS: 1 EraseBytes-
#606220	NEW    cov: 2909 ft: 10484 corp: 1724/128Kb lim: 3017 exec/s: 1193 rss: 453Mb L: 61/2757 MS: 2 ShuffleBytes-ManualDict- DE: "w"-
#607756	REDUCE cov: 2909 ft: 10484 corp: 1724/128Kb lim: 3028 exec/s: 1194 rss: 453Mb L: 18/2757 MS: 1 EraseBytes-
#607932	REDUCE cov: 2909 ft: 10484 corp: 1724/128Kb lim: 3028 exec/s: 1194 rss: 453Mb L: 36/2757 MS: 1 EraseBytes-
#608010	REDUCE cov: 2909 ft: 10484 corp: 1724/128Kb lim: 3028 exec/s: 1192 rss: 453Mb L: 86/2757 MS: 3 ShuffleBytes-ManualDict-EraseBytes- DE: "z"-
#608407	REDUCE cov: 2909 ft: 10484 corp: 1724/128Kb lim: 3028 exec/s: 1192 rss: 453Mb L: 30/2757 MS: 2 ChangeBit-EraseBytes-
#608427	REDUCE cov: 2909 ft: 10484 corp: 1724/128Kb lim: 3028 exec/s: 1192 rss: 453Mb L: 92/2757 MS: 5 ShuffleBytes-CopyPart-CMP-CrossOver-EraseBytes- DE: "\355@k\326<V\000\000"-
#608439	REDUCE cov: 2909 ft: 10484 corp: 1724/128Kb lim: 3028 exec/s: 1193 rss: 453Mb L: 35/2757 MS: 2 ChangeBinInt-EraseBytes-
#608550	REDUCE cov: 2909 ft: 10484 corp: 1724/128Kb lim: 3028 exec/s: 1193 rss: 453Mb L: 61/2757 MS: 1 EraseBytes-
#608596	REDUCE cov: 2909 ft: 10484 corp: 1724/128Kb lim: 3028 exec/s: 1193 rss: 453Mb L: 19/2757 MS: 1 EraseBytes-
#608682	REDUCE cov: 2909 ft: 10484 corp: 1724/128Kb lim: 3028 exec/s: 1193 rss: 453Mb L: 1353/2757 MS: 1 EraseBytes-
#608869	REDUCE cov: 2909 ft: 10484 corp: 1724/128Kb lim: 3028 exec/s: 1193 rss: 453Mb L: 11/2757 MS: 2 CrossOver-EraseBytes-
#609195	REDUCE cov: 2909 ft: 10484 corp: 1724/128Kb lim: 3028 exec/s: 1192 rss: 453Mb L: 507/2757 MS: 1 EraseBytes-
#609601	REDUCE cov: 2909 ft: 10484 corp: 1724/128Kb lim: 3028 exec/s: 1192 rss: 453Mb L: 130/2757 MS: 1 EraseBytes-
#609883	REDUCE cov: 2909 ft: 10484 corp: 1724/128Kb lim: 3028 exec/s: 1193 rss: 453Mb L: 48/2757 MS: 2 ChangeByte-EraseBytes-
#609994	REDUCE cov: 2909 ft: 10484 corp: 1724/128Kb lim: 3028 exec/s: 1193 rss: 453Mb L: 36/2757 MS: 1 EraseBytes-
#610176	REDUCE cov: 2909 ft: 10484 corp: 1724/128Kb lim: 3028 exec/s: 1194 rss: 453Mb L: 105/2757 MS: 2 CopyPart-EraseBytes-
#611143	REDUCE cov: 2909 ft: 10484 corp: 1724/128Kb lim: 3028 exec/s: 1193 rss: 453Mb L: 1133/2757 MS: 2 PersAutoDict-EraseBytes- DE: "\000\012"-
#611346	REDUCE cov: 2909 ft: 10484 corp: 1724/128Kb lim: 3028 exec/s: 1194 rss: 453Mb L: 68/2757 MS: 3 ChangeBit-CrossOver-EraseBytes-
#611917	REDUCE cov: 2909 ft: 10484 corp: 1724/128Kb lim: 3028 exec/s: 1192 rss: 453Mb L: 68/2757 MS: 1 EraseBytes-
#612578	REDUCE cov: 2909 ft: 10484 corp: 1724/128Kb lim: 3028 exec/s: 1194 rss: 453Mb L: 35/2757 MS: 1 EraseBytes-
#613130	REDUCE cov: 2909 ft: 10484 corp: 1724/128Kb lim: 3028 exec/s: 1192 rss: 453Mb L: 687/2757 MS: 2 ShuffleBytes-EraseBytes-
#613666	REDUCE cov: 2909 ft: 10485 corp: 1725/131Kb lim: 3028 exec/s: 1193 rss: 453Mb L: 2670/2757 MS: 1 CopyPart-
#613868	NEW    cov: 2909 ft: 10486 corp: 1726/131Kb lim: 3028 exec/s: 1194 rss: 453Mb L: 14/2757 MS: 2 CopyPart-ChangeBinInt-
#614300	REDUCE cov: 2909 ft: 10486 corp: 1726/131Kb lim: 3028 exec/s: 1192 rss: 453Mb L: 33/2757 MS: 2 ChangeASCIIInt-EraseBytes-
#614551	REDUCE cov: 2909 ft: 10486 corp: 1726/131Kb lim: 3028 exec/s: 1193 rss: 453Mb L: 514/2757 MS: 1 EraseBytes-
#614757	REDUCE cov: 2909 ft: 10486 corp: 1726/131Kb lim: 3028 exec/s: 1193 rss: 453Mb L: 26/2757 MS: 1 EraseBytes-
#614909	REDUCE cov: 2909 ft: 10486 corp: 1726/131Kb lim: 3028 exec/s: 1193 rss: 453Mb L: 34/2757 MS: 2 ChangeASCIIInt-EraseBytes-
#615100	REDUCE cov: 2909 ft: 10486 corp: 1726/131Kb lim: 3028 exec/s: 1194 rss: 453Mb L: 47/2757 MS: 1 EraseBytes-
#616077	REDUCE cov: 2909 ft: 10486 corp: 1726/131Kb lim: 3028 exec/s: 1193 rss: 453Mb L: 42/2757 MS: 2 ChangeASCIIInt-EraseBytes-
#616888	REDUCE cov: 2909 ft: 10486 corp: 1726/131Kb lim: 3028 exec/s: 1193 rss: 453Mb L: 105/2757 MS: 1 EraseBytes-
#618759	REDUCE cov: 2909 ft: 10486 corp: 1726/131Kb lim: 3039 exec/s: 1194 rss: 453Mb L: 41/2757 MS: 1 EraseBytes-
#618810	REDUCE cov: 2909 ft: 10486 corp: 1726/131Kb lim: 3039 exec/s: 1194 rss: 453Mb L: 42/2757 MS: 1 EraseBytes-
#619541	REDUCE cov: 2909 ft: 10486 corp: 1726/131Kb lim: 3039 exec/s: 1193 rss: 453Mb L: 87/2757 MS: 1 EraseBytes-
#620162	REDUCE cov: 2909 ft: 10486 corp: 1726/131Kb lim: 3039 exec/s: 1192 rss: 453Mb L: 20/2757 MS: 1 EraseBytes-
#620216	REDUCE cov: 2909 ft: 10486 corp: 1726/131Kb lim: 3039 exec/s: 1192 rss: 453Mb L: 615/2757 MS: 4 ManualDict-PersAutoDict-ChangeBinInt-EraseBytes- DE: "seq"-"value"-
#620897	REDUCE cov: 2909 ft: 10486 corp: 1726/131Kb lim: 3039 exec/s: 1194 rss: 453Mb L: 18/2757 MS: 1 EraseBytes-
#621286	REDUCE cov: 2909 ft: 10486 corp: 1726/131Kb lim: 3039 exec/s: 1194 rss: 453Mb L: 24/2757 MS: 4 PersAutoDict-ChangeByte-ChangeBit-EraseBytes- DE: "\000\000\000\002"-
#621425	REDUCE cov: 2909 ft: 10486 corp: 1726/131Kb lim: 3039 exec/s: 1192 rss: 453Mb L: 27/2757 MS: 4 PersAutoDict-ChangeBit-ManualDict-EraseBytes- DE: "VALUES"-"!="-
#622196	REDUCE cov: 2909 ft: 10486 corp: 1726/131Kb lim: 3039 exec/s: 1194 rss: 453Mb L: 21/2757 MS: 1 EraseBytes-
#623378	REDUCE cov: 2909 ft: 10486 corp: 1726/131Kb lim: 3050 exec/s: 1194 rss: 453Mb L: 18/2757 MS: 2 ChangeBit-EraseBytes-
#623424	REDUCE cov: 2909 ft: 10486 corp: 1726/131Kb lim: 3050 exec/s: 1194 rss: 453Mb L: 20/2757 MS: 1 EraseBytes-
#624345	REDUCE cov: 2909 ft: 10486 corp: 1726/131Kb lim: 3050 exec/s: 1193 rss: 453Mb L: 12/2757 MS: 1 EraseBytes-
#624841	REDUCE cov: 2909 ft: 10486 corp: 1726/131Kb lim: 3050 exec/s: 1194 rss: 453Mb L: 6/2757 MS: 1 EraseBytes-
#624997	REDUCE cov: 2909 ft: 10486 corp: 1726/131Kb lim: 3050 exec/s: 1195 rss: 453Mb L: 11/2757 MS: 1 EraseBytes-
#625126	REDUCE cov: 2909 ft: 10486 corp: 1726/131Kb lim: 3050 exec/s: 1192 rss: 453Mb L: 44/2757 MS: 4 ChangeByte-ChangeBinInt-ChangeByte-EraseBytes-
#625203	REDUCE cov: 2909 ft: 10486 corp: 1726/131Kb lim: 3050 exec/s: 1193 rss: 453Mb L: 23/2757 MS: 2 ChangeBit-EraseBytes-
#625514	REDUCE cov: 2909 ft: 10486 corp: 1726/131Kb lim: 3050 exec/s: 1193 rss: 453Mb L: 28/2757 MS: 1 EraseBytes-
#627143	REDUCE cov: 2909 ft: 10487 corp: 1727/131Kb lim: 3061 exec/s: 1194 rss: 453Mb L: 499/2757 MS: 4 PersAutoDict-CopyPart-ChangeByte-CopyPart- DE: "GROUP"-
#627689	REDUCE cov: 2909 ft: 10487 corp: 1727/131Kb lim: 3061 exec/s: 1193 rss: 453Mb L: 8/2757 MS: 1 EraseBytes-
#627695	REDUCE cov: 2909 ft: 10487 corp: 1727/131Kb lim: 3061 exec/s: 1193 rss: 453Mb L: 24/2757 MS: 1 EraseBytes-
#627702	REDUCE cov: 2909 ft: 10487 corp: 1727/131Kb lim: 3061 exec/s: 1193 rss: 453Mb L: 27/2757 MS: 2 ChangeByte-EraseBytes-
#628269	REDUCE cov: 2909 ft: 10487 corp: 1727/131Kb lim: 3061 exec/s: 1194 rss: 453Mb L: 65/2757 MS: 2 CrossOver-EraseBytes-
#628837	REDUCE cov: 2909 ft: 10487 corp: 1727/131Kb lim: 3061 exec/s: 1193 rss: 453Mb L: 21/2757 MS: 3 CopyPart-ChangeASCIIInt-EraseBytes-
#629673	REDUCE cov: 2909 ft: 10487 corp: 1727/131Kb lim: 3061 exec/s: 1194 rss: 453Mb L: 5/2757 MS: 1 EraseBytes-
#629872	REDUCE cov: 2909 ft: 10487 corp: 1727/131Kb lim: 3061 exec/s: 1195 rss: 453Mb L: 31/2757 MS: 4 ChangeASCIIInt-ChangeASCIIInt-InsertByte-EraseBytes-
#629993	REDUCE cov: 2909 ft: 10487 corp: 1727/131Kb lim: 3061 exec/s: 1193 rss: 453Mb L: 38/2757 MS: 1 EraseBytes-
#630244	REDUCE cov: 2909 ft: 10487 corp: 1727/131Kb lim: 3061 exec/s: 1193 rss: 453Mb L: 68/2757 MS: 1 EraseBytes-
#631355	REDUCE cov: 2909 ft: 10487 corp: 1727/131Kb lim: 3072 exec/s: 1193 rss: 453Mb L: 7/2757 MS: 1 EraseBytes-
#632281	REDUCE cov: 2909 ft: 10487 corp: 1727/131Kb lim: 3072 exec/s: 1195 rss: 453Mb L: 1790/2757 MS: 1 EraseBytes-
#632754	NEW    cov: 2909 ft: 10489 corp: 1728/131Kb lim: 3072 exec/s: 1193 rss: 453Mb L: 93/2757 MS: 3 CopyPart-CopyPart-EraseBytes-
#632805	REDUCE cov: 2909 ft: 10489 corp: 1728/131Kb lim: 3072 exec/s: 1193 rss: 453Mb L: 18/2757 MS: 1 EraseBytes-
#632866	REDUCE cov: 2909 ft: 10489 corp: 1728/131Kb lim: 3072 exec/s: 1194 rss: 453Mb L: 25/2757 MS: 1 EraseBytes-
#633127	REDUCE cov: 2909 ft: 10489 corp: 1728/131Kb lim: 3072 exec/s: 1194 rss: 453Mb L: 56/2757 MS: 1 EraseBytes-
#633234	REDUCE cov: 2909 ft: 10489 corp: 1728/131Kb lim: 3072 exec/s: 1194 rss: 453Mb L: 20/2757 MS: 2 ChangeBit-EraseBytes-
#633860	REDUCE cov: 2909 ft: 10489 corp: 1728/131Kb lim: 3072 exec/s: 1193 rss: 453Mb L: 54/2757 MS: 1 EraseBytes-
#634964	REDUCE cov: 2909 ft: 10489 corp: 1728/131Kb lim: 3072 exec/s: 1195 rss: 453Mb L: 10/2757 MS: 4 InsertByte-InsertByte-ChangeBit-EraseBytes-
#635145	REDUCE cov: 2909 ft: 10489 corp: 1728/131Kb lim: 3072 exec/s: 1193 rss: 453Mb L: 13/2757 MS: 1 EraseBytes-
#635592	REDUCE cov: 2909 ft: 10489 corp: 1728/131Kb lim: 3072 exec/s: 1194 rss: 453Mb L: 7/2757 MS: 2 ManualDict-EraseBytes- DE: "ASC"-
#635738	REDUCE cov: 2909 ft: 10489 corp: 1728/131Kb lim: 3072 exec/s: 1194 rss: 453Mb L: 46/2757 MS: 1 EraseBytes-
#635804	REDUCE cov: 2909 ft: 10489 corp: 1728/131Kb lim: 3072 exec/s: 1195 rss: 453Mb L: 25/2757 MS: 1 EraseBytes-
#636080	REDUCE cov: 2909 ft: 10489 corp: 1728/131Kb lim: 3072 exec/s: 1195 rss: 453Mb L: 43/2757 MS: 1 EraseBytes-
#636563	REDUCE cov: 2909 ft: 10489 corp: 1728/131Kb lim: 3072 exec/s: 1194 rss: 453Mb L: 77/2757 MS: 3 CopyPart-CopyPart-EraseBytes-
#636649	REDUCE cov: 2909 ft: 10489 corp: 1728/131Kb lim: 3072 exec/s: 1194 rss: 453Mb L: 95/2757 MS: 1 EraseBytes-
#637022	REDUCE cov: 2909 ft: 10489 corp: 1728/131Kb lim: 3072 exec/s: 1195 rss: 453Mb L: 50/2757 MS: 3 CopyPart-ChangeBit-EraseBytes-
#637540	REDUCE cov: 2909 ft: 10490 corp: 1729/131Kb lim: 3072 exec/s: 1196 rss: 453Mb L: 239/2757 MS: 3 CopyPart-InsertRepeatedBytes-CrossOver-
#637591	REDUCE cov: 2909 ft: 10490 corp: 1729/131Kb lim: 3072 exec/s: 1193 rss: 453Mb L: 17/2757 MS: 1 EraseBytes-
#638282	REDUCE cov: 2909 ft: 10490 corp: 1729/131Kb lim: 3072 exec/s: 1195 rss: 453Mb L: 59/2757 MS: 1 EraseBytes-
#639048	REDUCE cov: 2909 ft: 10490 corp: 1729/131Kb lim: 3072 exec/s: 1194 rss: 453Mb L: 63/2757 MS: 1 EraseBytes-
#639534	REDUCE cov: 2909 ft: 10490 corp: 1729/131Kb lim: 3072 exec/s: 1195 rss: 453Mb L: 95/2757 MS: 1 EraseBytes-
#639870	REDUCE cov: 2909 ft: 10490 corp: 1729/131Kb lim: 3072 exec/s: 1196 rss: 453Mb L: 13/2757 MS: 1 EraseBytes-
#644176	REDUCE cov: 2909 ft: 10490 corp: 1729/131Kb lim: 3105 exec/s: 1195 rss: 453Mb L: 4/2757 MS: 1 EraseBytes-
#646838	NEW    cov: 2909 ft: 10491 corp: 1730/131Kb lim: 3127 exec/s: 1195 rss: 453Mb L: 239/2757 MS: 2 ShuffleBytes-CrossOver-
#646909	REDUCE cov: 2909 ft: 10491 corp: 1730/131Kb lim: 3127 exec/s: 1195 rss: 453Mb L: 5/2757 MS: 1 EraseBytes-
#647085	REDUCE cov: 2909 ft: 10491 corp: 1730/131Kb lim: 3127 exec/s: 1196 rss: 453Mb L: 28/2757 MS: 1 EraseBytes-
#648446	REDUCE cov: 2909 ft: 10491 corp: 1730/131Kb lim: 3138 exec/s: 1196 rss: 453Mb L: 28/2757 MS: 1 EraseBytes-
#649237	REDUCE cov: 2909 ft: 10491 corp: 1730/131Kb lim: 3138 exec/s: 1195 rss: 453Mb L: 15/2757 MS: 1 EraseBytes-
#649480	REDUCE cov: 2909 ft: 10491 corp: 1730/131Kb lim: 3138 exec/s: 1196 rss: 453Mb L: 20/2757 MS: 3 ChangeBinInt-ShuffleBytes-EraseBytes-
#649815	NEW    cov: 2909 ft: 10492 corp: 1731/132Kb lim: 3138 exec/s: 1196 rss: 453Mb L: 121/2757 MS: 5 CMP-ChangeBit-CopyPart-ChangeByte-CopyPart- DE: "\000\000\003D"-
#651007	REDUCE cov: 2909 ft: 10492 corp: 1731/132Kb lim: 3149 exec/s: 1196 rss: 453Mb L: 92/2757 MS: 2 CrossOver-EraseBytes-
#651029	REDUCE cov: 2909 ft: 10492 corp: 1731/132Kb lim: 3149 exec/s: 1196 rss: 453Mb L: 8/2757 MS: 2 ChangeByte-EraseBytes-
#651915	REDUCE cov: 2909 ft: 10492 corp: 1731/132Kb lim: 3149 exec/s: 1196 rss: 453Mb L: 104/2757 MS: 1 EraseBytes-
#653126	REDUCE cov: 2909 ft: 10492 corp: 1731/132Kb lim: 3160 exec/s: 1196 rss: 453Mb L: 75/2757 MS: 1 EraseBytes-
#653242	REDUCE cov: 2909 ft: 10492 corp: 1731/132Kb lim: 3160 exec/s: 1196 rss: 453Mb L: 16/2757 MS: 1 EraseBytes-
#653923	REDUCE cov: 2909 ft: 10492 corp: 1731/132Kb lim: 3160 exec/s: 1195 rss: 453Mb L: 17/2757 MS: 1 EraseBytes-
#654149	REDUCE cov: 2909 ft: 10492 corp: 1731/132Kb lim: 3160 exec/s: 1195 rss: 453Mb L: 72/2757 MS: 1 EraseBytes-
#654571	NEW    cov: 2909 ft: 10493 corp: 1732/135Kb lim: 3160 exec/s: 1196 rss: 453Mb L: 3053/3053 MS: 2 InsertByte-CopyPart-
#654709	REDUCE cov: 2909 ft: 10493 corp: 1732/135Kb lim: 3160 exec/s: 1196 rss: 453Mb L: 51/3053 MS: 3 ShuffleBytes-ManualDict-EraseBytes- DE: "1e308"-
#654815	REDUCE cov: 2909 ft: 10493 corp: 1732/134Kb lim: 3160 exec/s: 1194 rss: 453Mb L: 29/3053 MS: 1 EraseBytes-
#655001	REDUCE cov: 2909 ft: 10493 corp: 1732/134Kb lim: 3160 exec/s: 1195 rss: 453Mb L: 10/3053 MS: 1 EraseBytes-
#657437	REDUCE cov: 2909 ft: 10493 corp: 1732/134Kb lim: 3182 exec/s: 1195 rss: 453Mb L: 22/3053 MS: 1 EraseBytes-
#658153	REDUCE cov: 2909 ft: 10493 corp: 1732/134Kb lim: 3182 exec/s: 1196 rss: 453Mb L: 102/3053 MS: 1 EraseBytes-
#658749	REDUCE cov: 2909 ft: 10493 corp: 1732/134Kb lim: 3182 exec/s: 1195 rss: 453Mb L: 9/3053 MS: 1 EraseBytes-
#659046	REDUCE cov: 2909 ft: 10493 corp: 1732/134Kb lim: 3182 exec/s: 1196 rss: 453Mb L: 18/3053 MS: 2 CopyPart-EraseBytes-
#659257	REDUCE cov: 2909 ft: 10493 corp: 1732/134Kb lim: 3182 exec/s: 1196 rss: 453Mb L: 69/3053 MS: 1 EraseBytes-
#659618	REDUCE cov: 2909 ft: 10493 corp: 1732/134Kb lim: 3182 exec/s: 1197 rss: 453Mb L: 1334/3053 MS: 5 InsertRepeatedBytes-ChangeBinInt-CopyPart-ChangeBinInt-EraseBytes-
#659784	REDUCE cov: 2909 ft: 10493 corp: 1732/134Kb lim: 3182 exec/s: 1195 rss: 453Mb L: 7/3053 MS: 1 EraseBytes-
#659880	REDUCE cov: 2909 ft: 10493 corp: 1732/134Kb lim: 3182 exec/s: 1195 rss: 453Mb L: 6/3053 MS: 1 EraseBytes-
#662566	REDUCE cov: 2909 ft: 10493 corp: 1732/134Kb lim: 3204 exec/s: 1195 rss: 453Mb L: 6/3053 MS: 1 EraseBytes-
#662680	REDUCE cov: 2909 ft: 10493 corp: 1732/134Kb lim: 3204 exec/s: 1196 rss: 453Mb L: 43/3053 MS: 4 CopyPart-ChangeBit-ShuffleBytes-EraseBytes-
#663471	REDUCE cov: 2909 ft: 10501 corp: 1733/134Kb lim: 3204 exec/s: 1197 rss: 453Mb L: 56/3053 MS: 1 InsertRepeatedBytes-
#663667	REDUCE cov: 2909 ft: 10501 corp: 1733/134Kb lim: 3204 exec/s: 1195 rss: 453Mb L: 28/3053 MS: 1 EraseBytes-
#664208	REDUCE cov: 2909 ft: 10501 corp: 1733/134Kb lim: 3204 exec/s: 1196 rss: 453Mb L: 30/3053 MS: 1 EraseBytes-
#664274	REDUCE cov: 2909 ft: 10501 corp: 1733/134Kb lim: 3204 exec/s: 1196 rss: 453Mb L: 60/3053 MS: 1 EraseBytes-
#664592	NEW    cov: 2910 ft: 10502 corp: 1734/136Kb lim: 3204 exec/s: 1197 rss: 453Mb L: 2105/3053 MS: 3 ShuffleBytes-CopyPart-CopyPart-
#664956	REDUCE cov: 2910 ft: 10502 corp: 1734/136Kb lim: 3204 exec/s: 1195 rss: 453Mb L: 12/3053 MS: 4 ShuffleBytes-CopyPart-ChangeByte-EraseBytes-
#665254	REDUCE cov: 2910 ft: 10502 corp: 1734/136Kb lim: 3204 exec/s: 1196 rss: 453Mb L: 43/3053 MS: 3 ChangeASCIIInt-CopyPart-EraseBytes-
#666058	REDUCE cov: 2910 ft: 10502 corp: 1734/136Kb lim: 3204 exec/s: 1195 rss: 453Mb L: 8/3053 MS: 4 ChangeByte-EraseBytes-ManualDict-EraseBytes- DE: "ORDER"-
#666224	REDUCE cov: 2910 ft: 10502 corp: 1734/136Kb lim: 3204 exec/s: 1196 rss: 453Mb L: 66/3053 MS: 1 EraseBytes-
#666281	REDUCE cov: 2910 ft: 10502 corp: 1734/136Kb lim: 3204 exec/s: 1196 rss: 453Mb L: 52/3053 MS: 2 CMP-EraseBytes- DE: "\000\000V<\326k@\340"-
#666317	NEW    cov: 2910 ft: 10503 corp: 1735/136Kb lim: 3204 exec/s: 1196 rss: 453Mb L: 7/3053 MS: 1 ChangeBit-
#666544	REDUCE cov: 2910 ft: 10503 corp: 1735/136Kb lim: 3204 exec/s: 1196 rss: 453Mb L: 22/3053 MS: 2 ManualDict-EraseBytes- DE: "DROP"-
#668671	REDUCE cov: 2910 ft: 10503 corp: 1735/136Kb lim: 3215 exec/s: 1196 rss: 453Mb L: 13/3053 MS: 2 InsertByte-EraseBytes-
#669087	REDUCE cov: 2910 ft: 10503 corp: 1735/136Kb lim: 3215 exec/s: 1196 rss: 453Mb L: 68/3053 MS: 1 EraseBytes-
#669105	REDUCE cov: 2910 ft: 10503 corp: 1735/136Kb lim: 3215 exec/s: 1196 rss: 453Mb L: 42/3053 MS: 3 ChangeBit-PersAutoDict-EraseBytes- DE: "t2"-
#669601	REDUCE cov: 2910 ft: 10503 corp: 1735/136Kb lim: 3215 exec/s: 1197 rss: 453Mb L: 20/3053 MS: 1 EraseBytes-
#670079	REDUCE cov: 2910 ft: 10503 corp: 1735/136Kb lim: 3215 exec/s: 1196 rss: 453Mb L: 147/3053 MS: 3 ChangeByte-InsertByte-EraseBytes-
#670346	REDUCE cov: 2910 ft: 10503 corp: 1735/136Kb lim: 3215 exec/s: 1197 rss: 453Mb L: 85/3053 MS: 2 ChangeBinInt-EraseBytes-
#670452	REDUCE cov: 2910 ft: 10503 corp: 1735/136Kb lim: 3215 exec/s: 1197 rss: 453Mb L: 10/3053 MS: 1 EraseBytes-
#670528	REDUCE cov: 2910 ft: 10503 corp: 1735/136Kb lim: 3215 exec/s: 1197 rss: 453Mb L: 234/3053 MS: 1 EraseBytes-
#670714	REDUCE cov: 2910 ft: 10503 corp: 1735/136Kb lim: 3215 exec/s: 1197 rss: 453Mb L: 72/3053 MS: 1 EraseBytes-
#670870	REDUCE cov: 2910 ft: 10503 corp: 1735/136Kb lim: 3215 exec/s: 1197 rss: 453Mb L: 7/3053 MS: 1 EraseBytes-
#671526	REDUCE cov: 2910 ft: 10503 corp: 1735/136Kb lim: 3215 exec/s: 1197 rss: 453Mb L: 46/3053 MS: 1 EraseBytes-
#672062	REDUCE cov: 2910 ft: 10503 corp: 1735/136Kb lim: 3215 exec/s: 1197 rss: 453Mb L: 19/3053 MS: 1 EraseBytes-
#672229	REDUCE cov: 2910 ft: 10503 corp: 1735/136Kb lim: 3215 exec/s: 1198 rss: 453Mb L: 56/3053 MS: 2 CopyPart-EraseBytes-
#673040	REDUCE cov: 2910 ft: 10503 corp: 1735/136Kb lim: 3215 exec/s: 1197 rss: 453Mb L: 13/3053 MS: 1 EraseBytes-
#674125	REDUCE cov: 2910 ft: 10503 corp: 1735/136Kb lim: 3215 exec/s: 1197 rss: 453Mb L: 14/3053 MS: 5 ChangeByte-ChangeByte-CopyPart-EraseBytes-EraseBytes-
#674326	REDUCE cov: 2910 ft: 10503 corp: 1735/136Kb lim: 3215 exec/s: 1197 rss: 453Mb L: 49/3053 MS: 1 EraseBytes-
#674897	REDUCE cov: 2910 ft: 10503 corp: 1735/136Kb lim: 3215 exec/s: 1196 rss: 453Mb L: 37/3053 MS: 1 EraseBytes-
#675043	REDUCE cov: 2910 ft: 10503 corp: 1735/136Kb lim: 3215 exec/s: 1196 rss: 453Mb L: 35/3053 MS: 1 EraseBytes-
#675094	REDUCE cov: 2910 ft: 10503 corp: 1735/136Kb lim: 3215 exec/s: 1196 rss: 453Mb L: 76/3053 MS: 1 EraseBytes-
#675508	REDUCE cov: 2910 ft: 10503 corp: 1735/136Kb lim: 3215 exec/s: 1197 rss: 453Mb L: 27/3053 MS: 4 ChangeBinInt-PersAutoDict-ManualDict-EraseBytes- DE: "b"-"ROUND("-
#675877	REDUCE cov: 2910 ft: 10503 corp: 1735/136Kb lim: 3215 exec/s: 1198 rss: 453Mb L: 344/3053 MS: 4 EraseBytes-ChangeBit-ChangeBit-CrossOver-
#676683	REDUCE cov: 2910 ft: 10503 corp: 1735/136Kb lim: 3215 exec/s: 1197 rss: 453Mb L: 107/3053 MS: 1 EraseBytes-
#677915	REDUCE cov: 2910 ft: 10503 corp: 1735/136Kb lim: 3226 exec/s: 1197 rss: 453Mb L: 23/3053 MS: 2 ChangeByte-EraseBytes-
#678617	REDUCE cov: 2910 ft: 10503 corp: 1735/136Kb lim: 3226 exec/s: 1196 rss: 453Mb L: 38/3053 MS: 2 ChangeBinInt-EraseBytes-
#679156	REDUCE cov: 2910 ft: 10503 corp: 1735/136Kb lim: 3226 exec/s: 1197 rss: 453Mb L: 1553/3053 MS: 4 ChangeASCIIInt-InsertRepeatedBytes-CopyPart-EraseBytes-
#679606	REDUCE cov: 2910 ft: 10503 corp: 1735/136Kb lim: 3226 exec/s: 1196 rss: 453Mb L: 159/3053 MS: 5 ShuffleBytes-EraseBytes-ChangeBit-CopyPart-CopyPart-
#679677	REDUCE cov: 2910 ft: 10503 corp: 1735/136Kb lim: 3226 exec/s: 1196 rss: 453Mb L: 25/3053 MS: 1 EraseBytes-
#680643	REDUCE cov: 2910 ft: 10503 corp: 1735/136Kb lim: 3226 exec/s: 1198 rss: 453Mb L: 1599/3053 MS: 1 EraseBytes-
#681079	NEW    cov: 2910 ft: 10507 corp: 1736/136Kb lim: 3226 exec/s: 1196 rss: 453Mb L: 51/3053 MS: 1 ChangeBit-
#681211	REDUCE cov: 2910 ft: 10507 corp: 1736/136Kb lim: 3226 exec/s: 1197 rss: 453Mb L: 187/3053 MS: 2 ChangeBinInt-EraseBytes-
#681443	REDUCE cov: 2910 ft: 10507 corp: 1736/136Kb lim: 3226 exec/s: 1197 rss: 453Mb L: 65/3053 MS: 2 ChangeASCIIInt-EraseBytes-
#681729	REDUCE cov: 2910 ft: 10507 corp: 1736/136Kb lim: 3226 exec/s: 1198 rss: 453Mb L: 464/3053 MS: 1 EraseBytes-
#682500	REDUCE cov: 2910 ft: 10507 corp: 1736/136Kb lim: 3226 exec/s: 1197 rss: 453Mb L: 43/3053 MS: 1 EraseBytes-
#682506	REDUCE cov: 2910 ft: 10507 corp: 1736/136Kb lim: 3226 exec/s: 1197 rss: 453Mb L: 64/3053 MS: 1 EraseBytes-
#682577	REDUCE cov: 2910 ft: 10507 corp: 1736/136Kb lim: 3226 exec/s: 1197 rss: 453Mb L: 229/3053 MS: 1 EraseBytes-
#682604	REDUCE cov: 2910 ft: 10507 corp: 1736/136Kb lim: 3226 exec/s: 1197 rss: 453Mb L: 11/3053 MS: 2 ChangeByte-EraseBytes-
#682715	REDUCE cov: 2910 ft: 10507 corp: 1736/136Kb lim: 3226 exec/s: 1197 rss: 453Mb L: 31/3053 MS: 1 EraseBytes-
#682846	REDUCE cov: 2910 ft: 10507 corp: 1736/136Kb lim: 3226 exec/s: 1197 rss: 453Mb L: 25/3053 MS: 1 EraseBytes-
#682997	REDUCE cov: 2910 ft: 10507 corp: 1736/136Kb lim: 3226 exec/s: 1198 rss: 453Mb L: 10/3053 MS: 1 EraseBytes-
#683258	REDUCE cov: 2910 ft: 10507 corp: 1736/136Kb lim: 3226 exec/s: 1196 rss: 453Mb L: 52/3053 MS: 1 EraseBytes-
#683355	REDUCE cov: 2910 ft: 10507 corp: 1736/136Kb lim: 3226 exec/s: 1196 rss: 453Mb L: 32/3053 MS: 2 PersAutoDict-EraseBytes- DE: "\377\377\377\377"-
#683827	NEW    cov: 2910 ft: 10509 corp: 1737/136Kb lim: 3226 exec/s: 1197 rss: 453Mb L: 105/3053 MS: 2 InsertByte-CopyPart-
#683998	REDUCE cov: 2910 ft: 10509 corp: 1737/136Kb lim: 3226 exec/s: 1197 rss: 453Mb L: 10/3053 MS: 1 EraseBytes-
#684269	REDUCE cov: 2910 ft: 10509 corp: 1737/136Kb lim: 3226 exec/s: 1198 rss: 453Mb L: 7/3053 MS: 1 EraseBytes-
#684432	REDUCE cov: 2910 ft: 10509 corp: 1737/136Kb lim: 3226 exec/s: 1196 rss: 453Mb L: 1146/3053 MS: 3 CMP-ChangeBinInt-EraseBytes- DE: "\202\3664\035c\177\000\000"-
#686203	REDUCE cov: 2910 ft: 10509 corp: 1737/136Kb lim: 3237 exec/s: 1197 rss: 453Mb L: 20/3053 MS: 1 EraseBytes-
#686634	REDUCE cov: 2910 ft: 10509 corp: 1737/136Kb lim: 3237 exec/s: 1198 rss: 453Mb L: 2058/3053 MS: 1 EraseBytes-
#686731	REDUCE cov: 2910 ft: 10509 corp: 1737/136Kb lim: 3237 exec/s: 1198 rss: 453Mb L: 182/3053 MS: 2 EraseBytes-CopyPart-
#687828	REDUCE cov: 2910 ft: 10509 corp: 1737/136Kb lim: 3237 exec/s: 1198 rss: 453Mb L: 77/3053 MS: 2 ChangeByte-EraseBytes-
#688164	REDUCE cov: 2910 ft: 10509 corp: 1737/136Kb lim: 3237 exec/s: 1196 rss: 453Mb L: 51/3053 MS: 1 EraseBytes-
#688720	REDUCE cov: 2910 ft: 10509 corp: 1737/136Kb lim: 3237 exec/s: 1197 rss: 453Mb L: 32/3053 MS: 1 EraseBytes-
#689967	NEW    cov: 2913 ft: 10516 corp: 1738/136Kb lim: 3248 exec/s: 1197 rss: 453Mb L: 100/3053 MS: 2 InsertByte-ChangeBinInt-
#691648	REDUCE cov: 2913 ft: 10516 corp: 1738/136Kb lim: 3259 exec/s: 1198 rss: 453Mb L: 12/3053 MS: 1 EraseBytes-
#691769	REDUCE cov: 2913 ft: 10516 corp: 1738/136Kb lim: 3259 exec/s: 1196 rss: 453Mb L: 152/3053 MS: 1 EraseBytes-
#692218	REDUCE cov: 2913 ft: 10516 corp: 1738/136Kb lim: 3259 exec/s: 1197 rss: 453Mb L: 7/3053 MS: 4 ShuffleBytes-PersAutoDict-ShuffleBytes-EraseBytes- DE: "\001\000\000\000"-
#693250	REDUCE cov: 2913 ft: 10516 corp: 1738/136Kb lim: 3259 exec/s: 1197 rss: 453Mb L: 31/3053 MS: 2 ChangeBinInt-EraseBytes-
#693486	REDUCE cov: 2913 ft: 10516 corp: 1738/136Kb lim: 3259 exec/s: 1197 rss: 453Mb L: 10/3053 MS: 1 EraseBytes-
#693552	REDUCE cov: 2913 ft: 10516 corp: 1738/136Kb lim: 3259 exec/s: 1197 rss: 453Mb L: 52/3053 MS: 1 EraseBytes-
#694553	REDUCE cov: 2913 ft: 10516 corp: 1738/136Kb lim: 3259 exec/s: 1197 rss: 453Mb L: 38/3053 MS: 1 EraseBytes-
#694809	REDUCE cov: 2913 ft: 10516 corp: 1738/136Kb lim: 3259 exec/s: 1197 rss: 453Mb L: 30/3053 MS: 1 EraseBytes-
#694862	REDUCE cov: 2913 ft: 10516 corp: 1738/136Kb lim: 3259 exec/s: 1198 rss: 453Mb L: 226/3053 MS: 3 CrossOver-EraseBytes-CopyPart-
#695003	REDUCE cov: 2913 ft: 10516 corp: 1738/136Kb lim: 3259 exec/s: 1198 rss: 453Mb L: 53/3053 MS: 1 EraseBytes-
#696239	REDUCE cov: 2913 ft: 10516 corp: 1738/136Kb lim: 3270 exec/s: 1198 rss: 453Mb L: 14/3053 MS: 1 EraseBytes-
#698410	REDUCE cov: 2913 ft: 10516 corp: 1738/136Kb lim: 3281 exec/s: 1197 rss: 453Mb L: 54/3053 MS: 1 EraseBytes-
#698566	REDUCE cov: 2913 ft: 10516 corp: 1738/136Kb lim: 3281 exec/s: 1198 rss: 453Mb L: 16/3053 MS: 1 EraseBytes-
#700602	NEW    cov: 2913 ft: 10517 corp: 1739/136Kb lim: 3292 exec/s: 1197 rss: 453Mb L: 230/3053 MS: 1 InsertRepeatedBytes-
#701088	REDUCE cov: 2913 ft: 10517 corp: 1739/136Kb lim: 3292 exec/s: 1198 rss: 453Mb L: 78/3053 MS: 1 EraseBytes-
#701494	REDUCE cov: 2913 ft: 10517 corp: 1739/136Kb lim: 3292 exec/s: 1197 rss: 453Mb L: 47/3053 MS: 1 EraseBytes-
#701730	REDUCE cov: 2913 ft: 10518 corp: 1740/136Kb lim: 3292 exec/s: 1197 rss: 453Mb L: 83/3053 MS: 1 ManualDict- DE: "v"-
#703347	REDUCE cov: 2913 ft: 10518 corp: 1740/136Kb lim: 3303 exec/s: 1198 rss: 453Mb L: 25/3053 MS: 2 ShuffleBytes-EraseBytes-
#704408	REDUCE cov: 2913 ft: 10519 corp: 1741/136Kb lim: 3303 exec/s: 1197 rss: 453Mb L: 72/3053 MS: 1 ChangeByte-
#707899	REDUCE cov: 2913 ft: 10519 corp: 1741/136Kb lim: 3336 exec/s: 1197 rss: 453Mb L: 132/3053 MS: 1 EraseBytes-
#708845	REDUCE cov: 2913 ft: 10519 corp: 1741/136Kb lim: 3336 exec/s: 1197 rss: 453Mb L: 1059/3053 MS: 1 EraseBytes-
#712813	REDUCE cov: 2913 ft: 10519 corp: 1741/136Kb lim: 3369 exec/s: 1198 rss: 453Mb L: 13/3053 MS: 3 ChangeBinInt-InsertByte-EraseBytes-
#713569	REDUCE cov: 2913 ft: 10519 corp: 1741/136Kb lim: 3369 exec/s: 1197 rss: 453Mb L: 20/3053 MS: 1 EraseBytes-
#714885	REDUCE cov: 2913 ft: 10519 corp: 1741/136Kb lim: 3380 exec/s: 1197 rss: 453Mb L: 24/3053 MS: 1 EraseBytes-
#715971	REDUCE cov: 2913 ft: 10519 corp: 1741/136Kb lim: 3380 exec/s: 1199 rss: 453Mb L: 9/3053 MS: 1 EraseBytes-
#717732	REDUCE cov: 2913 ft: 10519 corp: 1741/136Kb lim: 3391 exec/s: 1198 rss: 453Mb L: 5/3053 MS: 1 EraseBytes-
#717744	REDUCE cov: 2913 ft: 10519 corp: 1741/136Kb lim: 3391 exec/s: 1198 rss: 453Mb L: 80/3053 MS: 2 ChangeByte-EraseBytes-
#717855	REDUCE cov: 2913 ft: 10519 corp: 1741/136Kb lim: 3391 exec/s: 1198 rss: 453Mb L: 6/3053 MS: 1 EraseBytes-
#718022	REDUCE cov: 2913 ft: 10519 corp: 1741/136Kb lim: 3391 exec/s: 1198 rss: 453Mb L: 207/3053 MS: 2 ChangeByte-EraseBytes-
#718223	REDUCE cov: 2913 ft: 10519 corp: 1741/136Kb lim: 3391 exec/s: 1199 rss: 453Mb L: 11/3053 MS: 1 EraseBytes-
#718714	REDUCE cov: 2913 ft: 10519 corp: 1741/136Kb lim: 3391 exec/s: 1197 rss: 453Mb L: 43/3053 MS: 1 EraseBytes-
#719315	REDUCE cov: 2913 ft: 10519 corp: 1741/136Kb lim: 3391 exec/s: 1198 rss: 453Mb L: 29/3053 MS: 1 EraseBytes-
#720356	NEW    cov: 2914 ft: 10520 corp: 1742/137Kb lim: 3391 exec/s: 1198 rss: 453Mb L: 432/3053 MS: 1 CopyPart-
#722972	REDUCE cov: 2914 ft: 10521 corp: 1743/139Kb lim: 3413 exec/s: 1198 rss: 453Mb L: 2763/3053 MS: 1 CopyPart-
#723186	REDUCE cov: 2914 ft: 10521 corp: 1743/139Kb lim: 3413 exec/s: 1199 rss: 453Mb L: 28/3053 MS: 4 ChangeBinInt-ChangeBinInt-ShuffleBytes-EraseBytes-
#724484	REDUCE cov: 2914 ft: 10521 corp: 1743/139Kb lim: 3424 exec/s: 1199 rss: 453Mb L: 368/3053 MS: 3 ChangeBinInt-ShuffleBytes-EraseBytes-
#724775	REDUCE cov: 2914 ft: 10521 corp: 1743/139Kb lim: 3424 exec/s: 1197 rss: 453Mb L: 59/3053 MS: 1 EraseBytes-
#724861	REDUCE cov: 2914 ft: 10521 corp: 1743/139Kb lim: 3424 exec/s: 1198 rss: 453Mb L: 76/3053 MS: 1 EraseBytes-
#725243	REDUCE cov: 2914 ft: 10521 corp: 1743/139Kb lim: 3424 exec/s: 1198 rss: 453Mb L: 24/3053 MS: 2 ShuffleBytes-EraseBytes-
#725294	REDUCE cov: 2914 ft: 10521 corp: 1743/139Kb lim: 3424 exec/s: 1198 rss: 453Mb L: 45/3053 MS: 1 EraseBytes-
#725880	REDUCE cov: 2914 ft: 10521 corp: 1743/139Kb lim: 3424 exec/s: 1197 rss: 453Mb L: 47/3053 MS: 1 EraseBytes-
#727232	REDUCE cov: 2914 ft: 10523 corp: 1744/139Kb lim: 3435 exec/s: 1198 rss: 453Mb L: 111/3053 MS: 2 InsertRepeatedBytes-ManualDict- DE: "INTEGER"-
#727415	REDUCE cov: 2914 ft: 10523 corp: 1744/139Kb lim: 3435 exec/s: 1198 rss: 453Mb L: 173/3053 MS: 3 ChangeASCIIInt-ChangeBit-EraseBytes-
#727472	REDUCE cov: 2914 ft: 10523 corp: 1744/139Kb lim: 3435 exec/s: 1198 rss: 453Mb L: 40/3053 MS: 2 ChangeASCIIInt-EraseBytes-
#728038	REDUCE cov: 2914 ft: 10523 corp: 1744/139Kb lim: 3435 exec/s: 1199 rss: 453Mb L: 69/3053 MS: 1 EraseBytes-
#728289	REDUCE cov: 2914 ft: 10523 corp: 1744/139Kb lim: 3435 exec/s: 1197 rss: 453Mb L: 40/3053 MS: 1 EraseBytes-
#728585	REDUCE cov: 2914 ft: 10523 corp: 1744/139Kb lim: 3435 exec/s: 1198 rss: 453Mb L: 7/3053 MS: 1 EraseBytes-
#730456	REDUCE cov: 2914 ft: 10523 corp: 1744/139Kb lim: 3446 exec/s: 1199 rss: 453Mb L: 21/3053 MS: 1 EraseBytes-
#730967	REDUCE cov: 2914 ft: 10523 corp: 1744/139Kb lim: 3446 exec/s: 1198 rss: 453Mb L: 77/3053 MS: 1 EraseBytes-
#731448	REDUCE cov: 2914 ft: 10523 corp: 1744/139Kb lim: 3446 exec/s: 1199 rss: 453Mb L: 10/3053 MS: 1 EraseBytes-
#732644	REDUCE cov: 2914 ft: 10523 corp: 1744/139Kb lim: 3457 exec/s: 1199 rss: 453Mb L: 62/3053 MS: 1 EraseBytes-
#734166	REDUCE cov: 2914 ft: 10523 corp: 1744/139Kb lim: 3468 exec/s: 1197 rss: 453Mb L: 155/3053 MS: 2 ManualDict-EraseBytes- DE: "0.1"-
#735357	REDUCE cov: 2914 ft: 10523 corp: 1744/139Kb lim: 3479 exec/s: 1199 rss: 453Mb L: 14/3053 MS: 1 EraseBytes-
#736200	REDUCE cov: 2914 ft: 10523 corp: 1744/139Kb lim: 3479 exec/s: 1199 rss: 453Mb L: 13/3053 MS: 3 PersAutoDict-EraseBytes-EraseBytes- DE: "t2"-
#736916	REDUCE cov: 2914 ft: 10523 corp: 1744/139Kb lim: 3479 exec/s: 1198 rss: 453Mb L: 17/3053 MS: 1 EraseBytes-
#737368	REDUCE cov: 2914 ft: 10523 corp: 1744/139Kb lim: 3479 exec/s: 1198 rss: 453Mb L: 8/3053 MS: 2 ManualDict-EraseBytes- DE: "t1"-
#737724	REDUCE cov: 2914 ft: 10523 corp: 1744/139Kb lim: 3479 exec/s: 1199 rss: 453Mb L: 9/3053 MS: 1 EraseBytes-
#738512	REDUCE cov: 2914 ft: 10523 corp: 1744/139Kb lim: 3479 exec/s: 1198 rss: 453Mb L: 104/3053 MS: 3 ShuffleBytes-ChangeBit-EraseBytes-
#738513	REDUCE cov: 2914 ft: 10523 corp: 1744/139Kb lim: 3479 exec/s: 1198 rss: 453Mb L: 5/3053 MS: 1 EraseBytes-
#738670	REDUCE cov: 2914 ft: 10523 corp: 1744/139Kb lim: 3479 exec/s: 1199 rss: 453Mb L: 16/3053 MS: 2 ChangeBit-EraseBytes-
#739396	REDUCE cov: 2914 ft: 10523 corp: 1744/139Kb lim: 3479 exec/s: 1198 rss: 453Mb L: 24/3053 MS: 1 EraseBytes-
#740162	REDUCE cov: 2914 ft: 10523 corp: 1744/139Kb lim: 3479 exec/s: 1199 rss: 453Mb L: 11/3053 MS: 1 EraseBytes-
#740448	REDUCE cov: 2914 ft: 10523 corp: 1744/139Kb lim: 3479 exec/s: 1198 rss: 453Mb L: 102/3053 MS: 1 EraseBytes-
#740565	REDUCE cov: 2914 ft: 10523 corp: 1744/139Kb lim: 3479 exec/s: 1198 rss: 453Mb L: 57/3053 MS: 2 CMP-EraseBytes- DE: "\003\000\000\000\007\000\000\000\000\000\000 _\240\002B\004it's"-
#740766	REDUCE cov: 2914 ft: 10523 corp: 1744/139Kb lim: 3479 exec/s: 1198 rss: 453Mb L: 12/3053 MS: 1 EraseBytes-
#741067	REDUCE cov: 2914 ft: 10523 corp: 1744/139Kb lim: 3479 exec/s: 1199 rss: 453Mb L: 17/3053 MS: 1 EraseBytes-
#743588	REDUCE cov: 2914 ft: 10523 corp: 1744/139Kb lim: 3501 exec/s: 1199 rss: 453Mb L: 16/3053 MS: 1 EraseBytes-
#744010	REDUCE cov: 2914 ft: 10523 corp: 1744/139Kb lim: 3501 exec/s: 1200 rss: 453Mb L: 59/3053 MS: 2 EraseBytes-CopyPart-
#744411	REDUCE cov: 2914 ft: 10523 corp: 1744/139Kb lim: 3501 exec/s: 1198 rss: 453Mb L: 51/3053 MS: 1 EraseBytes-
#744658	REDUCE cov: 2914 ft: 10523 corp: 1744/139Kb lim: 3501 exec/s: 1199 rss: 453Mb L: 47/3053 MS: 2 ChangeASCIIInt-EraseBytes-
#744849	REDUCE cov: 2914 ft: 10523 corp: 1744/139Kb lim: 3501 exec/s: 1199 rss: 453Mb L: 327/3053 MS: 1 EraseBytes-
#744910	REDUCE cov: 2914 ft: 10524 corp: 1745/139Kb lim: 3501 exec/s: 1199 rss: 453Mb L: 73/3053 MS: 1 ChangeBit-
#745351	REDUCE cov: 2914 ft: 10524 corp: 1745/139Kb lim: 3501 exec/s: 1198 rss: 453Mb L: 18/3053 MS: 1 EraseBytes-
#746343	REDUCE cov: 2914 ft: 10524 corp: 1745/139Kb lim: 3501 exec/s: 1199 rss: 453Mb L: 90/3053 MS: 2 CrossOver-EraseBytes-
#746599	NEW    cov: 2914 ft: 10536 corp: 1746/140Kb lim: 3501 exec/s: 1198 rss: 453Mb L: 210/3053 MS: 1 InsertRepeatedBytes-
#746815	REDUCE cov: 2914 ft: 10536 corp: 1746/140Kb lim: 3501 exec/s: 1198 rss: 453Mb L: 67/3053 MS: 1 EraseBytes-
#747168	REDUCE cov: 2914 ft: 10536 corp: 1746/140Kb lim: 3501 exec/s: 1199 rss: 453Mb L: 15/3053 MS: 3 ShuffleBytes-ChangeBit-EraseBytes-
#748299	REDUCE cov: 2914 ft: 10536 corp: 1746/140Kb lim: 3512 exec/s: 1199 rss: 453Mb L: 7/3053 MS: 1 EraseBytes-
#749050	REDUCE cov: 2914 ft: 10536 corp: 1746/140Kb lim: 3512 exec/s: 1198 rss: 453Mb L: 67/3053 MS: 1 EraseBytes-
#750132	REDUCE cov: 2914 ft: 10536 corp: 1746/140Kb lim: 3512 exec/s: 1200 rss: 453Mb L: 90/3053 MS: 2 ShuffleBytes-EraseBytes-
#751093	REDUCE cov: 2914 ft: 10536 corp: 1746/140Kb lim: 3512 exec/s: 1199 rss: 453Mb L: 12/3053 MS: 1 EraseBytes-
#751700	REDUCE cov: 2914 ft: 10536 corp: 1746/140Kb lim: 3512 exec/s: 1198 rss: 453Mb L: 34/3053 MS: 2 ShuffleBytes-EraseBytes-
#751761	REDUCE cov: 2914 ft: 10536 corp: 1746/140Kb lim: 3512 exec/s: 1198 rss: 453Mb L: 278/3053 MS: 1 EraseBytes-
#752282	REDUCE cov: 2914 ft: 10536 corp: 1746/140Kb lim: 3512 exec/s: 1199 rss: 453Mb L: 22/3053 MS: 1 EraseBytes-
#752593	REDUCE cov: 2914 ft: 10536 corp: 1746/140Kb lim: 3512 exec/s: 1200 rss: 453Mb L: 29/3053 MS: 1 EraseBytes-
#753048	REDUCE cov: 2914 ft: 10536 corp: 1746/140Kb lim: 3512 exec/s: 1199 rss: 453Mb L: 29/3053 MS: 5 ChangeByte-PersAutoDict-ChangeByte-ChangeBinInt-EraseBytes- DE: "\377\377U<\326q\327o"-
#753600	REDUCE cov: 2914 ft: 10536 corp: 1746/140Kb lim: 3512 exec/s: 1200 rss: 453Mb L: 73/3053 MS: 2 ChangeBit-EraseBytes-
#753925	REDUCE cov: 2914 ft: 10537 corp: 1747/140Kb lim: 3512 exec/s: 1198 rss: 453Mb L: 261/3053 MS: 5 CopyPart-CrossOver-ChangeASCIIInt-ChangeBinInt-ManualDict- DE: "t3"-
#754424	REDUCE cov: 2914 ft: 10537 corp: 1747/140Kb lim: 3512 exec/s: 1199 rss: 453Mb L: 275/3053 MS: 4 ChangeASCIIInt-ManualDict-InsertRepeatedBytes-EraseBytes- DE: "t1"-
#755051	REDUCE cov: 2914 ft: 10537 corp: 1747/140Kb lim: 3512 exec/s: 1198 rss: 453Mb L: 523/3053 MS: 2 ChangeByte-EraseBytes-
#755523	REDUCE cov: 2914 ft: 10537 corp: 1747/140Kb lim: 3512 exec/s: 1199 rss: 453Mb L: 99/3053 MS: 2 CMP-EraseBytes- DE: "\360@k\326<V\000\000"-
#755524	REDUCE cov: 2914 ft: 10537 corp: 1747/140Kb lim: 3512 exec/s: 1199 rss: 453Mb L: 14/3053 MS: 1 EraseBytes-
#755877	REDUCE cov: 2914 ft: 10537 corp: 1747/140Kb lim: 3512 exec/s: 1199 rss: 453Mb L: 95/3053 MS: 3 CMP-ChangeBinInt-EraseBytes- DE: "\377\377\377\007"-
#756335	REDUCE cov: 2914 ft: 10537 corp: 1747/140Kb lim: 3512 exec/s: 1198 rss: 453Mb L: 43/3053 MS: 3 EraseBytes-PersAutoDict-InsertByte- DE: "a"-
#757074	REDUCE cov: 2914 ft: 10537 corp: 1747/140Kb lim: 3512 exec/s: 1199 rss: 453Mb L: 202/3053 MS: 4 ChangeBit-CopyPart-ChangeBit-EraseBytes-
#757086	REDUCE cov: 2914 ft: 10537 corp: 1747/139Kb lim: 3512 exec/s: 1199 rss: 453Mb L: 161/3053 MS: 2 CMP-EraseBytes- DE: "\000\000\000\000\000\000\000\000"-
#757298	REDUCE cov: 2914 ft: 10537 corp: 1747/139Kb lim: 3512 exec/s: 1200 rss: 453Mb L: 39/3053 MS: 2 ChangeByte-EraseBytes-
#757499	NEW    cov: 2914 ft: 10539 corp: 1748/140Kb lim: 3512 exec/s: 1198 rss: 453Mb L: 59/3053 MS: 1 EraseBytes-
#757590	REDUCE cov: 2914 ft: 10539 corp: 1748/140Kb lim: 3512 exec/s: 1198 rss: 453Mb L: 120/3053 MS: 1 EraseBytes-
#759456	REDUCE cov: 2914 ft: 10539 corp: 1748/140Kb lim: 3523 exec/s: 1199 rss: 453Mb L: 42/3053 MS: 1 EraseBytes-
#759941	REDUCE cov: 2914 ft: 10539 corp: 1748/140Kb lim: 3523 exec/s: 1198 rss: 453Mb L: 43/3053 MS: 5 EraseBytes-ChangeByte-ChangeByte-CMP-ManualDict- DE: "\217\202q\326<V\000\000"-"WHERE"-
#761989	REDUCE cov: 2914 ft: 10539 corp: 1748/140Kb lim: 3534 exec/s: 1199 rss: 453Mb L: 498/3053 MS: 3 ManualDict-ChangeASCIIInt-EraseBytes- DE: "TIME"-
#762305	REDUCE cov: 2914 ft: 10539 corp: 1748/140Kb lim: 3534 exec/s: 1198 rss: 453Mb L: 56/3053 MS: 1 EraseBytes-
#762586	REDUCE cov: 2914 ft: 10539 corp: 1748/140Kb lim: 3534 exec/s: 1199 rss: 453Mb L: 52/3053 MS: 1 EraseBytes-
#763887	REDUCE cov: 2914 ft: 10539 corp: 1748/140Kb lim: 3545 exec/s: 1199 rss: 453Mb L: 31/3053 MS: 1 EraseBytes-
#763894	REDUCE cov: 2914 ft: 10539 corp: 1748/140Kb lim: 3545 exec/s: 1199 rss: 453Mb L: 93/3053 MS: 2 CrossOver-EraseBytes-
#765270	REDUCE cov: 2914 ft: 10539 corp: 1748/139Kb lim: 3556 exec/s: 1199 rss: 453Mb L: 17/3053 MS: 1 EraseBytes-
#765711	REDUCE cov: 2914 ft: 10539 corp: 1748/139Kb lim: 3556 exec/s: 1200 rss: 453Mb L: 17/3053 MS: 1 EraseBytes-
#765909	NEW    cov: 2914 ft: 10540 corp: 1749/140Kb lim: 3556 exec/s: 1200 rss: 453Mb L: 211/3053 MS: 3 InsertByte-ChangeBit-PersAutoDict- DE: "\377\377\377\002"-
#766042	REDUCE cov: 2914 ft: 10540 corp: 1749/140Kb lim: 3556 exec/s: 1198 rss: 453Mb L: 1509/3053 MS: 3 ManualDict-CMP-EraseBytes- DE: "UPDATE"-"\005\376"-
#766938	REDUCE cov: 2914 ft: 10540 corp: 1749/140Kb lim: 3556 exec/s: 1200 rss: 453Mb L: 87/3053 MS: 1 EraseBytes-
#767289	REDUCE cov: 2914 ft: 10540 corp: 1749/140Kb lim: 3556 exec/s: 1198 rss: 453Mb L: 57/3053 MS: 1 EraseBytes-
#768005	REDUCE cov: 2914 ft: 10540 corp: 1749/140Kb lim: 3556 exec/s: 1200 rss: 453Mb L: 851/3053 MS: 1 EraseBytes-
#768724	REDUCE cov: 2914 ft: 10540 corp: 1749/140Kb lim: 3556 exec/s: 1199 rss: 453Mb L: 23/3053 MS: 4 ChangeBit-ManualDict-ChangeBinInt-EraseBytes- DE: "MIN("-
#768920	REDUCE cov: 2914 ft: 10540 corp: 1749/140Kb lim: 3556 exec/s: 1199 rss: 453Mb L: 169/3053 MS: 1 EraseBytes-
#769366	REDUCE cov: 2914 ft: 10540 corp: 1749/140Kb lim: 3556 exec/s: 1200 rss: 453Mb L: 50/3053 MS: 1 EraseBytes-
#769537	REDUCE cov: 2914 ft: 10540 corp: 1749/140Kb lim: 3556 exec/s: 1198 rss: 453Mb L: 97/3053 MS: 1 EraseBytes-
#769975	REDUCE cov: 2914 ft: 10540 corp: 1749/140Kb lim: 3556 exec/s: 1199 rss: 453Mb L: 99/3053 MS: 3 ChangeBit-ShuffleBytes-EraseBytes-
#770022	REDUCE cov: 2914 ft: 10540 corp: 1749/139Kb lim: 3556 exec/s: 1199 rss: 453Mb L: 77/3053 MS: 2 PersAutoDict-EraseBytes- DE: "y"-
#773058	REDUCE cov: 2914 ft: 10540 corp: 1749/139Kb lim: 3578 exec/s: 1200 rss: 453Mb L: 14/3053 MS: 1 EraseBytes-
#774151	REDUCE cov: 2914 ft: 10540 corp: 1749/139Kb lim: 3578 exec/s: 1200 rss: 453Mb L: 45/3053 MS: 3 EraseBytes-CopyPart-EraseBytes-
#774159	REDUCE cov: 2914 ft: 10540 corp: 1749/139Kb lim: 3578 exec/s: 1200 rss: 453Mb L: 1240/3053 MS: 3 InsertByte-ChangeBinInt-EraseBytes-
#774230	NEW    cov: 2915 ft: 10541 corp: 1750/139Kb lim: 3578 exec/s: 1200 rss: 453Mb L: 64/3053 MS: 1 InsertByte-
#774426	REDUCE cov: 2915 ft: 10541 corp: 1750/139Kb lim: 3578 exec/s: 1198 rss: 453Mb L: 429/3053 MS: 1 EraseBytes-
#774517	REDUCE cov: 2915 ft: 10542 corp: 1751/139Kb lim: 3578 exec/s: 1198 rss: 453Mb L: 20/3053 MS: 1 InsertByte-
#775413	REDUCE cov: 2915 ft: 10542 corp: 1751/139Kb lim: 3578 exec/s: 1198 rss: 453Mb L: 21/3053 MS: 1 EraseBytes-
#775789	REDUCE cov: 2915 ft: 10542 corp: 1751/139Kb lim: 3578 exec/s: 1199 rss: 453Mb L: 44/3053 MS: 1 EraseBytes-
#777288	REDUCE cov: 2915 ft: 10542 corp: 1751/139Kb lim: 3589 exec/s: 1199 rss: 453Mb L: 16/3053 MS: 4 ChangeByte-ShuffleBytes-EraseBytes-CMP- DE: "\377\377"-
#778544	REDUCE cov: 2915 ft: 10542 corp: 1751/139Kb lim: 3600 exec/s: 1199 rss: 453Mb L: 1908/3053 MS: 1 EraseBytes-
#780130	REDUCE cov: 2915 ft: 10542 corp: 1751/139Kb lim: 3611 exec/s: 1198 rss: 453Mb L: 14/3053 MS: 1 EraseBytes-
#780414	REDUCE cov: 2915 ft: 10542 corp: 1751/139Kb lim: 3611 exec/s: 1198 rss: 453Mb L: 9/3053 MS: 4 ChangeBinInt-ChangeBit-ChangeBit-EraseBytes-
#780452	REDUCE cov: 2915 ft: 10542 corp: 1751/139Kb lim: 3611 exec/s: 1198 rss: 453Mb L: 37/3053 MS: 3 CrossOver-ChangeBit-EraseBytes-
#780974	NEW    cov: 2915 ft: 10543 corp: 1752/139Kb lim: 3611 exec/s: 1199 rss: 453Mb L: 99/3053 MS: 2 ChangeASCIIInt-ChangeBit-
#781885	REDUCE cov: 2915 ft: 10543 corp: 1752/139Kb lim: 3611 exec/s: 1199 rss: 453Mb L: 16/3053 MS: 1 EraseBytes-
#784157	REDUCE cov: 2915 ft: 10543 corp: 1752/139Kb lim: 3633 exec/s: 1199 rss: 453Mb L: 21/3053 MS: 2 InsertRepeatedBytes-EraseBytes-
#784290	REDUCE cov: 2915 ft: 10543 corp: 1752/139Kb lim: 3633 exec/s: 1199 rss: 453Mb L: 182/3053 MS: 3 ManualDict-CopyPart-EraseBytes- DE: "TIME"-
#784696	REDUCE cov: 2915 ft: 10543 corp: 1752/139Kb lim: 3633 exec/s: 1199 rss: 453Mb L: 10/3053 MS: 1 EraseBytes-
#785512	REDUCE cov: 2915 ft: 10543 corp: 1752/139Kb lim: 3633 exec/s: 1199 rss: 453Mb L: 14/3053 MS: 1 EraseBytes-
#786286	REDUCE cov: 2915 ft: 10543 corp: 1752/139Kb lim: 3633 exec/s: 1198 rss: 453Mb L: 1722/3053 MS: 4 ChangeBit-ShuffleBytes-InsertRepeatedBytes-EraseBytes-
#786392	REDUCE cov: 2915 ft: 10543 corp: 1752/139Kb lim: 3633 exec/s: 1198 rss: 453Mb L: 7/3053 MS: 1 EraseBytes-
#786774	REDUCE cov: 2915 ft: 10543 corp: 1752/139Kb lim: 3633 exec/s: 1199 rss: 453Mb L: 61/3053 MS: 2 ChangeByte-EraseBytes-
#787130	REDUCE cov: 2915 ft: 10544 corp: 1753/140Kb lim: 3633 exec/s: 1199 rss: 453Mb L: 1138/3053 MS: 1 InsertRepeatedBytes-
#788263	REDUCE cov: 2915 ft: 10544 corp: 1753/140Kb lim: 3644 exec/s: 1199 rss: 453Mb L: 62/3053 MS: 3 InsertByte-ChangeByte-EraseBytes-
#788559	REDUCE cov: 2915 ft: 10544 corp: 1753/140Kb lim: 3644 exec/s: 1198 rss: 453Mb L: 334/3053 MS: 1 EraseBytes-
#789395	REDUCE cov: 2915 ft: 10544 corp: 1753/140Kb lim: 3644 exec/s: 1199 rss: 453Mb L: 69/3053 MS: 1 EraseBytes-
#789706	REDUCE cov: 2915 ft: 10544 corp: 1753/140Kb lim: 3644 exec/s: 1198 rss: 453Mb L: 53/3053 MS: 1 EraseBytes-
#790274	REDUCE cov: 2915 ft: 10544 corp: 1753/140Kb lim: 3644 exec/s: 1199 rss: 453Mb L: 3018/3018 MS: 3 ShuffleBytes-EraseBytes-CopyPart-
#792970	REDUCE cov: 2915 ft: 10544 corp: 1753/140Kb lim: 3666 exec/s: 1199 rss: 453Mb L: 21/3018 MS: 1 EraseBytes-
#793296	REDUCE cov: 2915 ft: 10544 corp: 1753/140Kb lim: 3666 exec/s: 1198 rss: 453Mb L: 10/3018 MS: 1 EraseBytes-
#793377	REDUCE cov: 2915 ft: 10544 corp: 1753/140Kb lim: 3666 exec/s: 1198 rss: 453Mb L: 13/3018 MS: 1 EraseBytes-
#794165	REDUCE cov: 2915 ft: 10544 corp: 1753/140Kb lim: 3666 exec/s: 1199 rss: 453Mb L: 54/3018 MS: 3 ChangeByte-ManualDict-EraseBytes- DE: "HAVING"-
#795346	REDUCE cov: 2915 ft: 10544 corp: 1753/140Kb lim: 3677 exec/s: 1199 rss: 453Mb L: 19/3018 MS: 1 EraseBytes-
#796168	REDUCE cov: 2915 ft: 10544 corp: 1753/140Kb lim: 3677 exec/s: 1199 rss: 453Mb L: 46/3018 MS: 2 CopyPart-EraseBytes-
#796681	REDUCE cov: 2915 ft: 10544 corp: 1753/140Kb lim: 3677 exec/s: 1199 rss: 453Mb L: 14/3018 MS: 3 EraseBytes-ShuffleBytes-ManualDict- DE: "<="-
#798222	REDUCE cov: 2915 ft: 10544 corp: 1753/140Kb lim: 3688 exec/s: 1198 rss: 453Mb L: 141/3018 MS: 1 EraseBytes-
#799055	REDUCE cov: 2915 ft: 10544 corp: 1753/140Kb lim: 3688 exec/s: 1199 rss: 453Mb L: 97/3018 MS: 3 PersAutoDict-ChangeASCIIInt-EraseBytes- DE: "\355@k\326<V\000\000"-
#799137	REDUCE cov: 2915 ft: 10544 corp: 1753/140Kb lim: 3688 exec/s: 1199 rss: 453Mb L: 270/3018 MS: 2 CrossOver-EraseBytes-
#799142	REDUCE cov: 2915 ft: 10544 corp: 1753/140Kb lim: 3688 exec/s: 1199 rss: 453Mb L: 58/3018 MS: 5 ChangeBit-ChangeBit-CopyPart-CopyPart-EraseBytes-
#799513	REDUCE cov: 2915 ft: 10544 corp: 1753/140Kb lim: 3688 exec/s: 1198 rss: 453Mb L: 43/3018 MS: 1 EraseBytes-
#799775	REDUCE cov: 2915 ft: 10544 corp: 1753/140Kb lim: 3688 exec/s: 1199 rss: 453Mb L: 11/3018 MS: 2 EraseBytes-CrossOver-
#800187	REDUCE cov: 2915 ft: 10544 corp: 1753/140Kb lim: 3688 exec/s: 1199 rss: 453Mb L: 5/3018 MS: 2 ShuffleBytes-EraseBytes-
#800198	REDUCE cov: 2915 ft: 10544 corp: 1753/140Kb lim: 3688 exec/s: 1199 rss: 453Mb L: 29/3018 MS: 1 EraseBytes-
#800219	REDUCE cov: 2915 ft: 10544 corp: 1753/140Kb lim: 3688 exec/s: 1199 rss: 453Mb L: 64/3018 MS: 1 EraseBytes-
#800425	REDUCE cov: 2915 ft: 10544 corp: 1753/140Kb lim: 3688 exec/s: 1200 rss: 453Mb L: 51/3018 MS: 1 EraseBytes-
#801602	REDUCE cov: 2915 ft: 10544 corp: 1753/140Kb lim: 3699 exec/s: 1200 rss: 453Mb L: 21/3018 MS: 2 ChangeBinInt-EraseBytes-
#801680	REDUCE cov: 2915 ft: 10544 corp: 1753/140Kb lim: 3699 exec/s: 1200 rss: 453Mb L: 19/3018 MS: 3 ChangeBit-ChangeASCIIInt-EraseBytes-
#801917	REDUCE cov: 2915 ft: 10544 corp: 1753/140Kb lim: 3699 exec/s: 1198 rss: 453Mb L: 17/3018 MS: 2 ChangeASCIIInt-EraseBytes-
#802416	REDUCE cov: 2915 ft: 10544 corp: 1753/140Kb lim: 3699 exec/s: 1199 rss: 453Mb L: 58/3018 MS: 4 ShuffleBytes-ChangeByte-PersAutoDict-EraseBytes- DE: "y"-
#802483	REDUCE cov: 2915 ft: 10544 corp: 1753/140Kb lim: 3699 exec/s: 1199 rss: 453Mb L: 7/3018 MS: 2 ChangeASCIIInt-EraseBytes-
#802669	REDUCE cov: 2915 ft: 10544 corp: 1753/140Kb lim: 3699 exec/s: 1199 rss: 453Mb L: 488/3018 MS: 1 EraseBytes-
#802759	REDUCE cov: 2915 ft: 10544 corp: 1753/140Kb lim: 3699 exec/s: 1199 rss: 453Mb L: 11/3018 MS: 5 EraseBytes-ShuffleBytes-ChangeByte-ChangeBinInt-EraseBytes-
#803920	REDUCE cov: 2915 ft: 10544 corp: 1753/140Kb lim: 3710 exec/s: 1199 rss: 453Mb L: 2/3018 MS: 1 EraseBytes-
#804727	REDUCE cov: 2915 ft: 10544 corp: 1753/140Kb lim: 3710 exec/s: 1199 rss: 453Mb L: 104/3018 MS: 2 ChangeBinInt-EraseBytes-
#806124	REDUCE cov: 2915 ft: 10544 corp: 1753/140Kb lim: 3721 exec/s: 1199 rss: 453Mb L: 778/3018 MS: 2 InsertRepeatedBytes-EraseBytes-
#806665	REDUCE cov: 2915 ft: 10544 corp: 1753/140Kb lim: 3721 exec/s: 1198 rss: 453Mb L: 53/3018 MS: 1 EraseBytes-
#807351	REDUCE cov: 2915 ft: 10544 corp: 1753/140Kb lim: 3721 exec/s: 1199 rss: 453Mb L: 4/3018 MS: 1 EraseBytes-
#807557	REDUCE cov: 2915 ft: 10544 corp: 1753/140Kb lim: 3721 exec/s: 1199 rss: 453Mb L: 66/3018 MS: 1 EraseBytes-
#808234	REDUCE cov: 2915 ft: 10544 corp: 1753/140Kb lim: 3721 exec/s: 1199 rss: 453Mb L: 32/3018 MS: 2 ChangeBit-EraseBytes-
#808460	REDUCE cov: 2915 ft: 10544 corp: 1753/140Kb lim: 3721 exec/s: 1199 rss: 453Mb L: 28/3018 MS: 1 EraseBytes-
#808483	REDUCE cov: 2915 ft: 10544 corp: 1753/140Kb lim: 3721 exec/s: 1199 rss: 453Mb L: 2940/2940 MS: 3 InsertByte-InsertRepeatedBytes-EraseBytes-
#808825	REDUCE cov: 2915 ft: 10544 corp: 1753/140Kb lim: 3721 exec/s: 1200 rss: 453Mb L: 15/2940 MS: 2 ChangeASCIIInt-EraseBytes-
#809176	REDUCE cov: 2915 ft: 10544 corp: 1753/140Kb lim: 3721 exec/s: 1198 rss: 453Mb L: 45/2940 MS: 1 EraseBytes-
#810197	REDUCE cov: 2915 ft: 10544 corp: 1753/140Kb lim: 3721 exec/s: 1200 rss: 453Mb L: 31/2940 MS: 1 EraseBytes-
#811033	REDUCE cov: 2915 ft: 10544 corp: 1753/140Kb lim: 3721 exec/s: 1199 rss: 453Mb L: 10/2940 MS: 1 EraseBytes-
#812894	NEW    cov: 2915 ft: 10546 corp: 1754/140Kb lim: 3732 exec/s: 1198 rss: 453Mb L: 36/2940 MS: 1 ChangeASCIIInt-
#816150	REDUCE cov: 2915 ft: 10546 corp: 1754/140Kb lim: 3754 exec/s: 1200 rss: 453Mb L: 239/2940 MS: 1 EraseBytes-
#816816	REDUCE cov: 2915 ft: 10546 corp: 1754/140Kb lim: 3754 exec/s: 1199 rss: 453Mb L: 680/2940 MS: 1 EraseBytes-
#817227	REDUCE cov: 2915 ft: 10546 corp: 1754/140Kb lim: 3754 exec/s: 1200 rss: 453Mb L: 22/2940 MS: 1 EraseBytes-
#817936	REDUCE cov: 2915 ft: 10558 corp: 1755/140Kb lim: 3754 exec/s: 1199 rss: 453Mb L: 398/2940 MS: 4 InsertByte-EraseBytes-InsertRepeatedBytes-CopyPart-
#818288	REDUCE cov: 2915 ft: 10558 corp: 1755/140Kb lim: 3754 exec/s: 1199 rss: 453Mb L: 32/2940 MS: 2 ChangeByte-EraseBytes-
#819170	REDUCE cov: 2915 ft: 10558 corp: 1755/140Kb lim: 3754 exec/s: 1199 rss: 453Mb L: 10/2940 MS: 2 ChangeByte-EraseBytes-
#819821	REDUCE cov: 2915 ft: 10558 corp: 1755/140Kb lim: 3754 exec/s: 1200 rss: 453Mb L: 129/2940 MS: 1 EraseBytes-
#819972	REDUCE cov: 2915 ft: 10558 corp: 1755/140Kb lim: 3754 exec/s: 1200 rss: 453Mb L: 33/2940 MS: 1 EraseBytes-
#821238	REDUCE cov: 2915 ft: 10558 corp: 1755/140Kb lim: 3765 exec/s: 1200 rss: 453Mb L: 20/2940 MS: 1 EraseBytes-
#821624	REDUCE cov: 2915 ft: 10558 corp: 1755/140Kb lim: 3765 exec/s: 1199 rss: 453Mb L: 41/2940 MS: 1 EraseBytes-
#821944	REDUCE cov: 2915 ft: 10558 corp: 1755/140Kb lim: 3765 exec/s: 1199 rss: 453Mb L: 1137/2940 MS: 5 InsertRepeatedBytes-ManualDict-EraseBytes-ShuffleBytes-CopyPart- DE: "1e308"-
#822107	REDUCE cov: 2915 ft: 10558 corp: 1755/140Kb lim: 3765 exec/s: 1200 rss: 453Mb L: 55/2940 MS: 3 ChangeByte-EraseBytes-PersAutoDict- DE: "y"-
#822593	REDUCE cov: 2915 ft: 10558 corp: 1755/140Kb lim: 3765 exec/s: 1200 rss: 453Mb L: 33/2940 MS: 1 EraseBytes-
#822929	REDUCE cov: 2915 ft: 10558 corp: 1755/140Kb lim: 3765 exec/s: 1199 rss: 453Mb L: 11/2940 MS: 1 EraseBytes-
#823075	REDUCE cov: 2915 ft: 10558 corp: 1755/140Kb lim: 3765 exec/s: 1199 rss: 453Mb L: 50/2940 MS: 1 EraseBytes-
#823273	REDUCE cov: 2915 ft: 10558 corp: 1755/140Kb lim: 3765 exec/s: 1200 rss: 453Mb L: 151/2940 MS: 3 ShuffleBytes-ManualDict-EraseBytes- DE: "DESC"-
#823684	REDUCE cov: 2915 ft: 10558 corp: 1755/140Kb lim: 3765 exec/s: 1200 rss: 453Mb L: 121/2940 MS: 1 EraseBytes-
#823850	REDUCE cov: 2915 ft: 10558 corp: 1755/140Kb lim: 3765 exec/s: 1200 rss: 453Mb L: 9/2940 MS: 1 EraseBytes-
#823917	REDUCE cov: 2915 ft: 10558 corp: 1755/140Kb lim: 3765 exec/s: 1199 rss: 453Mb L: 7/2940 MS: 2 InsertByte-EraseBytes-
#824103	REDUCE cov: 2915 ft: 10558 corp: 1755/140Kb lim: 3765 exec/s: 1199 rss: 453Mb L: 68/2940 MS: 1 EraseBytes-
#824524	REDUCE cov: 2915 ft: 10558 corp: 1755/140Kb lim: 3765 exec/s: 1200 rss: 453Mb L: 208/2940 MS: 1 EraseBytes-
#826990	REDUCE cov: 2915 ft: 10558 corp: 1755/140Kb lim: 3787 exec/s: 1200 rss: 453Mb L: 29/2940 MS: 1 EraseBytes-
#827532	REDUCE cov: 2915 ft: 10558 corp: 1755/140Kb lim: 3787 exec/s: 1199 rss: 453Mb L: 116/2940 MS: 2 ChangeByte-EraseBytes-
#827701	REDUCE cov: 2915 ft: 10558 corp: 1755/140Kb lim: 3787 exec/s: 1199 rss: 453Mb L: 25/2940 MS: 4 CopyPart-CopyPart-CrossOver-EraseBytes-
#828452	REDUCE cov: 2915 ft: 10558 corp: 1755/140Kb lim: 3787 exec/s: 1200 rss: 453Mb L: 15/2940 MS: 1 EraseBytes-
#830866	REDUCE cov: 2915 ft: 10558 corp: 1755/140Kb lim: 3809 exec/s: 1200 rss: 453Mb L: 55/2940 MS: 4 ManualDict-ChangeBinInt-ChangeASCIIInt-EraseBytes- DE: "1e308"-
#830937	REDUCE cov: 2915 ft: 10558 corp: 1755/140Kb lim: 3809 exec/s: 1200 rss: 453Mb L: 18/2940 MS: 1 EraseBytes-
#831044	REDUCE cov: 2915 ft: 10558 corp: 1755/140Kb lim: 3809 exec/s: 1199 rss: 453Mb L: 25/2940 MS: 2 PersAutoDict-EraseBytes- DE: "w"-
#831980	REDUCE cov: 2915 ft: 10558 corp: 1755/140Kb lim: 3809 exec/s: 1200 rss: 453Mb L: 40/2940 MS: 1 EraseBytes-
#832761	REDUCE cov: 2915 ft: 10558 corp: 1755/140Kb lim: 3809 exec/s: 1199 rss: 453Mb L: 27/2940 MS: 1 EraseBytes-
#833007	REDUCE cov: 2915 ft: 10558 corp: 1755/140Kb lim: 3809 exec/s: 1200 rss: 453Mb L: 22/2940 MS: 1 EraseBytes-
#833169	REDUCE cov: 2915 ft: 10558 corp: 1755/140Kb lim: 3809 exec/s: 1200 rss: 453Mb L: 48/2940 MS: 2 ShuffleBytes-EraseBytes-
#833546	REDUCE cov: 2915 ft: 10559 corp: 1756/140Kb lim: 3809 exec/s: 1199 rss: 453Mb L: 24/2940 MS: 2 InsertByte-CrossOver-
#833589	REDUCE cov: 2915 ft: 10559 corp: 1756/140Kb lim: 3809 exec/s: 1199 rss: 453Mb L: 45/2940 MS: 3 ManualDict-ChangeByte-EraseBytes- DE: "VARCHAR"-
#835025	REDUCE cov: 2915 ft: 10559 corp: 1756/140Kb lim: 3820 exec/s: 1199 rss: 453Mb L: 46/2940 MS: 1 EraseBytes-
#835167	REDUCE cov: 2915 ft: 10559 corp: 1756/140Kb lim: 3820 exec/s: 1199 rss: 453Mb L: 108/2940 MS: 2 ChangeByte-EraseBytes-
#835981	REDUCE cov: 2915 ft: 10559 corp: 1756/140Kb lim: 3820 exec/s: 1199 rss: 453Mb L: 71/2940 MS: 4 CMP-ChangeBinInt-ChangeByte-EraseBytes- DE: "\377\377\377\377"-
#837547	REDUCE cov: 2915 ft: 10560 corp: 1757/140Kb lim: 3831 exec/s: 1199 rss: 453Mb L: 76/2940 MS: 1 ChangeBit-
#838028	REDUCE cov: 2915 ft: 10563 corp: 1758/140Kb lim: 3831 exec/s: 1200 rss: 453Mb L: 83/2940 MS: 1 CopyPart-
#838219	REDUCE cov: 2915 ft: 10563 corp: 1758/140Kb lim: 3831 exec/s: 1200 rss: 453Mb L: 25/2940 MS: 1 EraseBytes-
#838896	REDUCE cov: 2915 ft: 10563 corp: 1758/139Kb lim: 3831 exec/s: 1200 rss: 453Mb L: 444/2940 MS: 2 CopyPart-EraseBytes-
#838981	REDUCE cov: 2915 ft: 10563 corp: 1758/139Kb lim: 3831 exec/s: 1200 rss: 453Mb L: 40/2940 MS: 5 ChangeByte-ChangeByte-ChangeBinInt-ChangeBinInt-EraseBytes-
#840023	REDUCE cov: 2915 ft: 10563 corp: 1758/139Kb lim: 3831 exec/s: 1200 rss: 453Mb L: 143/2940 MS: 2 ChangeBit-EraseBytes-
#840079	REDUCE cov: 2915 ft: 10563 corp: 1758/139Kb lim: 3831 exec/s: 1200 rss: 453Mb L: 6/2940 MS: 1 EraseBytes-
#841300	REDUCE cov: 2915 ft: 10563 corp: 1758/139Kb lim: 3842 exec/s: 1200 rss: 453Mb L: 14/2940 MS: 1 EraseBytes-
#842116	REDUCE cov: 2915 ft: 10563 corp: 1758/139Kb lim: 3842 exec/s: 1199 rss: 453Mb L: 110/2940 MS: 1 EraseBytes-
#842374	REDUCE cov: 2915 ft: 10563 corp: 1758/139Kb lim: 3842 exec/s: 1199 rss: 453Mb L: 377/2940 MS: 3 ChangeByte-ChangeByte-EraseBytes-
#844385	REDUCE cov: 2915 ft: 10563 corp: 1758/139Kb lim: 3853 exec/s: 1199 rss: 453Mb L: 70/2940 MS: 1 EraseBytes-
#844511	REDUCE cov: 2915 ft: 10563 corp: 1758/139Kb lim: 3853 exec/s: 1199 rss: 453Mb L: 20/2940 MS: 1 EraseBytes-
#845252	REDUCE cov: 2915 ft: 10563 corp: 1758/139Kb lim: 3853 exec/s: 1200 rss: 453Mb L: 7/2940 MS: 1 EraseBytes-
#845554	REDUCE cov: 2915 ft: 10563 corp: 1758/139Kb lim: 3853 exec/s: 1199 rss: 453Mb L: 27/2940 MS: 2 CopyPart-EraseBytes-
#846031	REDUCE cov: 2915 ft: 10563 corp: 1758/139Kb lim: 3853 exec/s: 1200 rss: 453Mb L: 14/2940 MS: 2 InsertByte-EraseBytes-
#846443	REDUCE cov: 2915 ft: 10563 corp: 1758/139Kb lim: 3853 exec/s: 1200 rss: 453Mb L: 31/2940 MS: 2 ChangeByte-EraseBytes-
#846879	REDUCE cov: 2915 ft: 10563 corp: 1758/139Kb lim: 3853 exec/s: 1199 rss: 453Mb L: 19/2940 MS: 1 EraseBytes-
#847244	REDUCE cov: 2915 ft: 10563 corp: 1758/139Kb lim: 3853 exec/s: 1200 rss: 453Mb L: 58/2940 MS: 5 InsertByte-PersAutoDict-ManualDict-InsertByte-EraseBytes- DE: "z"-"IF"-
#847285	REDUCE cov: 2915 ft: 10563 corp: 1758/139Kb lim: 3853 exec/s: 1200 rss: 453Mb L: 17/2940 MS: 1 EraseBytes-
#848110	REDUCE cov: 2915 ft: 10563 corp: 1758/139Kb lim: 3853 exec/s: 1199 rss: 453Mb L: 71/2940 MS: 5 ShuffleBytes-ChangeBit-ChangeASCIIInt-ManualDict-EraseBytes- DE: "SET"-
#848617	REDUCE cov: 2915 ft: 10563 corp: 1758/139Kb lim: 3853 exec/s: 1200 rss: 453Mb L: 9/2940 MS: 2 ShuffleBytes-EraseBytes-
#850271	REDUCE cov: 2915 ft: 10563 corp: 1758/139Kb lim: 3864 exec/s: 1199 rss: 453Mb L: 17/2940 MS: 4 ChangeBit-InsertByte-ChangeByte-EraseBytes-
#851432	REDUCE cov: 2915 ft: 10563 corp: 1758/139Kb lim: 3875 exec/s: 1200 rss: 453Mb L: 31/2940 MS: 1 EraseBytes-
#852073	REDUCE cov: 2915 ft: 10563 corp: 1758/139Kb lim: 3875 exec/s: 1200 rss: 453Mb L: 11/2940 MS: 1 EraseBytes-
#853001	REDUCE cov: 2915 ft: 10563 corp: 1758/139Kb lim: 3875 exec/s: 1199 rss: 453Mb L: 41/2940 MS: 3 ChangeBit-EraseBytes-PersAutoDict- DE: "ASC"-
#854526	REDUCE cov: 2915 ft: 10563 corp: 1758/139Kb lim: 3886 exec/s: 1200 rss: 453Mb L: 37/2940 MS: 5 InsertRepeatedBytes-ShuffleBytes-ShuffleBytes-CopyPart-EraseBytes-
#854807	REDUCE cov: 2915 ft: 10563 corp: 1758/139Kb lim: 3886 exec/s: 1200 rss: 453Mb L: 48/2940 MS: 1 EraseBytes-
#854943	REDUCE cov: 2915 ft: 10563 corp: 1758/139Kb lim: 3886 exec/s: 1200 rss: 453Mb L: 60/2940 MS: 1 EraseBytes-
#855734	REDUCE cov: 2915 ft: 10563 corp: 1758/139Kb lim: 3886 exec/s: 1200 rss: 453Mb L: 53/2940 MS: 1 EraseBytes-
#857081	REDUCE cov: 2915 ft: 10563 corp: 1758/139Kb lim: 3897 exec/s: 1200 rss: 453Mb L: 12/2940 MS: 2 ChangeByte-EraseBytes-
#857187	REDUCE cov: 2915 ft: 10563 corp: 1758/139Kb lim: 3897 exec/s: 1200 rss: 453Mb L: 11/2940 MS: 1 EraseBytes-
#857759	REDUCE cov: 2915 ft: 10563 corp: 1758/139Kb lim: 3897 exec/s: 1199 rss: 453Mb L: 10/2940 MS: 2 ShuffleBytes-EraseBytes-
#857922	REDUCE cov: 2915 ft: 10563 corp: 1758/139Kb lim: 3897 exec/s: 1199 rss: 455Mb L: 58/2940 MS: 3 CMP-PersAutoDict-EraseBytes- DE: "\377\377\377R"-"k2"-
#858058	REDUCE cov: 2915 ft: 10563 corp: 1758/139Kb lim: 3897 exec/s: 1200 rss: 455Mb L: 13/2940 MS: 1 EraseBytes-
#858544	REDUCE cov: 2915 ft: 10563 corp: 1758/139Kb lim: 3897 exec/s: 1200 rss: 455Mb L: 14/2940 MS: 1 EraseBytes-
#858720	REDUCE cov: 2915 ft: 10563 corp: 1758/139Kb lim: 3897 exec/s: 1199 rss: 455Mb L: 71/2940 MS: 1 EraseBytes-
#858826	REDUCE cov: 2915 ft: 10563 corp: 1758/139Kb lim: 3897 exec/s: 1199 rss: 455Mb L: 65/2940 MS: 1 EraseBytes-
#858852	REDUCE cov: 2915 ft: 10563 corp: 1758/139Kb lim: 3897 exec/s: 1199 rss: 455Mb L: 56/2940 MS: 1 EraseBytes-
#858903	REDUCE cov: 2915 ft: 10563 corp: 1758/139Kb lim: 3897 exec/s: 1199 rss: 455Mb L: 39/2940 MS: 1 EraseBytes-
#859722	REDUCE cov: 2915 ft: 10563 corp: 1758/139Kb lim: 3897 exec/s: 1200 rss: 455Mb L: 7/2940 MS: 4 ChangeASCIIInt-ChangeByte-ChangeByte-EraseBytes-
#860478	REDUCE cov: 2915 ft: 10563 corp: 1758/139Kb lim: 3897 exec/s: 1200 rss: 455Mb L: 8/2940 MS: 1 EraseBytes-
#860917	REDUCE cov: 2915 ft: 10563 corp: 1758/139Kb lim: 3897 exec/s: 1199 rss: 455Mb L: 71/2940 MS: 4 InsertByte-ChangeBit-PersAutoDict-EraseBytes- DE: "t3"-
#861018	REDUCE cov: 2915 ft: 10563 corp: 1758/139Kb lim: 3897 exec/s: 1199 rss: 455Mb L: 205/2940 MS: 1 EraseBytes-
#861533	REDUCE cov: 2915 ft: 10563 corp: 1758/139Kb lim: 3897 exec/s: 1199 rss: 455Mb L: 57/2940 MS: 5 ManualDict-CMP-ChangeBit-ChangeASCIIInt-EraseBytes- DE: "<="-"\377\377"-
#861550	REDUCE cov: 2915 ft: 10563 corp: 1758/139Kb lim: 3897 exec/s: 1199 rss: 455Mb L: 23/2940 MS: 2 ChangeASCIIInt-EraseBytes-
#865146	REDUCE cov: 2915 ft: 10563 corp: 1758/139Kb lim: 3930 exec/s: 1199 rss: 455Mb L: 21/2940 MS: 1 EraseBytes-
#865422	REDUCE cov: 2915 ft: 10563 corp: 1758/139Kb lim: 3930 exec/s: 1200 rss: 455Mb L: 4/2940 MS: 1 EraseBytes-
#865845	REDUCE cov: 2915 ft: 10563 corp: 1758/139Kb lim: 3930 exec/s: 1200 rss: 455Mb L: 121/2940 MS: 3 CrossOver-CrossOver-EraseBytes-
#865910	REDUCE cov: 2915 ft: 10563 corp: 1758/139Kb lim: 3930 exec/s: 1199 rss: 455Mb L: 180/2940 MS: 5 PersAutoDict-InsertByte-InsertRepeatedBytes-ShuffleBytes-EraseBytes- DE: "\005\001i\035c\177\000\000"-
#866182	REDUCE cov: 2915 ft: 10563 corp: 1758/139Kb lim: 3930 exec/s: 1199 rss: 455Mb L: 32/2940 MS: 2 ShuffleBytes-EraseBytes-
#866593	REDUCE cov: 2915 ft: 10563 corp: 1758/139Kb lim: 3930 exec/s: 1200 rss: 455Mb L: 85/2940 MS: 1 EraseBytes-
#866802	REDUCE cov: 2915 ft: 10563 corp: 1758/139Kb lim: 3930 exec/s: 1200 rss: 455Mb L: 30/2940 MS: 4 CopyPart-CopyPart-InsertRepeatedBytes-EraseBytes-
#866988	REDUCE cov: 2915 ft: 10563 corp: 1758/139Kb lim: 3930 exec/s: 1200 rss: 455Mb L: 66/2940 MS: 1 EraseBytes-
#867009	REDUCE cov: 2915 ft: 10563 corp: 1758/139Kb lim: 3930 exec/s: 1200 rss: 455Mb L: 149/2940 MS: 1 EraseBytes-
#867162	NEW    cov: 2915 ft: 10566 corp: 1759/139Kb lim: 3930 exec/s: 1199 rss: 455Mb L: 135/2940 MS: 3 PersAutoDict-ShuffleBytes-CopyPart- DE: "t3"-
#868244	REDUCE cov: 2915 ft: 10566 corp: 1759/139Kb lim: 3930 exec/s: 1200 rss: 455Mb L: 41/2940 MS: 2 ShuffleBytes-EraseBytes-
#870338	REDUCE cov: 2915 ft: 10566 corp: 1759/139Kb lim: 3941 exec/s: 1200 rss: 455Mb L: 20/2940 MS: 4 CopyPart-ChangeASCIIInt-PersAutoDict-EraseBytes- DE: "IS"-
#870364	REDUCE cov: 2915 ft: 10566 corp: 1759/139Kb lim: 3941 exec/s: 1200 rss: 455Mb L: 54/2940 MS: 1 EraseBytes-
#870995	REDUCE cov: 2915 ft: 10566 corp: 1759/139Kb lim: 3941 exec/s: 1199 rss: 455Mb L: 36/2940 MS: 1 EraseBytes-
#871122	REDUCE cov: 2915 ft: 10566 corp: 1759/139Kb lim: 3941 exec/s: 1199 rss: 455Mb L: 74/2940 MS: 2 CMP-EraseBytes- DE: "#\001"-
#871128	REDUCE cov: 2915 ft: 10566 corp: 1759/139Kb lim: 3941 exec/s: 1199 rss: 455Mb L: 57/2940 MS: 1 EraseBytes-
#871434	REDUCE cov: 2915 ft: 10566 corp: 1759/139Kb lim: 3941 exec/s: 1200 rss: 455Mb L: 13/2940 MS: 1 EraseBytes-
#872318	REDUCE cov: 2915 ft: 10567 corp: 1760/139Kb lim: 3941 exec/s: 1199 rss: 455Mb L: 138/2940 MS: 4 InsertByte-CrossOver-CopyPart-CopyPart-
#875819	REDUCE cov: 2915 ft: 10567 corp: 1760/139Kb lim: 3974 exec/s: 1199 rss: 455Mb L: 21/2940 MS: 1 EraseBytes-
#876030	REDUCE cov: 2915 ft: 10567 corp: 1760/139Kb lim: 3974 exec/s: 1200 rss: 455Mb L: 32/2940 MS: 1 EraseBytes-
#876236	REDUCE cov: 2915 ft: 10567 corp: 1760/139Kb lim: 3974 exec/s: 1200 rss: 455Mb L: 229/2940 MS: 1 EraseBytes-
#876881	REDUCE cov: 2915 ft: 10567 corp: 1760/139Kb lim: 3974 exec/s: 1201 rss: 455Mb L: 94/2940 MS: 5 CMP-ShuffleBytes-ChangeBinInt-ChangeBit-EraseBytes- DE: "\366@k\326<V\000\000"-
#876927	REDUCE cov: 2915 ft: 10567 corp: 1760/139Kb lim: 3974 exec/s: 1201 rss: 455Mb L: 48/2940 MS: 1 EraseBytes-
#877614	REDUCE cov: 2915 ft: 10567 corp: 1760/139Kb lim: 3974 exec/s: 1200 rss: 455Mb L: 102/2940 MS: 2 PersAutoDict-EraseBytes- DE: "IN"-
#877631	REDUCE cov: 2915 ft: 10567 corp: 1760/139Kb lim: 3974 exec/s: 1200 rss: 455Mb L: 16/2940 MS: 2 CrossOver-EraseBytes-
#878664	REDUCE cov: 2915 ft: 10567 corp: 1760/139Kb lim: 3974 exec/s: 1200 rss: 455Mb L: 144/2940 MS: 3 ManualDict-InsertRepeatedBytes-EraseBytes- DE: "<>"-
#879715	REDUCE cov: 2915 ft: 10567 corp: 1760/139Kb lim: 3974 exec/s: 1200 rss: 455Mb L: 10/2940 MS: 1 EraseBytes-
#880647	REDUCE cov: 2915 ft: 10567 corp: 1760/139Kb lim: 3974 exec/s: 1201 rss: 455Mb L: 100/2940 MS: 2 ChangeByte-EraseBytes-
#881763	REDUCE cov: 2915 ft: 10584 corp: 1761/139Kb lim: 3985 exec/s: 1201 rss: 455Mb L: 104/2940 MS: 1 ChangeBit-
#881780	REDUCE cov: 2915 ft: 10584 corp: 1761/139Kb lim: 3985 exec/s: 1201 rss: 455Mb L: 48/2940 MS: 2 ChangeByte-EraseBytes-
#882022	REDUCE cov: 2915 ft: 10584 corp: 1761/139Kb lim: 3985 exec/s: 1200 rss: 455Mb L: 13/2940 MS: 2 InsertByte-EraseBytes-
#883598	REDUCE cov: 2915 ft: 10584 corp: 1761/139Kb lim: 3996 exec/s: 1200 rss: 455Mb L: 12/2940 MS: 1 EraseBytes-
#883805	REDUCE cov: 2915 ft: 10584 corp: 1761/139Kb lim: 3996 exec/s: 1200 rss: 455Mb L: 95/2940 MS: 2 ChangeASCIIInt-EraseBytes-
#884131	REDUCE cov: 2915 ft: 10584 corp: 1761/139Kb lim: 3996 exec/s: 1201 rss: 455Mb L: 29/2940 MS: 1 EraseBytes-
#884559	REDUCE cov: 2915 ft: 10584 corp: 1761/139Kb lim: 3996 exec/s: 1200 rss: 455Mb L: 16/2940 MS: 3 ChangeBinInt-InsertByte-EraseBytes-
#885006	REDUCE cov: 2915 ft: 10584 corp: 1761/139Kb lim: 3996 exec/s: 1200 rss: 455Mb L: 9/2940 MS: 2 CopyPart-EraseBytes-
#885272	REDUCE cov: 2915 ft: 10584 corp: 1761/139Kb lim: 3996 exec/s: 1201 rss: 455Mb L: 11/2940 MS: 1 EraseBytes-
#885408	REDUCE cov: 2915 ft: 10584 corp: 1761/139Kb lim: 3996 exec/s: 1201 rss: 455Mb L: 8/2940 MS: 1 EraseBytes-
#885930	NEW    cov: 2915 ft: 10585 corp: 1762/139Kb lim: 3996 exec/s: 1200 rss: 455Mb L: 117/2940 MS: 2 InsertByte-ManualDict- DE: "GROUP"-
#885976	REDUCE cov: 2915 ft: 10585 corp: 1762/139Kb lim: 3996 exec/s: 1200 rss: 455Mb L: 15/2940 MS: 1 EraseBytes-
#886277	REDUCE cov: 2915 ft: 10585 corp: 1762/139Kb lim: 3996 exec/s: 1200 rss: 455Mb L: 17/2940 MS: 1 EraseBytes-
#886413	REDUCE cov: 2915 ft: 10585 corp: 1762/139Kb lim: 3996 exec/s: 1201 rss: 455Mb L: 59/2940 MS: 1 EraseBytes-
#886899	REDUCE cov: 2915 ft: 10585 corp: 1762/139Kb lim: 3996 exec/s: 1200 rss: 455Mb L: 13/2940 MS: 1 EraseBytes-
#889981	REDUCE cov: 2915 ft: 10585 corp: 1762/139Kb lim: 4018 exec/s: 1201 rss: 455Mb L: 30/2940 MS: 2 ShuffleBytes-EraseBytes-
#890138	REDUCE cov: 2915 ft: 10585 corp: 1762/139Kb lim: 4018 exec/s: 1201 rss: 455Mb L: 25/2940 MS: 2 ChangeBinInt-EraseBytes-
#890684	NEW    cov: 2915 ft: 10586 corp: 1763/139Kb lim: 4018 exec/s: 1200 rss: 455Mb L: 42/2940 MS: 1 ChangeByte-
#891171	REDUCE cov: 2915 ft: 10586 corp: 1763/139Kb lim: 4018 exec/s: 1201 rss: 455Mb L: 17/2940 MS: 2 ManualDict-EraseBytes- DE: "'"-
#891317	REDUCE cov: 2915 ft: 10586 corp: 1763/139Kb lim: 4018 exec/s: 1201 rss: 455Mb L: 98/2940 MS: 1 EraseBytes-
#891758	REDUCE cov: 2915 ft: 10586 corp: 1763/139Kb lim: 4018 exec/s: 1200 rss: 455Mb L: 83/2940 MS: 1 EraseBytes-
#891924	REDUCE cov: 2915 ft: 10586 corp: 1763/139Kb lim: 4018 exec/s: 1200 rss: 455Mb L: 164/2940 MS: 1 EraseBytes-
#891950	REDUCE cov: 2915 ft: 10586 corp: 1763/139Kb lim: 4018 exec/s: 1200 rss: 455Mb L: 127/2940 MS: 1 EraseBytes-
#892621	REDUCE cov: 2915 ft: 10586 corp: 1763/139Kb lim: 4018 exec/s: 1201 rss: 456Mb L: 26/2940 MS: 1 EraseBytes-
#893357	REDUCE cov: 2915 ft: 10586 corp: 1763/139Kb lim: 4018 exec/s: 1200 rss: 456Mb L: 21/2940 MS: 1 EraseBytes-
#893493	REDUCE cov: 2915 ft: 10586 corp: 1763/139Kb lim: 4018 exec/s: 1200 rss: 456Mb L: 116/2940 MS: 1 EraseBytes-
#894619	REDUCE cov: 2915 ft: 10586 corp: 1763/139Kb lim: 4029 exec/s: 1200 rss: 456Mb L: 17/2940 MS: 1 EraseBytes-
#894620	REDUCE cov: 2915 ft: 10586 corp: 1763/139Kb lim: 4029 exec/s: 1200 rss: 456Mb L: 63/2940 MS: 1 EraseBytes-
#894686	REDUCE cov: 2915 ft: 10586 corp: 1763/139Kb lim: 4029 exec/s: 1200 rss: 456Mb L: 46/2940 MS: 1 EraseBytes-
#895255	REDUCE cov: 2915 ft: 10586 corp: 1763/139Kb lim: 4029 exec/s: 1200 rss: 456Mb L: 45/2940 MS: 4 ChangeBinInt-ChangeASCIIInt-CrossOver-EraseBytes-
#898407	REDUCE cov: 2915 ft: 10586 corp: 1763/139Kb lim: 4051 exec/s: 1201 rss: 456Mb L: 8/2940 MS: 2 ChangeASCIIInt-EraseBytes-
#898608	REDUCE cov: 2915 ft: 10586 corp: 1763/139Kb lim: 4051 exec/s: 1199 rss: 456Mb L: 41/2940 MS: 1 EraseBytes-
#900159	REDUCE cov: 2915 ft: 10586 corp: 1763/139Kb lim: 4062 exec/s: 1200 rss: 456Mb L: 34/2940 MS: 1 EraseBytes-
#900833	REDUCE cov: 2915 ft: 10586 corp: 1763/139Kb lim: 4062 exec/s: 1199 rss: 456Mb L: 21/2940 MS: 4 ShuffleBytes-ChangeBinInt-ManualDict-EraseBytes- DE: "LIKE"-
#901594	REDUCE cov: 2915 ft: 10586 corp: 1763/139Kb lim: 4062 exec/s: 1200 rss: 456Mb L: 34/2940 MS: 1 EraseBytes-
#902731	REDUCE cov: 2915 ft: 10586 corp: 1763/139Kb lim: 4073 exec/s: 1200 rss: 456Mb L: 27/2940 MS: 2 ManualDict-EraseBytes- DE: "NOT"-
#902917	REDUCE cov: 2915 ft: 10586 corp: 1763/139Kb lim: 4073 exec/s: 1200 rss: 456Mb L: 19/2940 MS: 1 EraseBytes-
#903190	REDUCE cov: 2915 ft: 10586 corp: 1763/139Kb lim: 4073 exec/s: 1199 rss: 456Mb L: 23/2940 MS: 3 ManualDict-ChangeBinInt-EraseBytes- DE: "BIGINT"-
#903598	REDUCE cov: 2915 ft: 10586 corp: 1763/139Kb lim: 4073 exec/s: 1199 rss: 456Mb L: 124/2940 MS: 3 PersAutoDict-ManualDict-EraseBytes- DE: "kv"-";"-
#903638	REDUCE cov: 2915 ft: 10586 corp: 1763/139Kb lim: 4073 exec/s: 1200 rss: 456Mb L: 563/2940 MS: 5 ChangeASCIIInt-ChangeASCIIInt-CopyPart-CMP-EraseBytes- DE: "\207\000"-
#903901	REDUCE cov: 2915 ft: 10586 corp: 1763/139Kb lim: 4073 exec/s: 1200 rss: 456Mb L: 87/2940 MS: 3 InsertByte-ManualDict-EraseBytes- DE: "DELETE"-
#904472	REDUCE cov: 2915 ft: 10586 corp: 1763/139Kb lim: 4073 exec/s: 1199 rss: 456Mb L: 7/2940 MS: 1 EraseBytes-
#904563	REDUCE cov: 2915 ft: 10586 corp: 1763/139Kb lim: 4073 exec/s: 1199 rss: 456Mb L: 8/2940 MS: 1 EraseBytes-
#904724	REDUCE cov: 2915 ft: 10586 corp: 1763/139Kb lim: 4073 exec/s: 1199 rss: 456Mb L: 14/2940 MS: 1 EraseBytes-
#906090	REDUCE cov: 2915 ft: 10586 corp: 1763/139Kb lim: 4084 exec/s: 1200 rss: 456Mb L: 94/2940 MS: 1 EraseBytes-
#906922	REDUCE cov: 2915 ft: 10586 corp: 1763/139Kb lim: 4084 exec/s: 1199 rss: 456Mb L: 29/2940 MS: 2 InsertByte-EraseBytes-
#907605	REDUCE cov: 2915 ft: 10586 corp: 1763/139Kb lim: 4084 exec/s: 1200 rss: 456Mb L: 40/2940 MS: 3 CopyPart-ChangeASCIIInt-EraseBytes-
#907637	REDUCE cov: 2915 ft: 10586 corp: 1763/139Kb lim: 4084 exec/s: 1200 rss: 456Mb L: 15/2940 MS: 2 InsertByte-EraseBytes-
#908203	REDUCE cov: 2915 ft: 10586 corp: 1763/139Kb lim: 4084 exec/s: 1199 rss: 456Mb L: 53/2940 MS: 1 EraseBytes-
#908906	REDUCE cov: 2915 ft: 10586 corp: 1763/139Kb lim: 4084 exec/s: 1200 rss: 456Mb L: 13/2940 MS: 3 InsertByte-ChangeBit-EraseBytes-
#908992	REDUCE cov: 2915 ft: 10586 corp: 1763/139Kb lim: 4084 exec/s: 1200 rss: 456Mb L: 151/2940 MS: 1 EraseBytes-
#909588	REDUCE cov: 2915 ft: 10586 corp: 1763/139Kb lim: 4084 exec/s: 1199 rss: 457Mb L: 11/2940 MS: 1 EraseBytes-
#909966	REDUCE cov: 2915 ft: 10586 corp: 1763/139Kb lim: 4084 exec/s: 1200 rss: 457Mb L: 48/2940 MS: 3 ChangeASCIIInt-ChangeASCIIInt-EraseBytes-
#910047	REDUCE cov: 2915 ft: 10586 corp: 1763/139Kb lim: 4084 exec/s: 1200 rss: 457Mb L: 10/2940 MS: 1 EraseBytes-
#910718	REDUCE cov: 2915 ft: 10586 corp: 1763/139Kb lim: 4084 exec/s: 1199 rss: 457Mb L: 66/2940 MS: 1 EraseBytes-
#911728	REDUCE cov: 2915 ft: 10586 corp: 1763/139Kb lim: 4084 exec/s: 1199 rss: 457Mb L: 21/2940 MS: 5 EraseBytes-CopyPart-PersAutoDict-InsertByte-CopyPart- DE: "\207\000"-
#912779	REDUCE cov: 2915 ft: 10586 corp: 1763/139Kb lim: 4084 exec/s: 1199 rss: 457Mb L: 3/2940 MS: 1 EraseBytes-
#913521	REDUCE cov: 2915 ft: 10586 corp: 1763/139Kb lim: 4084 exec/s: 1200 rss: 457Mb L: 7/2940 MS: 2 ChangeByte-EraseBytes-
#914357	REDUCE cov: 2915 ft: 10586 corp: 1763/139Kb lim: 4084 exec/s: 1199 rss: 457Mb L: 12/2940 MS: 1 EraseBytes-
#914523	REDUCE cov: 2915 ft: 10587 corp: 1764/139Kb lim: 4084 exec/s: 1200 rss: 457Mb L: 121/2940 MS: 1 ChangeBinInt-
#914755	REDUCE cov: 2915 ft: 10587 corp: 1764/139Kb lim: 4084 exec/s: 1200 rss: 457Mb L: 15/2940 MS: 2 ChangeBit-EraseBytes-
#914895	REDUCE cov: 2915 ft: 10587 corp: 1764/139Kb lim: 4084 exec/s: 1200 rss: 457Mb L: 595/2940 MS: 5 PersAutoDict-ManualDict-ChangeByte-ShuffleBytes-EraseBytes- DE: "AS"-"EXPLAIN"-
#915826	REDUCE cov: 2915 ft: 10587 corp: 1764/139Kb lim: 4084 exec/s: 1200 rss: 457Mb L: 39/2940 MS: 1 EraseBytes-
#917882	REDUCE cov: 2915 ft: 10587 corp: 1764/139Kb lim: 4095 exec/s: 1199 rss: 457Mb L: 11/2940 MS: 1 EraseBytes-
#918249	REDUCE cov: 2915 ft: 10587 corp: 1764/139Kb lim: 4095 exec/s: 1200 rss: 457Mb L: 22/2940 MS: 2 ChangeByte-EraseBytes-
#918847	REDUCE cov: 2915 ft: 10587 corp: 1764/139Kb lim: 4095 exec/s: 1201 rss: 457Mb L: 64/2940 MS: 3 InsertRepeatedBytes-ChangeBit-EraseBytes-
#919885	REDUCE cov: 2915 ft: 10587 corp: 1764/139Kb lim: 4095 exec/s: 1200 rss: 457Mb L: 14/2940 MS: 3 ChangeBinInt-ShuffleBytes-EraseBytes-
#919891	REDUCE cov: 2915 ft: 10587 corp: 1764/139Kb lim: 4095 exec/s: 1200 rss: 457Mb L: 25/2940 MS: 1 EraseBytes-
#919967	REDUCE cov: 2915 ft: 10587 corp: 1764/139Kb lim: 4095 exec/s: 1201 rss: 457Mb L: 8/2940 MS: 1 EraseBytes-
#920194	REDUCE cov: 2915 ft: 10587 corp: 1764/139Kb lim: 4095 exec/s: 1199 rss: 457Mb L: 8/2940 MS: 2 ChangeBit-EraseBytes-
#920477	REDUCE cov: 2915 ft: 10587 corp: 1764/139Kb lim: 4095 exec/s: 1200 rss: 457Mb L: 10/2940 MS: 3 ChangeBit-ChangeBit-EraseBytes-
#921668	REDUCE cov: 2915 ft: 10587 corp: 1764/139Kb lim: 4096 exec/s: 1200 rss: 457Mb L: 7/2940 MS: 1 EraseBytes-
#921936	REDUCE cov: 2915 ft: 10588 corp: 1765/139Kb lim: 4096 exec/s: 1200 rss: 457Mb L: 19/2940 MS: 3 ChangeASCIIInt-ChangeBit-ManualDict- DE: "MIN("-
#922772	NEW    cov: 2915 ft: 10589 corp: 1766/139Kb lim: 4096 exec/s: 1199 rss: 457Mb L: 36/2940 MS: 1 ChangeBinInt-
#923452	REDUCE cov: 2915 ft: 10589 corp: 1766/139Kb lim: 4096 exec/s: 1200 rss: 457Mb L: 101/2940 MS: 5 ChangeBinInt-CMP-ChangeByte-ChangeBit-EraseBytes- DE: "\377\377U<\326q\317v"-
#923813	REDUCE cov: 2915 ft: 10589 corp: 1766/139Kb lim: 4096 exec/s: 1199 rss: 457Mb L: 4/2940 MS: 1 EraseBytes-
#923914	REDUCE cov: 2915 ft: 10589 corp: 1766/139Kb lim: 4096 exec/s: 1199 rss: 457Mb L: 162/2940 MS: 1 EraseBytes-
#923966	REDUCE cov: 2915 ft: 10589 corp: 1766/139Kb lim: 4096 exec/s: 1199 rss: 457Mb L: 14/2940 MS: 2 EraseBytes-PersAutoDict- DE: "\377\007"-
#924617	REDUCE cov: 2915 ft: 10589 corp: 1766/139Kb lim: 4096 exec/s: 1200 rss: 459Mb L: 11/2940 MS: 1 EraseBytes-
#925838	REDUCE cov: 2915 ft: 10589 corp: 1766/139Kb lim: 4096 exec/s: 1200 rss: 459Mb L: 131/2940 MS: 1 EraseBytes-
#925924	REDUCE cov: 2915 ft: 10589 corp: 1766/139Kb lim: 4096 exec/s: 1200 rss: 459Mb L: 32/2940 MS: 1 EraseBytes-
#926601	REDUCE cov: 2915 ft: 10589 corp: 1766/139Kb lim: 4096 exec/s: 1200 rss: 459Mb L: 148/2940 MS: 2 ChangeBinInt-EraseBytes-
#926988	REDUCE cov: 2915 ft: 10589 corp: 1766/139Kb lim: 4096 exec/s: 1200 rss: 459Mb L: 178/2940 MS: 2 ShuffleBytes-EraseBytes-
#927457	REDUCE cov: 2915 ft: 10589 corp: 1766/139Kb lim: 4096 exec/s: 1199 rss: 459Mb L: 3/2940 MS: 4 ChangeBit-EraseBytes-ShuffleBytes-EraseBytes-
#928108	REDUCE cov: 2915 ft: 10589 corp: 1766/139Kb lim: 4096 exec/s: 1200 rss: 459Mb L: 119/2940 MS: 1 EraseBytes-
#928700	REDUCE cov: 2915 ft: 10589 corp: 1766/139Kb lim: 4096 exec/s: 1199 rss: 459Mb L: 141/2940 MS: 2 ChangeByte-EraseBytes-
#929311	REDUCE cov: 2915 ft: 10590 corp: 1767/139Kb lim: 4096 exec/s: 1200 rss: 459Mb L: 65/2940 MS: 1 ChangeBit-
#929789	REDUCE cov: 2915 ft: 10590 corp: 1767/139Kb lim: 4096 exec/s: 1199 rss: 459Mb L: 143/2940 MS: 3 ShuffleBytes-PersAutoDict-EraseBytes- DE: "LOWER("-
#930505	REDUCE cov: 2915 ft: 10593 corp: 1768/140Kb lim: 4096 exec/s: 1200 rss: 459Mb L: 926/2940 MS: 1 CopyPart-
#930756	REDUCE cov: 2915 ft: 10593 corp: 1768/140Kb lim: 4096 exec/s: 1200 rss: 459Mb L: 18/2940 MS: 1 EraseBytes-
#931434	REDUCE cov: 2915 ft: 10593 corp: 1768/140Kb lim: 4096 exec/s: 1200 rss: 459Mb L: 80/2940 MS: 3 ChangeBinInt-ChangeBit-EraseBytes-
#931533	REDUCE cov: 2915 ft: 10593 corp: 1768/140Kb lim: 4096 exec/s: 1200 rss: 459Mb L: 184/2940 MS: 4 ManualDict-CopyPart-ChangeByte-EraseBytes- DE: "UPPER("-
#932071	REDUCE cov: 2915 ft: 10593 corp: 1768/140Kb lim: 4096 exec/s: 1201 rss: 459Mb L: 43/2940 MS: 3 ChangeASCIIInt-CMP-EraseBytes- DE: "\002\376\377\377"-
#932097	REDUCE cov: 2915 ft: 10593 corp: 1768/140Kb lim: 4096 exec/s: 1201 rss: 459Mb L: 30/2940 MS: 1 EraseBytes-
#932464	REDUCE cov: 2915 ft: 10593 corp: 1768/140Kb lim: 4096 exec/s: 1200 rss: 459Mb L: 19/2940 MS: 2 ShuffleBytes-EraseBytes-
#933461	REDUCE cov: 2915 ft: 10593 corp: 1768/140Kb lim: 4096 exec/s: 1199 rss: 459Mb L: 599/2940 MS: 2 ChangeByte-EraseBytes-
#934347	REDUCE cov: 2915 ft: 10593 corp: 1768/140Kb lim: 4096 exec/s: 1199 rss: 459Mb L: 1327/2940 MS: 1 EraseBytes-
#934799	REDUCE cov: 2915 ft: 10593 corp: 1768/140Kb lim: 4096 exec/s: 1199 rss: 459Mb L: 176/2940 MS: 2 ChangeBinInt-EraseBytes-
#935335	REDUCE cov: 2915 ft: 10593 corp: 1768/140Kb lim: 4096 exec/s: 1200 rss: 459Mb L: 55/2940 MS: 1 EraseBytes-
#935571	REDUCE cov: 2915 ft: 10593 corp: 1768/140Kb lim: 4096 exec/s: 1199 rss: 459Mb L: 98/2940 MS: 1 EraseBytes-
#936117	REDUCE cov: 2915 ft: 10593 corp: 1768/140Kb lim: 4096 exec/s: 1200 rss: 459Mb L: 15/2940 MS: 1 EraseBytes-
#936639	REDUCE cov: 2915 ft: 10593 corp: 1768/140Kb lim: 4096 exec/s: 1199 rss: 459Mb L: 130/2940 MS: 2 CMP-EraseBytes- DE: "\000\000V<\326k@\367"-
#937110	REDUCE cov: 2915 ft: 10593 corp: 1768/140Kb lim: 4096 exec/s: 1199 rss: 459Mb L: 61/2940 MS: 1 EraseBytes-
#937131	REDUCE cov: 2915 ft: 10593 corp: 1768/140Kb lim: 4096 exec/s: 1199 rss: 459Mb L: 113/2940 MS: 1 EraseBytes-
#937222	REDUCE cov: 2915 ft: 10593 corp: 1768/140Kb lim: 4096 exec/s: 1200 rss: 459Mb L: 9/2940 MS: 1 EraseBytes-
#937258	REDUCE cov: 2915 ft: 10593 corp: 1768/140Kb lim: 4096 exec/s: 1200 rss: 459Mb L: 6/2940 MS: 1 EraseBytes-
#937454	REDUCE cov: 2915 ft: 10593 corp: 1768/140Kb lim: 4096 exec/s: 1200 rss: 459Mb L: 27/2940 MS: 1 EraseBytes-
#937980	REDUCE cov: 2915 ft: 10593 corp: 1768/140Kb lim: 4096 exec/s: 1199 rss: 459Mb L: 88/2940 MS: 1 EraseBytes-
#938021	REDUCE cov: 2915 ft: 10593 corp: 1768/140Kb lim: 4096 exec/s: 1199 rss: 459Mb L: 14/2940 MS: 1 EraseBytes-
#938442	REDUCE cov: 2915 ft: 10593 corp: 1768/140Kb lim: 4096 exec/s: 1200 rss: 459Mb L: 699/2940 MS: 1 EraseBytes-
#941099	REDUCE cov: 2915 ft: 10593 corp: 1768/140Kb lim: 4096 exec/s: 1200 rss: 459Mb L: 39/2940 MS: 2 ChangeASCIIInt-EraseBytes-
#941446	REDUCE cov: 2915 ft: 10593 corp: 1768/140Kb lim: 4096 exec/s: 1199 rss: 459Mb L: 5/2940 MS: 2 CopyPart-EraseBytes-
#942693	REDUCE cov: 2915 ft: 10593 corp: 1768/140Kb lim: 4096 exec/s: 1199 rss: 459Mb L: 910/2940 MS: 2 ChangeBinInt-EraseBytes-
#943643	REDUCE cov: 2915 ft: 10593 corp: 1768/140Kb lim: 4096 exec/s: 1200 rss: 459Mb L: 10/2940 MS: 5 EraseBytes-PersAutoDict-ShuffleBytes-ManualDict-EraseBytes- DE: "MIN("-"AND"-
#943649	REDUCE cov: 2915 ft: 10593 corp: 1768/140Kb lim: 4096 exec/s: 1200 rss: 459Mb L: 17/2940 MS: 1 EraseBytes-
#943748	REDUCE cov: 2915 ft: 10593 corp: 1768/140Kb lim: 4096 exec/s: 1200 rss: 459Mb L: 86/2940 MS: 4 ChangeASCIIInt-ChangeASCIIInt-CrossOver-EraseBytes-
#944435	REDUCE cov: 2915 ft: 10593 corp: 1768/140Kb lim: 4096 exec/s: 1200 rss: 459Mb L: 33/2940 MS: 2 ChangeBinInt-EraseBytes-
#944731	REDUCE cov: 2915 ft: 10593 corp: 1768/140Kb lim: 4096 exec/s: 1200 rss: 459Mb L: 29/2940 MS: 1 EraseBytes-
#944912	REDUCE cov: 2915 ft: 10593 corp: 1768/140Kb lim: 4096 exec/s: 1200 rss: 459Mb L: 21/2940 MS: 1 EraseBytes-
#946628	REDUCE cov: 2915 ft: 10593 corp: 1768/140Kb lim: 4096 exec/s: 1199 rss: 459Mb L: 52/2940 MS: 1 EraseBytes-
#947084	REDUCE cov: 2915 ft: 10593 corp: 1768/140Kb lim: 4096 exec/s: 1200 rss: 459Mb L: 50/2940 MS: 1 EraseBytes-
#947910	REDUCE cov: 2915 ft: 10593 corp: 1768/140Kb lim: 4096 exec/s: 1199 rss: 459Mb L: 56/2940 MS: 1 EraseBytes-
#948586	REDUCE cov: 2915 ft: 10593 corp: 1768/140Kb lim: 4096 exec/s: 1200 rss: 459Mb L: 58/2940 MS: 1 EraseBytes-
#948993	NEW    cov: 2915 ft: 10594 corp: 1769/140Kb lim: 4096 exec/s: 1199 rss: 459Mb L: 5/2940 MS: 2 ChangeBinInt-EraseBytes-
#949959	REDUCE cov: 2915 ft: 10594 corp: 1769/140Kb lim: 4096 exec/s: 1200 rss: 459Mb L: 117/2940 MS: 1 EraseBytes-
#950090	REDUCE cov: 2915 ft: 10594 corp: 1769/140Kb lim: 4096 exec/s: 1199 rss: 459Mb L: 12/2940 MS: 1 EraseBytes-
#951831	REDUCE cov: 2915 ft: 10594 corp: 1769/140Kb lim: 4096 exec/s: 1200 rss: 459Mb L: 25/2940 MS: 1 EraseBytes-
#952642	REDUCE cov: 2915 ft: 10594 corp: 1769/140Kb lim: 4096 exec/s: 1199 rss: 459Mb L: 41/2940 MS: 1 EraseBytes-
#953269	REDUCE cov: 2915 ft: 10594 corp: 1769/140Kb lim: 4096 exec/s: 1200 rss: 459Mb L: 11/2940 MS: 2 InsertByte-EraseBytes-
#953460	REDUCE cov: 2915 ft: 10594 corp: 1769/140Kb lim: 4096 exec/s: 1200 rss: 459Mb L: 49/2940 MS: 1 EraseBytes-
#954701	REDUCE cov: 2915 ft: 10594 corp: 1769/140Kb lim: 4096 exec/s: 1200 rss: 459Mb L: 20/2940 MS: 1 EraseBytes-
#956413	NEW    cov: 2915 ft: 10595 corp: 1770/141Kb lim: 4096 exec/s: 1200 rss: 460Mb L: 1364/2940 MS: 2 ShuffleBytes-CopyPart-
#958139	REDUCE cov: 2915 ft: 10595 corp: 1770/141Kb lim: 4096 exec/s: 1200 rss: 460Mb L: 80/2940 MS: 1 EraseBytes-
#958370	REDUCE cov: 2915 ft: 10595 corp: 1770/141Kb lim: 4096 exec/s: 1200 rss: 460Mb L: 62/2940 MS: 1 EraseBytes-
#958896	REDUCE cov: 2915 ft: 10595 corp: 1770/141Kb lim: 4096 exec/s: 1200 rss: 460Mb L: 108/2940 MS: 1 EraseBytes-
#960057	REDUCE cov: 2915 ft: 10595 corp: 1770/141Kb lim: 4096 exec/s: 1200 rss: 460Mb L: 11/2940 MS: 1 EraseBytes-
#960230	REDUCE cov: 2916 ft: 10612 corp: 1771/141Kb lim: 4096 exec/s: 1200 rss: 460Mb L: 296/2940 MS: 3 CopyPart-CopyPart-CopyPart-
#960941	REDUCE cov: 2916 ft: 10612 corp: 1771/141Kb lim: 4096 exec/s: 1201 rss: 460Mb L: 14/2940 MS: 1 EraseBytes-
#961097	REDUCE cov: 2916 ft: 10612 corp: 1771/141Kb lim: 4096 exec/s: 1201 rss: 460Mb L: 11/2940 MS: 1 EraseBytes-
#961553	REDUCE cov: 2916 ft: 10612 corp: 1771/141Kb lim: 4096 exec/s: 1200 rss: 460Mb L: 4/2940 MS: 1 EraseBytes-
#961655	REDUCE cov: 2916 ft: 10612 corp: 1771/141Kb lim: 4096 exec/s: 1200 rss: 460Mb L: 106/2940 MS: 2 EraseBytes-InsertByte-
#962599	REDUCE cov: 2916 ft: 10612 corp: 1771/141Kb lim: 4096 exec/s: 1200 rss: 460Mb L: 261/2940 MS: 4 PersAutoDict-ChangeASCIIInt-CopyPart-EraseBytes- DE: "COUNT("-
#963305	REDUCE cov: 2916 ft: 10612 corp: 1771/141Kb lim: 4096 exec/s: 1201 rss: 460Mb L: 10/2940 MS: 1 EraseBytes-
#964247	NEW    cov: 2917 ft: 10613 corp: 1772/141Kb lim: 4096 exec/s: 1200 rss: 460Mb L: 5/2940 MS: 2 ShuffleBytes-ChangeBinInt-
#964653	REDUCE cov: 2917 ft: 10613 corp: 1772/141Kb lim: 4096 exec/s: 1201 rss: 460Mb L: 44/2940 MS: 1 EraseBytes-
#964666	NEW    cov: 2917 ft: 10614 corp: 1773/141Kb lim: 4096 exec/s: 1201 rss: 460Mb L: 126/2940 MS: 3 InsertRepeatedBytes-ChangeBit-PersAutoDict- DE: "\366@k\326<V\000\000"-
#966262	REDUCE cov: 2917 ft: 10614 corp: 1773/141Kb lim: 4096 exec/s: 1200 rss: 460Mb L: 19/2940 MS: 1 EraseBytes-
#966502	REDUCE cov: 2917 ft: 10614 corp: 1773/141Kb lim: 4096 exec/s: 1200 rss: 460Mb L: 265/2940 MS: 5 ChangeByte-EraseBytes-ChangeBit-CopyPart-EraseBytes-
#968688	REDUCE cov: 2917 ft: 10614 corp: 1773/141Kb lim: 4096 exec/s: 1200 rss: 460Mb L: 17/2940 MS: 1 EraseBytes-
#968842	REDUCE cov: 2917 ft: 10614 corp: 1773/141Kb lim: 4096 exec/s: 1200 rss: 460Mb L: 117/2940 MS: 4 ChangeASCIIInt-ChangeASCIIInt-CrossOver-EraseBytes-
#969770	REDUCE cov: 2917 ft: 10614 corp: 1773/141Kb lim: 4096 exec/s: 1200 rss: 460Mb L: 50/2940 MS: 3 ChangeByte-ChangeBit-EraseBytes-
#969866	REDUCE cov: 2917 ft: 10615 corp: 1774/141Kb lim: 4096 exec/s: 1200 rss: 460Mb L: 59/2940 MS: 1 ManualDict- DE: "0.1"-
#970311	NEW    cov: 2917 ft: 10616 corp: 1775/142Kb lim: 4096 exec/s: 1200 rss: 460Mb L: 237/2940 MS: 5 InsertRepeatedBytes-InsertRepeatedBytes-EraseBytes-InsertByte-ChangeBit-
#970682	REDUCE cov: 2917 ft: 10616 corp: 1775/142Kb lim: 4096 exec/s: 1199 rss: 460Mb L: 7/2940 MS: 1 EraseBytes-
#970688	REDUCE cov: 2917 ft: 10616 corp: 1775/142Kb lim: 4096 exec/s: 1199 rss: 460Mb L: 7/2940 MS: 1 EraseBytes-
#971089	REDUCE cov: 2917 ft: 10616 corp: 1775/142Kb lim: 4096 exec/s: 1200 rss: 460Mb L: 12/2940 MS: 1 EraseBytes-
#973265	REDUCE cov: 2917 ft: 10616 corp: 1775/141Kb lim: 4096 exec/s: 1200 rss: 460Mb L: 28/2940 MS: 1 EraseBytes-
#973847	REDUCE cov: 2917 ft: 10616 corp: 1775/141Kb lim: 4096 exec/s: 1200 rss: 460Mb L: 14/2940 MS: 2 CopyPart-EraseBytes-
#974238	REDUCE cov: 2917 ft: 10616 corp: 1775/141Kb lim: 4096 exec/s: 1199 rss: 460Mb L: 35/2940 MS: 1 EraseBytes-
#975260	REDUCE cov: 2917 ft: 10616 corp: 1775/141Kb lim: 4096 exec/s: 1201 rss: 460Mb L: 144/2940 MS: 2 ManualDict-EraseBytes- DE: "CREATE"-
#975411	REDUCE cov: 2917 ft: 10616 corp: 1775/141Kb lim: 4096 exec/s: 1201 rss: 460Mb L: 136/2940 MS: 1 EraseBytes-
#976582	REDUCE cov: 2917 ft: 10616 corp: 1775/141Kb lim: 4096 exec/s: 1201 rss: 460Mb L: 45/2940 MS: 1 EraseBytes-
#977434	REDUCE cov: 2917 ft: 10616 corp: 1775/141Kb lim: 4096 exec/s: 1200 rss: 460Mb L: 70/2940 MS: 2 ManualDict-EraseBytes- DE: "OFFSET"-
#977655	REDUCE cov: 2917 ft: 10616 corp: 1775/141Kb lim: 4096 exec/s: 1201 rss: 460Mb L: 119/2940 MS: 1 EraseBytes-
#978097	REDUCE cov: 2917 ft: 10616 corp: 1775/141Kb lim: 4096 exec/s: 1200 rss: 460Mb L: 16/2940 MS: 2 PersAutoDict-EraseBytes- DE: "kv"-
#978476	NEW    cov: 2917 ft: 10617 corp: 1776/141Kb lim: 4096 exec/s: 1200 rss: 460Mb L: 104/2940 MS: 4 InsertRepeatedBytes-CopyPart-ChangeBit-CopyPart-
#978845	REDUCE cov: 2917 ft: 10617 corp: 1776/141Kb lim: 4096 exec/s: 1201 rss: 460Mb L: 286/2940 MS: 4 InsertByte-EraseBytes-ChangeBinInt-InsertRepeatedBytes-
#979133	REDUCE cov: 2917 ft: 10617 corp: 1776/141Kb lim: 4096 exec/s: 1199 rss: 460Mb L: 189/2940 MS: 3 ChangeBinInt-ManualDict-EraseBytes- DE: "temps"-
#979211	NEW    cov: 2917 ft: 10618 corp: 1777/141Kb lim: 4096 exec/s: 1200 rss: 460Mb L: 32/2940 MS: 3 CMP-ChangeBinInt-InsertByte- DE: "rG3\035c\177\000\000"-
#979214	REDUCE cov: 2917 ft: 10618 corp: 1777/141Kb lim: 4096 exec/s: 1200 rss: 460Mb L: 149/2940 MS: 3 ChangeByte-CopyPart-EraseBytes-
#979312	REDUCE cov: 2917 ft: 10618 corp: 1777/141Kb lim: 4096 exec/s: 1200 rss: 460Mb L: 20/2940 MS: 3 CopyPart-EraseBytes-EraseBytes-
#980123	REDUCE cov: 2917 ft: 10618 corp: 1777/141Kb lim: 4096 exec/s: 1201 rss: 460Mb L: 89/2940 MS: 1 EraseBytes-
#981971	REDUCE cov: 2917 ft: 10618 corp: 1777/141Kb lim: 4096 exec/s: 1200 rss: 460Mb L: 584/2940 MS: 3 ShuffleBytes-ChangeASCIIInt-EraseBytes-
#984357	REDUCE cov: 2917 ft: 10618 corp: 1777/141Kb lim: 4096 exec/s: 1200 rss: 460Mb L: 32/2940 MS: 1 EraseBytes-
#984918	REDUCE cov: 2917 ft: 10618 corp: 1777/141Kb lim: 4096 exec/s: 1201 rss: 460Mb L: 10/2940 MS: 1 EraseBytes-
#985980	REDUCE cov: 2917 ft: 10618 corp: 1777/141Kb lim: 4096 exec/s: 1200 rss: 460Mb L: 47/2940 MS: 2 ShuffleBytes-EraseBytes-
#986096	REDUCE cov: 2917 ft: 10618 corp: 1777/141Kb lim: 4096 exec/s: 1201 rss: 460Mb L: 15/2940 MS: 1 EraseBytes-
#986265	REDUCE cov: 2917 ft: 10618 corp: 1777/141Kb lim: 4096 exec/s: 1201 rss: 460Mb L: 56/2940 MS: 4 ShuffleBytes-PersAutoDict-EraseBytes-EraseBytes- DE: "TABLE"-
#986273	REDUCE cov: 2917 ft: 10618 corp: 1777/141Kb lim: 4096 exec/s: 1201 rss: 460Mb L: 278/2940 MS: 3 EraseBytes-ChangeBinInt-CMP- DE: "\003\000\000\000\007\000\000\000\000\000\000 _\240\002B\004it's"-
#986303	NEW    cov: 2917 ft: 10619 corp: 1778/142Kb lim: 4096 exec/s: 1201 rss: 460Mb L: 165/2940 MS: 5 CrossOver-CopyPart-CopyPart-ChangeBinInt-InsertRepeatedBytes-
#986324	REDUCE cov: 2917 ft: 10619 corp: 1778/142Kb lim: 4096 exec/s: 1201 rss: 460Mb L: 106/2940 MS: 1 EraseBytes-
#986626	REDUCE cov: 2917 ft: 10619 corp: 1778/142Kb lim: 4096 exec/s: 1200 rss: 460Mb L: 97/2940 MS: 2 ChangeBinInt-EraseBytes-
#987838	NEW    cov: 2917 ft: 10620 corp: 1779/142Kb lim: 4096 exec/s: 1200 rss: 461Mb L: 79/2940 MS: 2 ChangeASCIIInt-InsertByte-
#987869	REDUCE cov: 2917 ft: 10620 corp: 1779/142Kb lim: 4096 exec/s: 1200 rss: 461Mb L: 7/2940 MS: 1 EraseBytes-
#987897	REDUCE cov: 2917 ft: 10620 corp: 1779/142Kb lim: 4096 exec/s: 1200 rss: 461Mb L: 1094/2940 MS: 3 CMP-InsertByte-EraseBytes- DE: "\377\377\002/"-
#988263	REDUCE cov: 2917 ft: 10620 corp: 1779/142Kb lim: 4096 exec/s: 1200 rss: 461Mb L: 73/2940 MS: 1 EraseBytes-
#988737	REDUCE cov: 2917 ft: 10620 corp: 1779/142Kb lim: 4096 exec/s: 1201 rss: 461Mb L: 63/2940 MS: 4 ChangeBinInt-InsertByte-ChangeBinInt-EraseBytes-
#988864	REDUCE cov: 2917 ft: 10620 corp: 1779/142Kb lim: 4096 exec/s: 1200 rss: 461Mb L: 203/2940 MS: 2 ChangeASCIIInt-EraseBytes-
#989414	REDUCE cov: 2917 ft: 10620 corp: 1779/141Kb lim: 4096 exec/s: 1200 rss: 461Mb L: 114/2940 MS: 5 ChangeBit-ChangeASCIIInt-PersAutoDict-ChangeASCIIInt-EraseBytes- DE: "ORDER"-
#989455	REDUCE cov: 2917 ft: 10620 corp: 1779/141Kb lim: 4096 exec/s: 1200 rss: 461Mb L: 98/2940 MS: 1 EraseBytes-
#989801	REDUCE cov: 2917 ft: 10620 corp: 1779/141Kb lim: 4096 exec/s: 1201 rss: 461Mb L: 97/2940 MS: 1 EraseBytes-
#991222	REDUCE cov: 2917 ft: 10620 corp: 1779/141Kb lim: 4096 exec/s: 1201 rss: 461Mb L: 37/2940 MS: 1 EraseBytes-
#991515	REDUCE cov: 2917 ft: 10620 corp: 1779/141Kb lim: 4096 exec/s: 1200 rss: 461Mb L: 18/2940 MS: 3 ChangeASCIIInt-ChangeASCIIInt-EraseBytes-
#992732	REDUCE cov: 2917 ft: 10620 corp: 1779/141Kb lim: 4096 exec/s: 1200 rss: 461Mb L: 108/2940 MS: 2 ChangeBinInt-EraseBytes-
#993189	NEW    cov: 2917 ft: 10622 corp: 1780/141Kb lim: 4096 exec/s: 1200 rss: 461Mb L: 20/2940 MS: 2 ChangeASCIIInt-EraseBytes-
#993300	REDUCE cov: 2917 ft: 10622 corp: 1780/141Kb lim: 4096 exec/s: 1201 rss: 461Mb L: 813/2940 MS: 1 EraseBytes-
#993656	REDUCE cov: 2917 ft: 10622 corp: 1780/141Kb lim: 4096 exec/s: 1201 rss: 461Mb L: 62/2940 MS: 1 EraseBytes-
#993977	REDUCE cov: 2917 ft: 10622 corp: 1780/141Kb lim: 4096 exec/s: 1200 rss: 461Mb L: 13/2940 MS: 1 EraseBytes-
#995678	REDUCE cov: 2917 ft: 10622 corp: 1780/141Kb lim: 4096 exec/s: 1201 rss: 461Mb L: 49/2940 MS: 1 EraseBytes-
#996224	REDUCE cov: 2917 ft: 10622 corp: 1780/141Kb lim: 4096 exec/s: 1201 rss: 461Mb L: 113/2940 MS: 1 EraseBytes-
#996602	REDUCE cov: 2917 ft: 10622 corp: 1780/141Kb lim: 4096 exec/s: 1200 rss: 461Mb L: 11/2940 MS: 3 ChangeBinInt-ShuffleBytes-EraseBytes-
#996847	REDUCE cov: 2917 ft: 10622 corp: 1780/141Kb lim: 4096 exec/s: 1201 rss: 461Mb L: 187/2940 MS: 5 ChangeBit-ChangeByte-InsertRepeatedBytes-ChangeByte-EraseBytes-
#997191	NEW    cov: 2917 ft: 10627 corp: 1781/143Kb lim: 4096 exec/s: 1201 rss: 461Mb L: 1916/2940 MS: 4 ChangeBinInt-ChangeByte-ShuffleBytes-CopyPart-
#998527	REDUCE cov: 2917 ft: 10627 corp: 1781/143Kb lim: 4096 exec/s: 1201 rss: 461Mb L: 43/2940 MS: 1 EraseBytes-
#999261	REDUCE cov: 2917 ft: 10627 corp: 1781/143Kb lim: 4096 exec/s: 1201 rss: 461Mb L: 91/2940 MS: 4 ChangeASCIIInt-ChangeBit-ChangeBit-EraseBytes-
#999727	REDUCE cov: 2917 ft: 10627 corp: 1781/143Kb lim: 4096 exec/s: 1201 rss: 461Mb L: 43/2940 MS: 1 EraseBytes-
#1000123	REDUCE cov: 2917 ft: 10627 corp: 1781/143Kb lim: 4096 exec/s: 1200 rss: 461Mb L: 13/2940 MS: 1 EraseBytes-
#1000653	REDUCE cov: 2917 ft: 10629 corp: 1782/143Kb lim: 4096 exec/s: 1201 rss: 461Mb L: 20/2940 MS: 5 InsertRepeatedBytes-ChangeBit-InsertByte-PersAutoDict-PersAutoDict- DE: "kv"-"''"-
#1000880	REDUCE cov: 2917 ft: 10629 corp: 1782/143Kb lim: 4096 exec/s: 1201 rss: 461Mb L: 17/2940 MS: 2 ChangeByte-EraseBytes-
#1001045	REDUCE cov: 2917 ft: 10629 corp: 1782/143Kb lim: 4096 exec/s: 1200 rss: 461Mb L: 231/2940 MS: 5 ChangeASCIIInt-ManualDict-ShuffleBytes-ChangeBinInt-EraseBytes- DE: "0.1"-
#1002963	REDUCE cov: 2917 ft: 10629 corp: 1782/143Kb lim: 4096 exec/s: 1201 rss: 461Mb L: 5/2940 MS: 3 ChangeASCIIInt-ShuffleBytes-EraseBytes-
#1003751	REDUCE cov: 2917 ft: 10629 corp: 1782/143Kb lim: 4096 exec/s: 1200 rss: 461Mb L: 93/2940 MS: 3 PersAutoDict-PersAutoDict-EraseBytes- DE: "y"-"IN"-
#1003782	REDUCE cov: 2917 ft: 10629 corp: 1782/143Kb lim: 4096 exec/s: 1200 rss: 461Mb L: 75/2940 MS: 1 EraseBytes-
#1004228	REDUCE cov: 2917 ft: 10629 corp: 1782/143Kb lim: 4096 exec/s: 1201 rss: 462Mb L: 13/2940 MS: 1 EraseBytes-
#1004289	REDUCE cov: 2917 ft: 10629 corp: 1782/143Kb lim: 4096 exec/s: 1201 rss: 462Mb L: 39/2940 MS: 1 EraseBytes-
#1004556	REDUCE cov: 2917 ft: 10629 corp: 1782/143Kb lim: 4096 exec/s: 1201 rss: 462Mb L: 33/2940 MS: 2 ChangeBit-EraseBytes-
#1006822	REDUCE cov: 2917 ft: 10629 corp: 1782/143Kb lim: 4096 exec/s: 1201 rss: 462Mb L: 44/2940 MS: 1 EraseBytes-
#1007547	REDUCE cov: 2917 ft: 10629 corp: 1782/143Kb lim: 4096 exec/s: 1200 rss: 462Mb L: 41/2940 MS: 5 CopyPart-CrossOver-ManualDict-CopyPart-EraseBytes- DE: "a"-
#1007569	REDUCE cov: 2917 ft: 10629 corp: 1782/143Kb lim: 4096 exec/s: 1200 rss: 462Mb L: 16/2940 MS: 2 CMP-EraseBytes- DE: "\377\377"-
#1007624	REDUCE cov: 2917 ft: 10629 corp: 1782/143Kb lim: 4096 exec/s: 1200 rss: 462Mb L: 22/2940 MS: 5 ChangeBit-ShuffleBytes-PersAutoDict-ChangeByte-EraseBytes- DE: "LIKE"-
#1007810	REDUCE cov: 2917 ft: 10629 corp: 1782/143Kb lim: 4096 exec/s: 1201 rss: 462Mb L: 13/2940 MS: 1 EraseBytes-
#1008037	REDUCE cov: 2917 ft: 10629 corp: 1782/143Kb lim: 4096 exec/s: 1201 rss: 462Mb L: 72/2940 MS: 2 EraseBytes-CopyPart-
#1008118	REDUCE cov: 2917 ft: 10629 corp: 1782/143Kb lim: 4096 exec/s: 1201 rss: 462Mb L: 12/2940 MS: 1 EraseBytes-
#1009025	REDUCE cov: 2917 ft: 10629 corp: 1782/143Kb lim: 4096 exec/s: 1201 rss: 462Mb L: 1856/2940 MS: 2 ManualDict-EraseBytes- DE: "INT"-
#1009653	REDUCE cov: 2917 ft: 10631 corp: 1783/143Kb lim: 4096 exec/s: 1200 rss: 462Mb L: 208/2940 MS: 3 ChangeBinInt-ShuffleBytes-CrossOver-
#1009950	REDUCE cov: 2917 ft: 10631 corp: 1783/143Kb lim: 4096 exec/s: 1200 rss: 462Mb L: 104/2940 MS: 2 CopyPart-EraseBytes-
#1010931	REDUCE cov: 2917 ft: 10631 corp: 1783/143Kb lim: 4096 exec/s: 1200 rss: 462Mb L: 5/2940 MS: 1 EraseBytes-
#1011027	REDUCE cov: 2917 ft: 10631 corp: 1783/143Kb lim: 4096 exec/s: 1200 rss: 462Mb L: 44/2940 MS: 1 EraseBytes-
#1011300	NEW    cov: 2917 ft: 10633 corp: 1784/143Kb lim: 4096 exec/s: 1201 rss: 462Mb L: 27/2940 MS: 3 InsertByte-InsertByte-ChangeBinInt-
#1011697	REDUCE cov: 2917 ft: 10633 corp: 1784/143Kb lim: 4096 exec/s: 1201 rss: 462Mb L: 87/2940 MS: 2 InsertByte-EraseBytes-
#1012653	REDUCE cov: 2917 ft: 10633 corp: 1784/143Kb lim: 4096 exec/s: 1201 rss: 462Mb L: 110/2940 MS: 1 EraseBytes-
#1012662	REDUCE cov: 2917 ft: 10633 corp: 1784/143Kb lim: 4096 exec/s: 1201 rss: 462Mb L: 63/2940 MS: 4 ChangeBinInt-CopyPart-InsertByte-EraseBytes-
#1014376	REDUCE cov: 2917 ft: 10633 corp: 1784/143Kb lim: 4096 exec/s: 1201 rss: 462Mb L: 9/2940 MS: 4 CopyPart-CrossOver-EraseBytes-EraseBytes-
#1016132	REDUCE cov: 2917 ft: 10633 corp: 1784/143Kb lim: 4096 exec/s: 1201 rss: 462Mb L: 50/2940 MS: 1 EraseBytes-
#1016558	REDUCE cov: 2917 ft: 10633 corp: 1784/143Kb lim: 4096 exec/s: 1201 rss: 462Mb L: 47/2940 MS: 1 EraseBytes-
#1016620	REDUCE cov: 2917 ft: 10633 corp: 1784/143Kb lim: 4096 exec/s: 1201 rss: 462Mb L: 11/2940 MS: 2 ChangeByte-EraseBytes-
#1016847	REDUCE cov: 2917 ft: 10633 corp: 1784/143Kb lim: 4096 exec/s: 1200 rss: 462Mb L: 17/2940 MS: 2 PersAutoDict-EraseBytes- DE: "zz"-
#1018179	REDUCE cov: 2917 ft: 10633 corp: 1784/143Kb lim: 4096 exec/s: 1200 rss: 462Mb L: 12/2940 MS: 2 PersAutoDict-EraseBytes- DE: "z"-
#1018525	REDUCE cov: 2917 ft: 10633 corp: 1784/143Kb lim: 4096 exec/s: 1201 rss: 462Mb L: 64/2940 MS: 1 EraseBytes-
#1019296	REDUCE cov: 2917 ft: 10633 corp: 1784/143Kb lim: 4096 exec/s: 1200 rss: 462Mb L: 41/2940 MS: 1 EraseBytes-
#1020228	REDUCE cov: 2917 ft: 10633 corp: 1784/143Kb lim: 4096 exec/s: 1201 rss: 462Mb L: 22/2940 MS: 2 CrossOver-EraseBytes-
#1020254	NEW    cov: 2917 ft: 10634 corp: 1785/143Kb lim: 4096 exec/s: 1201 rss: 462Mb L: 36/2940 MS: 1 CopyPart-
#1020425	NEW    cov: 2917 ft: 10643 corp: 1786/143Kb lim: 4096 exec/s: 1201 rss: 462Mb L: 278/2940 MS: 1 InsertRepeatedBytes-
#1022096	REDUCE cov: 2917 ft: 10643 corp: 1786/143Kb lim: 4096 exec/s: 1201 rss: 463Mb L: 197/2940 MS: 1 EraseBytes-
#1022297	REDUCE cov: 2917 ft: 10643 corp: 1786/143Kb lim: 4096 exec/s: 1201 rss: 463Mb L: 29/2940 MS: 1 EraseBytes-
#1023049	REDUCE cov: 2917 ft: 10643 corp: 1786/143Kb lim: 4096 exec/s: 1200 rss: 463Mb L: 145/2940 MS: 2 ChangeBit-EraseBytes-
#1024166	REDUCE cov: 2917 ft: 10643 corp: 1786/143Kb lim: 4096 exec/s: 1200 rss: 463Mb L: 93/2940 MS: 2 ManualDict-EraseBytes- DE: "DESC"-
#1027072	REDUCE cov: 2917 ft: 10643 corp: 1786/143Kb lim: 4096 exec/s: 1201 rss: 463Mb L: 21/2940 MS: 1 EraseBytes-
#1027340	REDUCE cov: 2917 ft: 10643 corp: 1786/143Kb lim: 4096 exec/s: 1201 rss: 463Mb L: 105/2940 MS: 3 ShuffleBytes-ChangeBit-EraseBytes-
#1028343	REDUCE cov: 2917 ft: 10643 corp: 1786/143Kb lim: 4096 exec/s: 1201 rss: 463Mb L: 198/2940 MS: 3 ChangeASCIIInt-ChangeBit-EraseBytes-
#1028529	REDUCE cov: 2917 ft: 10643 corp: 1786/143Kb lim: 4096 exec/s: 1201 rss: 463Mb L: 30/2940 MS: 1 EraseBytes-
#1029827	REDUCE cov: 2917 ft: 10643 corp: 1786/143Kb lim: 4096 exec/s: 1201 rss: 463Mb L: 348/2940 MS: 3 InsertRepeatedBytes-ChangeBit-EraseBytes-
#1030023	REDUCE cov: 2917 ft: 10643 corp: 1786/143Kb lim: 4096 exec/s: 1201 rss: 463Mb L: 58/2940 MS: 1 EraseBytes-
#1030389	REDUCE cov: 2917 ft: 10643 corp: 1786/143Kb lim: 4096 exec/s: 1200 rss: 463Mb L: 13/2940 MS: 1 EraseBytes-
#1032406	REDUCE cov: 2917 ft: 10643 corp: 1786/143Kb lim: 4096 exec/s: 1201 rss: 463Mb L: 16/2940 MS: 2 ChangeASCIIInt-EraseBytes-
#1032505	REDUCE cov: 2917 ft: 10643 corp: 1786/143Kb lim: 4096 exec/s: 1200 rss: 463Mb L: 95/2940 MS: 4 CMP-CrossOver-ChangeASCIIInt-EraseBytes- DE: "\006\211"-
#1032596	REDUCE cov: 2917 ft: 10643 corp: 1786/143Kb lim: 4096 exec/s: 1200 rss: 463Mb L: 31/2940 MS: 1 EraseBytes-
#1033232	REDUCE cov: 2917 ft: 10643 corp: 1786/143Kb lim: 4096 exec/s: 1201 rss: 463Mb L: 15/2940 MS: 1 EraseBytes-
#1033278	REDUCE cov: 2917 ft: 10643 corp: 1786/143Kb lim: 4096 exec/s: 1201 rss: 463Mb L: 116/2940 MS: 1 EraseBytes-
#1033934	REDUCE cov: 2917 ft: 10643 corp: 1786/143Kb lim: 4096 exec/s: 1200 rss: 463Mb L: 8/2940 MS: 1 EraseBytes-
#1034071	REDUCE cov: 2917 ft: 10643 corp: 1786/143Kb lim: 4096 exec/s: 1201 rss: 463Mb L: 54/2940 MS: 2 ChangeBinInt-EraseBytes-
#1034977	REDUCE cov: 2917 ft: 10643 corp: 1786/143Kb lim: 4096 exec/s: 1200 rss: 463Mb L: 352/2940 MS: 1 EraseBytes-
#1035389	REDUCE cov: 2917 ft: 10643 corp: 1786/143Kb lim: 4096 exec/s: 1201 rss: 463Mb L: 82/2940 MS: 2 InsertRepeatedBytes-EraseBytes-
#1035907	REDUCE cov: 2917 ft: 10643 corp: 1786/143Kb lim: 4096 exec/s: 1201 rss: 463Mb L: 8/2940 MS: 3 ManualDict-ShuffleBytes-EraseBytes- DE: "*"-
#1036965	REDUCE cov: 2917 ft: 10643 corp: 1786/143Kb lim: 4096 exec/s: 1201 rss: 463Mb L: 81/2940 MS: 3 PersAutoDict-ChangeByte-EraseBytes- DE: "ROUND("-
#1037371	REDUCE cov: 2917 ft: 10643 corp: 1786/143Kb lim: 4096 exec/s: 1200 rss: 463Mb L: 996/2940 MS: 1 EraseBytes-
#1038695	REDUCE cov: 2917 ft: 10643 corp: 1786/143Kb lim: 4096 exec/s: 1200 rss: 463Mb L: 85/2940 MS: 4 ChangeBit-ChangeBinInt-InsertByte-EraseBytes-
#1038791	REDUCE cov: 2917 ft: 10643 corp: 1786/143Kb lim: 4096 exec/s: 1200 rss: 463Mb L: 9/2940 MS: 1 EraseBytes-
#1038822	REDUCE cov: 2917 ft: 10643 corp: 1786/143Kb lim: 4096 exec/s: 1200 rss: 463Mb L: 8/2940 MS: 1 EraseBytes-
#1039979	REDUCE cov: 2917 ft: 10643 corp: 1786/143Kb lim: 4096 exec/s: 1200 rss: 463Mb L: 217/2940 MS: 2 ChangeByte-EraseBytes-
#1040420	REDUCE cov: 2917 ft: 10643 corp: 1786/143Kb lim: 4096 exec/s: 1201 rss: 463Mb L: 11/2940 MS: 1 EraseBytes-
#1040657	REDUCE cov: 2917 ft: 10643 corp: 1786/143Kb lim: 4096 exec/s: 1201 rss: 463Mb L: 228/2940 MS: 2 ChangeByte-EraseBytes-
#1040839	REDUCE cov: 2917 ft: 10643 corp: 1786/143Kb lim: 4096 exec/s: 1201 rss: 463Mb L: 35/2940 MS: 2 ShuffleBytes-EraseBytes-
#1040845	REDUCE cov: 2917 ft: 10643 corp: 1786/143Kb lim: 4096 exec/s: 1201 rss: 463Mb L: 52/2940 MS: 1 EraseBytes-
#1042832	REDUCE cov: 2917 ft: 10643 corp: 1786/143Kb lim: 4096 exec/s: 1201 rss: 463Mb L: 11/2940 MS: 2 ChangeBinInt-EraseBytes-
#1044028	REDUCE cov: 2917 ft: 10643 corp: 1786/143Kb lim: 4096 exec/s: 1201 rss: 463Mb L: 8/2940 MS: 1 EraseBytes-
#1044969	REDUCE cov: 2917 ft: 10643 corp: 1786/143Kb lim: 4096 exec/s: 1201 rss: 463Mb L: 96/2940 MS: 1 EraseBytes-
#1045255	REDUCE cov: 2917 ft: 10643 corp: 1786/143Kb lim: 4096 exec/s: 1201 rss: 463Mb L: 13/2940 MS: 1 EraseBytes-
#1045333	REDUCE cov: 2917 ft: 10643 corp: 1786/143Kb lim: 4096 exec/s: 1201 rss: 463Mb L: 97/2940 MS: 3 CrossOver-ChangeBit-EraseBytes-
#1045929	REDUCE cov: 2917 ft: 10643 corp: 1786/143Kb lim: 4096 exec/s: 1200 rss: 463Mb L: 16/2940 MS: 1 EraseBytes-
#1047861	REDUCE cov: 2917 ft: 10643 corp: 1786/143Kb lim: 4096 exec/s: 1201 rss: 463Mb L: 86/2940 MS: 2 InsertByte-EraseBytes-
#1048035	REDUCE cov: 2917 ft: 10644 corp: 1787/144Kb lim: 4096 exec/s: 1201 rss: 463Mb L: 362/2940 MS: 4 ChangeASCIIInt-CMP-CopyPart-CopyPart- DE: "E "-
#1048082	REDUCE cov: 2917 ft: 10644 corp: 1787/144Kb lim: 4096 exec/s: 1201 rss: 463Mb L: 63/2940 MS: 2 ChangeBinInt-EraseBytes-
#1048576	pulse  cov: 2917 ft: 10644 corp: 1787/144Kb lim: 4096 exec/s: 1201 rss: 463Mb
#1048710	REDUCE cov: 2917 ft: 10644 corp: 1787/144Kb lim: 4096 exec/s: 1201 rss: 463Mb L: 41/2940 MS: 3 ManualDict-CMP-EraseBytes- DE: "DOUBLE"-"k2"-
#1049797	REDUCE cov: 2917 ft: 10644 corp: 1787/144Kb lim: 4096 exec/s: 1201 rss: 463Mb L: 43/2940 MS: 2 InsertRepeatedBytes-EraseBytes-
#1050704	REDUCE cov: 2917 ft: 10644 corp: 1787/144Kb lim: 4096 exec/s: 1202 rss: 463Mb L: 251/2940 MS: 2 InsertByte-EraseBytes-
#1050906	REDUCE cov: 2917 ft: 10644 corp: 1787/144Kb lim: 4096 exec/s: 1201 rss: 463Mb L: 44/2940 MS: 2 ChangeByte-EraseBytes-
#1051102	REDUCE cov: 2917 ft: 10644 corp: 1787/144Kb lim: 4096 exec/s: 1201 rss: 463Mb L: 9/2940 MS: 1 EraseBytes-
#1051938	REDUCE cov: 2917 ft: 10645 corp: 1788/144Kb lim: 4096 exec/s: 1202 rss: 463Mb L: 76/2940 MS: 1 PersAutoDict- DE: "Q.q\326<V\000\000"-
#1052501	REDUCE cov: 2917 ft: 10645 corp: 1788/144Kb lim: 4096 exec/s: 1201 rss: 463Mb L: 4/2940 MS: 3 ChangeBinInt-ChangeByte-EraseBytes-
#1052607	REDUCE cov: 2917 ft: 10645 corp: 1788/144Kb lim: 4096 exec/s: 1201 rss: 463Mb L: 13/2940 MS: 1 EraseBytes-
#1052633	REDUCE cov: 2917 ft: 10645 corp: 1788/144Kb lim: 4096 exec/s: 1201 rss: 463Mb L: 55/2940 MS: 1 EraseBytes-
#1053704	REDUCE cov: 2917 ft: 10645 corp: 1788/144Kb lim: 4096 exec/s: 1201 rss: 463Mb L: 1293/2940 MS: 1 EraseBytes-
#1053880	REDUCE cov: 2917 ft: 10645 corp: 1788/144Kb lim: 4096 exec/s: 1201 rss: 463Mb L: 150/2940 MS: 1 EraseBytes-
#1053916	REDUCE cov: 2917 ft: 10645 corp: 1788/143Kb lim: 4096 exec/s: 1201 rss: 463Mb L: 192/2940 MS: 1 EraseBytes-
#1054003	REDUCE cov: 2917 ft: 10645 corp: 1788/143Kb lim: 4096 exec/s: 1201 rss: 463Mb L: 99/2940 MS: 2 PersAutoDict-EraseBytes- DE: "-9223372036854775808"-
#1054256	REDUCE cov: 2917 ft: 10645 corp: 1788/143Kb lim: 4096 exec/s: 1202 rss: 463Mb L: 10/2940 MS: 3 InsertByte-ChangeBinInt-EraseBytes-
#1055495	REDUCE cov: 2917 ft: 10645 corp: 1788/143Kb lim: 4096 exec/s: 1200 rss: 463Mb L: 33/2940 MS: 4 PersAutoDict-ChangeASCIIInt-ChangeBit-EraseBytes- DE: "\305\000"-
#1055551	REDUCE cov: 2917 ft: 10645 corp: 1788/143Kb lim: 4096 exec/s: 1200 rss: 463Mb L: 24/2940 MS: 1 EraseBytes-
#1055781	REDUCE cov: 2917 ft: 10645 corp: 1788/143Kb lim: 4096 exec/s: 1201 rss: 463Mb L: 116/2940 MS: 5 CopyPart-ChangeASCIIInt-ChangeBit-ShuffleBytes-EraseBytes-
#1056092	REDUCE cov: 2917 ft: 10645 corp: 1788/143Kb lim: 4096 exec/s: 1201 rss: 463Mb L: 2698/2940 MS: 1 EraseBytes-
#1056243	REDUCE cov: 2917 ft: 10645 corp: 1788/143Kb lim: 4096 exec/s: 1201 rss: 463Mb L: 9/2940 MS: 1 EraseBytes-
#1056334	REDUCE cov: 2917 ft: 10645 corp: 1788/143Kb lim: 4096 exec/s: 1201 rss: 463Mb L: 24/2940 MS: 1 EraseBytes-
#1057505	REDUCE cov: 2917 ft: 10645 corp: 1788/143Kb lim: 4096 exec/s: 1201 rss: 463Mb L: 30/2940 MS: 1 EraseBytes-
#1058001	REDUCE cov: 2917 ft: 10645 corp: 1788/143Kb lim: 4096 exec/s: 1200 rss: 463Mb L: 6/2940 MS: 1 EraseBytes-
#1058577	REDUCE cov: 2917 ft: 10652 corp: 1789/143Kb lim: 4096 exec/s: 1201 rss: 463Mb L: 18/2940 MS: 1 CrossOver-
#1059332	REDUCE cov: 2917 ft: 10652 corp: 1789/143Kb lim: 4096 exec/s: 1201 rss: 463Mb L: 28/2940 MS: 5 PersAutoDict-CrossOver-InsertRepeatedBytes-EraseBytes-EraseBytes- DE: "\366@k\326<V\000\000"-
#1059403	REDUCE cov: 2917 ft: 10652 corp: 1789/143Kb lim: 4096 exec/s: 1201 rss: 463Mb L: 24/2940 MS: 1 EraseBytes-
#1059740	REDUCE cov: 2917 ft: 10652 corp: 1789/143Kb lim: 4096 exec/s: 1201 rss: 463Mb L: 8/2940 MS: 2 ChangeBit-EraseBytes-
#1061381	REDUCE cov: 2917 ft: 10652 corp: 1789/143Kb lim: 4096 exec/s: 1202 rss: 463Mb L: 7/2940 MS: 1 EraseBytes-
#1062467	REDUCE cov: 2917 ft: 10652 corp: 1789/143Kb lim: 4096 exec/s: 1201 rss: 463Mb L: 11/2940 MS: 1 EraseBytes-
#1063565	REDUCE cov: 2917 ft: 10652 corp: 1789/143Kb lim: 4096 exec/s: 1201 rss: 463Mb L: 33/2940 MS: 3 CMP-InsertRepeatedBytes-EraseBytes- DE: "zz"-
#1063861	REDUCE cov: 2917 ft: 10652 corp: 1789/143Kb lim: 4096 exec/s: 1200 rss: 463Mb L: 21/2940 MS: 1 EraseBytes-
#1065512	REDUCE cov: 2917 ft: 10652 corp: 1789/143Kb lim: 4096 exec/s: 1201 rss: 463Mb L: 15/2940 MS: 1 EraseBytes-
#1065828	REDUCE cov: 2917 ft: 10652 corp: 1789/143Kb lim: 4096 exec/s: 1201 rss: 463Mb L: 30/2940 MS: 1 EraseBytes-
#1066264	REDUCE cov: 2917 ft: 10652 corp: 1789/143Kb lim: 4096 exec/s: 1200 rss: 463Mb L: 69/2940 MS: 1 EraseBytes-
#1066788	NEW    cov: 2918 ft: 10653 corp: 1790/143Kb lim: 4096 exec/s: 1201 rss: 463Mb L: 89/2940 MS: 4 CopyPart-CopyPart-InsertByte-PersAutoDict- DE: "LIKE"-
#1067295	REDUCE cov: 2918 ft: 10653 corp: 1790/143Kb lim: 4096 exec/s: 1201 rss: 463Mb L: 90/2940 MS: 2 EraseBytes-CopyPart-
#1067421	REDUCE cov: 2918 ft: 10653 corp: 1790/143Kb lim: 4096 exec/s: 1200 rss: 463Mb L: 171/2940 MS: 1 EraseBytes-
#1068102	REDUCE cov: 2918 ft: 10653 corp: 1790/143Kb lim: 4096 exec/s: 1201 rss: 463Mb L: 9/2940 MS: 1 EraseBytes-
#1068668	REDUCE cov: 2918 ft: 10653 corp: 1790/143Kb lim: 4096 exec/s: 1200 rss: 463Mb L: 8/2940 MS: 1 EraseBytes-
#1069349	REDUCE cov: 2918 ft: 10653 corp: 1790/143Kb lim: 4096 exec/s: 1201 rss: 463Mb L: 20/2940 MS: 1 EraseBytes-
#1070340	REDUCE cov: 2918 ft: 10653 corp: 1790/143Kb lim: 4096 exec/s: 1201 rss: 463Mb L: 1323/2940 MS: 1 EraseBytes-
#1070868	REDUCE cov: 2918 ft: 10653 corp: 1790/143Kb lim: 4096 exec/s: 1201 rss: 463Mb L: 53/2940 MS: 3 PersAutoDict-ShuffleBytes-EraseBytes- DE: "TABLE"-
#1071159	REDUCE cov: 2918 ft: 10653 corp: 1790/143Kb lim: 4096 exec/s: 1200 rss: 463Mb L: 79/2940 MS: 1 EraseBytes-
#1072750	REDUCE cov: 2918 ft: 10653 corp: 1790/143Kb lim: 4096 exec/s: 1201 rss: 463Mb L: 90/2940 MS: 1 EraseBytes-
#1072756	REDUCE cov: 2918 ft: 10653 corp: 1790/143Kb lim: 4096 exec/s: 1201 rss: 463Mb L: 22/2940 MS: 1 EraseBytes-
#1073797	REDUCE cov: 2918 ft: 10653 corp: 1790/143Kb lim: 4096 exec/s: 1201 rss: 463Mb L: 44/2940 MS: 1 EraseBytes-
#1074227	REDUCE cov: 2923 ft: 10676 corp: 1791/143Kb lim: 4096 exec/s: 1201 rss: 463Mb L: 292/2940 MS: 5 InsertRepeatedBytes-PersAutoDict-PersAutoDict-ChangeByte-EraseBytes- DE: "MIN("-"temps"-
#1074948	REDUCE cov: 2923 ft: 10676 corp: 1791/143Kb lim: 4096 exec/s: 1201 rss: 463Mb L: 11/2940 MS: 1 EraseBytes-
#1074998	REDUCE cov: 2923 ft: 10676 corp: 1791/143Kb lim: 4096 exec/s: 1201 rss: 463Mb L: 52/2940 MS: 5 ChangeBinInt-InsertByte-ChangeBit-ChangeByte-EraseBytes-
#1075444	REDUCE cov: 2923 ft: 10676 corp: 1791/143Kb lim: 4096 exec/s: 1201 rss: 463Mb L: 180/2940 MS: 1 EraseBytes-
#1076240	REDUCE cov: 2923 ft: 10676 corp: 1791/143Kb lim: 4096 exec/s: 1201 rss: 463Mb L: 12/2940 MS: 1 EraseBytes-
#1077118	REDUCE cov: 2923 ft: 10676 corp: 1791/143Kb lim: 4096 exec/s: 1200 rss: 463Mb L: 38/2940 MS: 3 ChangeASCIIInt-ChangeASCIIInt-EraseBytes-
#1078075	REDUCE cov: 2923 ft: 10676 corp: 1791/143Kb lim: 4096 exec/s: 1201 rss: 463Mb L: 91/2940 MS: 2 ChangeBit-EraseBytes-
#1078322	REDUCE cov: 2923 ft: 10676 corp: 1791/143Kb lim: 4096 exec/s: 1200 rss: 463Mb L: 24/2940 MS: 2 ChangeBinInt-EraseBytes-
#1078573	REDUCE cov: 2923 ft: 10676 corp: 1791/143Kb lim: 4096 exec/s: 1201 rss: 463Mb L: 8/2940 MS: 1 EraseBytes-
#1079279	REDUCE cov: 2923 ft: 10676 corp: 1791/143Kb lim: 4096 exec/s: 1201 rss: 463Mb L: 31/2940 MS: 1 EraseBytes-
#1080185	REDUCE cov: 2923 ft: 10676 corp: 1791/143Kb lim: 4096 exec/s: 1201 rss: 463Mb L: 61/2940 MS: 1 EraseBytes-
#1080567	REDUCE cov: 2923 ft: 10676 corp: 1791/143Kb lim: 4096 exec/s: 1200 rss: 463Mb L: 80/2940 MS: 2 PersAutoDict-EraseBytes- DE: "\000\000"-
#1080568	REDUCE cov: 2923 ft: 10676 corp: 1791/143Kb lim: 4096 exec/s: 1200 rss: 463Mb L: 8/2940 MS: 1 EraseBytes-
#1082270	REDUCE cov: 2923 ft: 10676 corp: 1791/143Kb lim: 4096 exec/s: 1201 rss: 463Mb L: 48/2940 MS: 2 ShuffleBytes-EraseBytes-
#1083981	REDUCE cov: 2923 ft: 10676 corp: 1791/143Kb lim: 4096 exec/s: 1200 rss: 463Mb L: 41/2940 MS: 1 EraseBytes-
#1084287	REDUCE cov: 2923 ft: 10676 corp: 1791/143Kb lim: 4096 exec/s: 1200 rss: 463Mb L: 10/2940 MS: 1 EraseBytes-
#1084438	REDUCE cov: 2923 ft: 10676 corp: 1791/143Kb lim: 4096 exec/s: 1200 rss: 463Mb L: 179/2940 MS: 1 EraseBytes-
#1085289	REDUCE cov: 2923 ft: 10676 corp: 1791/143Kb lim: 4096 exec/s: 1200 rss: 463Mb L: 95/2940 MS: 1 EraseBytes-
#1086810	REDUCE cov: 2923 ft: 10676 corp: 1791/143Kb lim: 4096 exec/s: 1200 rss: 463Mb L: 15/2940 MS: 1 EraseBytes-
#1087537	REDUCE cov: 2923 ft: 10676 corp: 1791/143Kb lim: 4096 exec/s: 1201 rss: 463Mb L: 14/2940 MS: 2 ShuffleBytes-EraseBytes-
#1088427	REDUCE cov: 2923 ft: 10676 corp: 1791/143Kb lim: 4096 exec/s: 1201 rss: 463Mb L: 71/2940 MS: 5 PersAutoDict-ChangeBinInt-ShuffleBytes-ChangeByte-EraseBytes- DE: "t2"-
#1089990	REDUCE cov: 2923 ft: 10676 corp: 1791/143Kb lim: 4096 exec/s: 1201 rss: 463Mb L: 24/2940 MS: 3 CrossOver-ChangeBinInt-EraseBytes-
#1090203	REDUCE cov: 2923 ft: 10676 corp: 1791/143Kb lim: 4096 exec/s: 1200 rss: 463Mb L: 96/2940 MS: 3 ManualDict-InsertByte-EraseBytes- DE: "c"-
#1091713	REDUCE cov: 2923 ft: 10680 corp: 1792/146Kb lim: 4096 exec/s: 1201 rss: 463Mb L: 2586/2940 MS: 5 ManualDict-ShuffleBytes-ChangeBit-CrossOver-CopyPart- DE: "UPPER("-
#1091909	REDUCE cov: 2923 ft: 10680 corp: 1792/146Kb lim: 4096 exec/s: 1201 rss: 463Mb L: 5/2940 MS: 1 EraseBytes-
#1092062	NEW    cov: 2923 ft: 10681 corp: 1793/147Kb lim: 4096 exec/s: 1201 rss: 463Mb L: 795/2940 MS: 3 ManualDict-CrossOver-CopyPart- DE: "REPLACE"-
#1093278	REDUCE cov: 2923 ft: 10681 corp: 1793/147Kb lim: 4096 exec/s: 1201 rss: 463Mb L: 29/2940 MS: 1 EraseBytes-
#1093309	REDUCE cov: 2923 ft: 10681 corp: 1793/147Kb lim: 4096 exec/s: 1201 rss: 463Mb L: 4/2940 MS: 1 EraseBytes-
#1093480	REDUCE cov: 2923 ft: 10681 corp: 1793/147Kb lim: 4096 exec/s: 1201 rss: 463Mb L: 26/2940 MS: 1 EraseBytes-
#1093546	REDUCE cov: 2923 ft: 10681 corp: 1793/147Kb lim: 4096 exec/s: 1201 rss: 463Mb L: 1696/2940 MS: 1 EraseBytes-
#1094198	REDUCE cov: 2923 ft: 10681 corp: 1793/147Kb lim: 4096 exec/s: 1201 rss: 463Mb L: 6/2940 MS: 2 EraseBytes-CopyPart-
#1094969	NEW    cov: 2923 ft: 10682 corp: 1794/147Kb lim: 4096 exec/s: 1201 rss: 463Mb L: 42/2940 MS: 1 ChangeBit-
#1094976	REDUCE cov: 2923 ft: 10682 corp: 1794/147Kb lim: 4096 exec/s: 1201 rss: 463Mb L: 5/2940 MS: 2 InsertByte-EraseBytes-
#1095597	REDUCE cov: 2923 ft: 10682 corp: 1794/147Kb lim: 4096 exec/s: 1201 rss: 463Mb L: 39/2940 MS: 1 EraseBytes-
#1096378	REDUCE cov: 2923 ft: 10682 corp: 1794/147Kb lim: 4096 exec/s: 1200 rss: 463Mb L: 4/2940 MS: 1 EraseBytes-
#1096453	REDUCE cov: 2923 ft: 10682 corp: 1794/146Kb lim: 4096 exec/s: 1200 rss: 463Mb L: 427/2940 MS: 5 EraseBytes-ManualDict-ChangeBinInt-ChangeByte-CopyPart- DE: "COUNT("-
#1098124	REDUCE cov: 2923 ft: 10682 corp: 1794/146Kb lim: 4096 exec/s: 1201 rss: 463Mb L: 86/2940 MS: 1 EraseBytes-
#1098235	REDUCE cov: 2923 ft: 10682 corp: 1794/146Kb lim: 4096 exec/s: 1201 rss: 463Mb L: 29/2940 MS: 1 EraseBytes-
#1099186	REDUCE cov: 2923 ft: 10682 corp: 1794/146Kb lim: 4096 exec/s: 1201 rss: 463Mb L: 4/2940 MS: 1 EraseBytes-
#1100033	REDUCE cov: 2923 ft: 10682 corp: 1794/146Kb lim: 4096 exec/s: 1202 rss: 463Mb L: 13/2940 MS: 2 ChangeBinInt-EraseBytes-
#1100500	REDUCE cov: 2923 ft: 10682 corp: 1794/146Kb lim: 4096 exec/s: 1201 rss: 463Mb L: 183/2940 MS: 2 ChangeASCIIInt-EraseBytes-
#1100526	REDUCE cov: 2923 ft: 10682 corp: 1794/146Kb lim: 4096 exec/s: 1201 rss: 463Mb L: 1766/2940 MS: 1 EraseBytes-
#1100602	REDUCE cov: 2923 ft: 10682 corp: 1794/146Kb lim: 4096 exec/s: 1201 rss: 463Mb L: 28/2940 MS: 1 EraseBytes-
#1100695	REDUCE cov: 2923 ft: 10682 corp: 1794/146Kb lim: 4096 exec/s: 1201 rss: 463Mb L: 22/2940 MS: 3 ChangeBinInt-ManualDict-EraseBytes- DE: "key"-
#1101263	REDUCE cov: 2923 ft: 10682 corp: 1794/146Kb lim: 4096 exec/s: 1202 rss: 463Mb L: 289/2940 MS: 3 PersAutoDict-ChangeBinInt-EraseBytes- DE: "\377\377U<\326k@\366"-
#1101800	REDUCE cov: 2923 ft: 10682 corp: 1794/146Kb lim: 4096 exec/s: 1201 rss: 463Mb L: 107/2940 MS: 2 ChangeBit-EraseBytes-
#1102356	REDUCE cov: 2923 ft: 10682 corp: 1794/146Kb lim: 4096 exec/s: 1202 rss: 463Mb L: 20/2940 MS: 1 EraseBytes-
#1103802	REDUCE cov: 2923 ft: 10682 corp: 1794/146Kb lim: 4096 exec/s: 1201 rss: 463Mb L: 522/2940 MS: 1 EraseBytes-
#1104053	REDUCE cov: 2923 ft: 10682 corp: 1794/146Kb lim: 4096 exec/s: 1201 rss: 463Mb L: 7/2940 MS: 1 EraseBytes-
#1104209	REDUCE cov: 2923 ft: 10682 corp: 1794/146Kb lim: 4096 exec/s: 1201 rss: 463Mb L: 145/2940 MS: 1 EraseBytes-
#1104555	REDUCE cov: 2923 ft: 10682 corp: 1794/146Kb lim: 4096 exec/s: 1201 rss: 463Mb L: 1192/2940 MS: 1 EraseBytes-
#1104586	REDUCE cov: 2923 ft: 10682 corp: 1794/146Kb lim: 4096 exec/s: 1201 rss: 463Mb L: 18/2940 MS: 1 EraseBytes-
#1104838	REDUCE cov: 2923 ft: 10682 corp: 1794/146Kb lim: 4096 exec/s: 1202 rss: 463Mb L: 499/2940 MS: 2 ShuffleBytes-EraseBytes-
#1105710	REDUCE cov: 2923 ft: 10683 corp: 1795/146Kb lim: 4096 exec/s: 1201 rss: 463Mb L: 38/2940 MS: 2 EraseBytes-CrossOver-
#1105907	REDUCE cov: 2923 ft: 10683 corp: 1795/146Kb lim: 4096 exec/s: 1202 rss: 463Mb L: 43/2940 MS: 2 PersAutoDict-EraseBytes- DE: "VALUES"-
#1105921	REDUCE cov: 2923 ft: 10683 corp: 1795/146Kb lim: 4096 exec/s: 1202 rss: 463Mb L: 51/2940 MS: 4 CMP-InsertByte-ChangeByte-EraseBytes- DE: "\353@k\326<V\000\000"-
#1105947	REDUCE cov: 2923 ft: 10683 corp: 1795/146Kb lim: 4096 exec/s: 1202 rss: 463Mb L: 65/2940 MS: 1 EraseBytes-
#1106058	REDUCE cov: 2923 ft: 10683 corp: 1795/146Kb lim: 4096 exec/s: 1202 rss: 464Mb L: 12/2940 MS: 1 EraseBytes-
#1106204	REDUCE cov: 2923 ft: 10685 corp: 1796/146Kb lim: 4096 exec/s: 1201 rss: 464Mb L: 104/2940 MS: 1 ChangeBit-
#1106625	REDUCE cov: 2923 ft: 10685 corp: 1796/146Kb lim: 4096 exec/s: 1201 rss: 464Mb L: 11/2940 MS: 1 EraseBytes-
#1108156	REDUCE cov: 2923 ft: 10685 corp: 1796/146Kb lim: 4096 exec/s: 1201 rss: 464Mb L: 24/2940 MS: 1 EraseBytes-
#1108317	REDUCE cov: 2923 ft: 10685 corp: 1796/146Kb lim: 4096 exec/s: 1202 rss: 464Mb L: 452/2940 MS: 1 EraseBytes-
#1108463	REDUCE cov: 2923 ft: 10685 corp: 1796/146Kb lim: 4096 exec/s: 1200 rss: 464Mb L: 18/2940 MS: 1 EraseBytes-
#1108574	REDUCE cov: 2923 ft: 10685 corp: 1796/146Kb lim: 4096 exec/s: 1201 rss: 464Mb L: 62/2940 MS: 1 CrossOver-
#1108755	REDUCE cov: 2923 ft: 10685 corp: 1796/146Kb lim: 4096 exec/s: 1201 rss: 464Mb L: 64/2940 MS: 1 EraseBytes-
#1109397	REDUCE cov: 2923 ft: 10685 corp: 1796/146Kb lim: 4096 exec/s: 1201 rss: 464Mb L: 11/2940 MS: 2 ChangeByte-EraseBytes-
#1112328	REDUCE cov: 2923 ft: 10685 corp: 1796/146Kb lim: 4096 exec/s: 1201 rss: 464Mb L: 86/2940 MS: 1 EraseBytes-
#1112974	REDUCE cov: 2923 ft: 10685 corp: 1796/146Kb lim: 4096 exec/s: 1201 rss: 464Mb L: 59/2940 MS: 1 EraseBytes-
#1113846	REDUCE cov: 2923 ft: 10685 corp: 1796/146Kb lim: 4096 exec/s: 1201 rss: 464Mb L: 48/2940 MS: 2 ManualDict-EraseBytes- DE: "kv"-
#1114055	REDUCE cov: 2923 ft: 10685 corp: 1796/146Kb lim: 4096 exec/s: 1201 rss: 464Mb L: 2607/2940 MS: 4 CopyPart-CopyPart-ChangeBit-EraseBytes-
#1115161	REDUCE cov: 2923 ft: 10685 corp: 1796/146Kb lim: 4096 exec/s: 1201 rss: 464Mb L: 85/2940 MS: 1 EraseBytes-
#1116073	NEW    cov: 2923 ft: 10686 corp: 1797/146Kb lim: 4096 exec/s: 1201 rss: 464Mb L: 167/2940 MS: 2 CopyPart-InsertRepeatedBytes-
#1116559	REDUCE cov: 2923 ft: 10686 corp: 1797/146Kb lim: 4096 exec/s: 1201 rss: 464Mb L: 47/2940 MS: 1 EraseBytes-
#1117280	REDUCE cov: 2923 ft: 10686 corp: 1797/146Kb lim: 4096 exec/s: 1201 rss: 464Mb L: 12/2940 MS: 1 EraseBytes-
#1117672	REDUCE cov: 2923 ft: 10686 corp: 1797/146Kb lim: 4096 exec/s: 1201 rss: 464Mb L: 27/2940 MS: 2 ChangeByte-EraseBytes-
#1118463	REDUCE cov: 2923 ft: 10686 corp: 1797/146Kb lim: 4096 exec/s: 1201 rss: 464Mb L: 13/2940 MS: 1 EraseBytes-
#1119055	REDUCE cov: 2923 ft: 10686 corp: 1797/146Kb lim: 4096 exec/s: 1201 rss: 464Mb L: 118/2940 MS: 2 PersAutoDict-EraseBytes- DE: "\377\377U<\326q\317v"-
#1119411	REDUCE cov: 2923 ft: 10686 corp: 1797/146Kb lim: 4096 exec/s: 1201 rss: 464Mb L: 4/2940 MS: 1 EraseBytes-
#1119528	REDUCE cov: 2923 ft: 10686 corp: 1797/146Kb lim: 4096 exec/s: 1201 rss: 464Mb L: 4/2940 MS: 2 EraseBytes-ChangeByte-
#1120266	REDUCE cov: 2923 ft: 10686 corp: 1797/146Kb lim: 4096 exec/s: 1202 rss: 464Mb L: 24/2940 MS: 3 ManualDict-ChangeBinInt-EraseBytes- DE: "d"-
#1121142	REDUCE cov: 2923 ft: 10686 corp: 1797/146Kb lim: 4096 exec/s: 1201 rss: 464Mb L: 33/2940 MS: 1 EraseBytes-
#1121167	REDUCE cov: 2923 ft: 10686 corp: 1797/146Kb lim: 4096 exec/s: 1201 rss: 464Mb L: 169/2940 MS: 5 EraseBytes-ManualDict-ShuffleBytes-ChangeBinInt-CopyPart- DE: "VALUES"-
#1121898	REDUCE cov: 2923 ft: 10686 corp: 1797/146Kb lim: 4096 exec/s: 1201 rss: 464Mb L: 75/2940 MS: 1 EraseBytes-
#1121900	REDUCE cov: 2923 ft: 10686 corp: 1797/146Kb lim: 4096 exec/s: 1201 rss: 464Mb L: 25/2940 MS: 2 ChangeByte-EraseBytes-
#1122186	REDUCE cov: 2923 ft: 10688 corp: 1798/146Kb lim: 4096 exec/s: 1201 rss: 464Mb L: 61/2940 MS: 1 ChangeASCIIInt-
#1122556	REDUCE cov: 2923 ft: 10688 corp: 1798/146Kb lim: 4096 exec/s: 1201 rss: 464Mb L: 211/2940 MS: 5 ChangeASCIIInt-ShuffleBytes-PersAutoDict-ChangeBit-EraseBytes- DE: "AS"-
#1122566	REDUCE cov: 2923 ft: 10688 corp: 1798/146Kb lim: 4096 exec/s: 1201 rss: 464Mb L: 632/2940 MS: 5 CopyPart-ChangeBit-CMP-ChangeASCIIInt-EraseBytes- DE: "t1"-
#1123242	REDUCE cov: 2923 ft: 10688 corp: 1798/146Kb lim: 4096 exec/s: 1201 rss: 464Mb L: 4/2940 MS: 1 EraseBytes-
#1123553	REDUCE cov: 2923 ft: 10688 corp: 1798/146Kb lim: 4096 exec/s: 1201 rss: 464Mb L: 255/2940 MS: 1 EraseBytes-
#1125155	REDUCE cov: 2923 ft: 10688 corp: 1798/146Kb lim: 4096 exec/s: 1202 rss: 464Mb L: 35/2940 MS: 2 ShuffleBytes-EraseBytes-
#1127053	REDUCE cov: 2923 ft: 10688 corp: 1798/146Kb lim: 4096 exec/s: 1201 rss: 464Mb L: 223/2940 MS: 3 CopyPart-ChangeByte-EraseBytes-
#1127072	REDUCE cov: 2923 ft: 10688 corp: 1798/146Kb lim: 4096 exec/s: 1201 rss: 464Mb L: 449/2940 MS: 4 InsertRepeatedBytes-InsertByte-ChangeBinInt-EraseBytes-
#1127994	REDUCE cov: 2923 ft: 10689 corp: 1799/146Kb lim: 4096 exec/s: 1201 rss: 464Mb L: 117/2940 MS: 2 InsertRepeatedBytes-EraseBytes-
#1127995	REDUCE cov: 2923 ft: 10689 corp: 1799/146Kb lim: 4096 exec/s: 1201 rss: 464Mb L: 22/2940 MS: 1 EraseBytes-
#1128007	NEW    cov: 2923 ft: 10693 corp: 1800/146Kb lim: 4096 exec/s: 1201 rss: 464Mb L: 145/2940 MS: 2 InsertByte-ChangeASCIIInt-
#1128285	REDUCE cov: 2923 ft: 10693 corp: 1800/146Kb lim: 4096 exec/s: 1201 rss: 464Mb L: 2691/2940 MS: 3 ChangeASCIIInt-ChangeByte-EraseBytes-
#1128331	REDUCE cov: 2923 ft: 10693 corp: 1800/146Kb lim: 4096 exec/s: 1201 rss: 464Mb L: 23/2940 MS: 1 EraseBytes-
#1128523	REDUCE cov: 2923 ft: 10693 corp: 1800/146Kb lim: 4096 exec/s: 1201 rss: 464Mb L: 51/2940 MS: 2 ManualDict-EraseBytes- DE: "<>"-
#1129439	REDUCE cov: 2923 ft: 10693 corp: 1800/146Kb lim: 4096 exec/s: 1201 rss: 464Mb L: 67/2940 MS: 1 EraseBytes-
#1129486	REDUCE cov: 2923 ft: 10693 corp: 1800/146Kb lim: 4096 exec/s: 1201 rss: 464Mb L: 29/2940 MS: 2 InsertByte-EraseBytes-
#1129637	NEW    cov: 2923 ft: 10694 corp: 1801/146Kb lim: 4096 exec/s: 1201 rss: 464Mb L: 29/2940 MS: 1 ChangeBit-
#1130204	REDUCE cov: 2923 ft: 10694 corp: 1801/146Kb lim: 4096 exec/s: 1202 rss: 464Mb L: 960/2940 MS: 2 ChangeBinInt-EraseBytes-
#1130650	REDUCE cov: 2923 ft: 10694 corp: 1801/146Kb lim: 4096 exec/s: 1201 rss: 464Mb L: 51/2940 MS: 1 EraseBytes-
#1130846	REDUCE cov: 2924 ft: 10695 corp: 1802/146Kb lim: 4096 exec/s: 1201 rss: 464Mb L: 135/2940 MS: 1 PersAutoDict- DE: "t3"-
#1130854	REDUCE cov: 2924 ft: 10695 corp: 1802/146Kb lim: 4096 exec/s: 1201 rss: 464Mb L: 23/2940 MS: 3 ChangeASCIIInt-ChangeByte-EraseBytes-
#1131015	REDUCE cov: 2924 ft: 10695 corp: 1802/146Kb lim: 4096 exec/s: 1201 rss: 464Mb L: 63/2940 MS: 1 EraseBytes-
#1131331	REDUCE cov: 2924 ft: 10695 corp: 1802/146Kb lim: 4096 exec/s: 1202 rss: 464Mb L: 40/2940 MS: 1 EraseBytes-
#1131978	REDUCE cov: 2924 ft: 10695 corp: 1802/146Kb lim: 4096 exec/s: 1201 rss: 464Mb L: 10/2940 MS: 2 CopyPart-EraseBytes-
#1132074	REDUCE cov: 2924 ft: 10695 corp: 1802/146Kb lim: 4096 exec/s: 1201 rss: 464Mb L: 60/2940 MS: 1 EraseBytes-
#1132110	REDUCE cov: 2924 ft: 10695 corp: 1802/146Kb lim: 4096 exec/s: 1201 rss: 464Mb L: 78/2940 MS: 1 EraseBytes-
#1132391	NEW    cov: 2925 ft: 10696 corp: 1803/147Kb lim: 4096 exec/s: 1202 rss: 464Mb L: 37/2940 MS: 1 InsertByte-
#1133107	REDUCE cov: 2925 ft: 10696 corp: 1803/146Kb lim: 4096 exec/s: 1201 rss: 464Mb L: 94/2940 MS: 1 EraseBytes-
#1133189	REDUCE cov: 2925 ft: 10696 corp: 1803/146Kb lim: 4096 exec/s: 1201 rss: 464Mb L: 17/2940 MS: 2 InsertByte-EraseBytes-
#1134395	REDUCE cov: 2925 ft: 10696 corp: 1803/146Kb lim: 4096 exec/s: 1201 rss: 464Mb L: 124/2940 MS: 1 EraseBytes-
#1136333	REDUCE cov: 2925 ft: 10696 corp: 1803/146Kb lim: 4096 exec/s: 1202 rss: 464Mb L: 36/2940 MS: 3 ChangeASCIIInt-ShuffleBytes-EraseBytes-
#1136715	REDUCE cov: 2925 ft: 10696 corp: 1803/146Kb lim: 4096 exec/s: 1201 rss: 464Mb L: 99/2940 MS: 2 InsertByte-EraseBytes-
#1137676	NEW    cov: 2926 ft: 10697 corp: 1804/147Kb lim: 4096 exec/s: 1201 rss: 464Mb L: 37/2940 MS: 1 ManualDict- DE: "c"-
#1138212	REDUCE cov: 2926 ft: 10697 corp: 1804/147Kb lim: 4096 exec/s: 1201 rss: 464Mb L: 13/2940 MS: 1 EraseBytes-
#1138349	REDUCE cov: 2926 ft: 10697 corp: 1804/146Kb lim: 4096 exec/s: 1202 rss: 464Mb L: 286/2940 MS: 2 ChangeByte-EraseBytes-
#1138555	REDUCE cov: 2926 ft: 10698 corp: 1805/147Kb lim: 4096 exec/s: 1202 rss: 464Mb L: 8/2940 MS: 1 PersAutoDict- DE: "!="-
#1140381	REDUCE cov: 2926 ft: 10698 corp: 1805/147Kb lim: 4096 exec/s: 1201 rss: 464Mb L: 10/2940 MS: 1 EraseBytes-
#1140913	REDUCE cov: 2926 ft: 10698 corp: 1805/146Kb lim: 4096 exec/s: 1202 rss: 464Mb L: 25/2940 MS: 2 ShuffleBytes-EraseBytes-
#1142751	REDUCE cov: 2926 ft: 10698 corp: 1805/146Kb lim: 4096 exec/s: 1201 rss: 464Mb L: 33/2940 MS: 3 CopyPart-ChangeByte-EraseBytes-
#1142867	REDUCE cov: 2926 ft: 10698 corp: 1805/146Kb lim: 4096 exec/s: 1201 rss: 464Mb L: 16/2940 MS: 1 EraseBytes-
#1142978	NEW    cov: 2927 ft: 10699 corp: 1806/147Kb lim: 4096 exec/s: 1201 rss: 464Mb L: 83/2940 MS: 1 ChangeByte-
#1143274	REDUCE cov: 2927 ft: 10699 corp: 1806/147Kb lim: 4096 exec/s: 1202 rss: 464Mb L: 30/2940 MS: 1 EraseBytes-
#1143301	REDUCE cov: 2927 ft: 10699 corp: 1806/147Kb lim: 4096 exec/s: 1202 rss: 464Mb L: 22/2940 MS: 2 ChangeByte-EraseBytes-
#1143638	REDUCE cov: 2927 ft: 10699 corp: 1806/147Kb lim: 4096 exec/s: 1202 rss: 464Mb L: 8/2940 MS: 2 ChangeBit-EraseBytes-
#1144490	REDUCE cov: 2927 ft: 10699 corp: 1806/147Kb lim: 4096 exec/s: 1202 rss: 464Mb L: 92/2940 MS: 2 ManualDict-EraseBytes- DE: "NOT"-
#1144501	REDUCE cov: 2927 ft: 10699 corp: 1806/147Kb lim: 4096 exec/s: 1202 rss: 464Mb L: 7/2940 MS: 1 EraseBytes-
#1144678	REDUCE cov: 2927 ft: 10699 corp: 1806/147Kb lim: 4096 exec/s: 1202 rss: 464Mb L: 21/2940 MS: 2 CrossOver-EraseBytes-
#1147089	REDUCE cov: 2927 ft: 10699 corp: 1806/147Kb lim: 4096 exec/s: 1202 rss: 464Mb L: 43/2940 MS: 1 EraseBytes-
#1147916	REDUCE cov: 2927 ft: 10699 corp: 1806/147Kb lim: 4096 exec/s: 1202 rss: 464Mb L: 61/2940 MS: 2 ChangeBit-EraseBytes-
#1148202	REDUCE cov: 2927 ft: 10699 corp: 1806/147Kb lim: 4096 exec/s: 1202 rss: 464Mb L: 35/2940 MS: 1 EraseBytes-
#1148368	REDUCE cov: 2927 ft: 10700 corp: 1807/147Kb lim: 4096 exec/s: 1202 rss: 464Mb L: 212/2940 MS: 1 InsertRepeatedBytes-
#1148370	REDUCE cov: 2927 ft: 10700 corp: 1807/147Kb lim: 4096 exec/s: 1202 rss: 464Mb L: 648/2940 MS: 2 CrossOver-EraseBytes-
#1149253	REDUCE cov: 2927 ft: 10700 corp: 1807/147Kb lim: 4096 exec/s: 1202 rss: 464Mb L: 354/2940 MS: 3 ChangeBit-CrossOver-EraseBytes-
#1149824	REDUCE cov: 2927 ft: 10700 corp: 1807/147Kb lim: 4096 exec/s: 1202 rss: 464Mb L: 52/2940 MS: 1 EraseBytes-
#1149961	REDUCE cov: 2927 ft: 10700 corp: 1807/147Kb lim: 4096 exec/s: 1202 rss: 464Mb L: 43/2940 MS: 2 ShuffleBytes-EraseBytes-
#1151348	REDUCE cov: 2927 ft: 10700 corp: 1807/147Kb lim: 4096 exec/s: 1201 rss: 464Mb L: 1298/2940 MS: 2 ChangeBinInt-EraseBytes-
#1151739	REDUCE cov: 2927 ft: 10700 corp: 1807/147Kb lim: 4096 exec/s: 1202 rss: 464Mb L: 28/2940 MS: 1 EraseBytes-
#1152640	REDUCE cov: 2927 ft: 10700 corp: 1807/147Kb lim: 4096 exec/s: 1201 rss: 464Mb L: 5/2940 MS: 1 EraseBytes-
#1153012	REDUCE cov: 2927 ft: 10700 corp: 1807/147Kb lim: 4096 exec/s: 1202 rss: 464Mb L: 30/2940 MS: 2 CMP-EraseBytes- DE: "\002\000"-
#1153503	REDUCE cov: 2927 ft: 10700 corp: 1807/147Kb lim: 4096 exec/s: 1202 rss: 464Mb L: 123/2940 MS: 1 EraseBytes-
#1155299	REDUCE cov: 2927 ft: 10700 corp: 1807/147Kb lim: 4096 exec/s: 1202 rss: 464Mb L: 41/2940 MS: 1 EraseBytes-
#1155765	REDUCE cov: 2927 ft: 10700 corp: 1807/147Kb lim: 4096 exec/s: 1202 rss: 464Mb L: 9/2940 MS: 1 EraseBytes-
#1157397	REDUCE cov: 2927 ft: 10700 corp: 1807/146Kb lim: 4096 exec/s: 1203 rss: 464Mb L: 38/2940 MS: 2 InsertRepeatedBytes-EraseBytes-
#1157490	REDUCE cov: 2927 ft: 10700 corp: 1807/146Kb lim: 4096 exec/s: 1201 rss: 464Mb L: 35/2940 MS: 3 ChangeByte-PersAutoDict-EraseBytes- DE: "GROUP"-
#1157876	REDUCE cov: 2927 ft: 10700 corp: 1807/146Kb lim: 4096 exec/s: 1202 rss: 464Mb L: 38/2940 MS: 1 EraseBytes-
#1158087	REDUCE cov: 2927 ft: 10700 corp: 1807/146Kb lim: 4096 exec/s: 1202 rss: 464Mb L: 38/2940 MS: 1 EraseBytes-
#1160128	REDUCE cov: 2927 ft: 10700 corp: 1807/146Kb lim: 4096 exec/s: 1202 rss: 464Mb L: 335/2940 MS: 1 EraseBytes-
#1161069	REDUCE cov: 2927 ft: 10700 corp: 1807/146Kb lim: 4096 exec/s: 1203 rss: 464Mb L: 16/2940 MS: 1 EraseBytes-
#1162533	REDUCE cov: 2927 ft: 10700 corp: 1807/146Kb lim: 4096 exec/s: 1202 rss: 464Mb L: 137/2940 MS: 4 PersAutoDict-CopyPart-ManualDict-EraseBytes- DE: "!\001"-"DOUBLE"-
#1162909	REDUCE cov: 2927 ft: 10700 corp: 1807/146Kb lim: 4096 exec/s: 1202 rss: 464Mb L: 29/2940 MS: 1 EraseBytes-
#1163101	REDUCE cov: 2927 ft: 10700 corp: 1807/146Kb lim: 4096 exec/s: 1202 rss: 464Mb L: 13/2940 MS: 2 InsertByte-EraseBytes-
#1163493	REDUCE cov: 2927 ft: 10700 corp: 1807/146Kb lim: 4096 exec/s: 1201 rss: 464Mb L: 43/2940 MS: 2 ChangeByte-EraseBytes-
#1163655	REDUCE cov: 2927 ft: 10700 corp: 1807/146Kb lim: 4096 exec/s: 1202 rss: 464Mb L: 31/2940 MS: 2 CMP-EraseBytes- DE: "\000\003"-
#1164588	REDUCE cov: 2927 ft: 10701 corp: 1808/147Kb lim: 4096 exec/s: 1203 rss: 464Mb L: 878/2940 MS: 3 ManualDict-CopyPart-CopyPart- DE: "1e308"-
#1165114	REDUCE cov: 2927 ft: 10701 corp: 1808/147Kb lim: 4096 exec/s: 1202 rss: 464Mb L: 4/2940 MS: 1 EraseBytes-
#1165147	REDUCE cov: 2927 ft: 10701 corp: 1808/147Kb lim: 4096 exec/s: 1202 rss: 464Mb L: 2820/2820 MS: 3 ManualDict-ManualDict-EraseBytes- DE: "kv"-"NULL"-
#1166253	REDUCE cov: 2927 ft: 10701 corp: 1808/147Kb lim: 4096 exec/s: 1202 rss: 464Mb L: 18/2820 MS: 1 EraseBytes-
#1166575	REDUCE cov: 2927 ft: 10701 corp: 1808/147Kb lim: 4096 exec/s: 1202 rss: 464Mb L: 82/2820 MS: 2 CopyPart-EraseBytes-
#1166764	REDUCE cov: 2927 ft: 10701 corp: 1808/147Kb lim: 4096 exec/s: 1202 rss: 464Mb L: 11/2820 MS: 4 CopyPart-ManualDict-ChangeByte-EraseBytes- DE: "kv"-
#1169506	NEW    cov: 2927 ft: 10703 corp: 1809/151Kb lim: 4096 exec/s: 1203 rss: 464Mb L: 3684/3684 MS: 2 ChangeBit-CopyPart-
#1169812	REDUCE cov: 2927 ft: 10703 corp: 1809/151Kb lim: 4096 exec/s: 1202 rss: 464Mb L: 10/3684 MS: 1 EraseBytes-
#1170033	REDUCE cov: 2927 ft: 10703 corp: 1809/151Kb lim: 4096 exec/s: 1202 rss: 464Mb L: 13/3684 MS: 1 EraseBytes-
#1173296	REDUCE cov: 2927 ft: 10703 corp: 1809/151Kb lim: 4096 exec/s: 1203 rss: 464Mb L: 45/3684 MS: 3 ChangeByte-ShuffleBytes-EraseBytes-
#1173682	REDUCE cov: 2927 ft: 10703 corp: 1809/151Kb lim: 4096 exec/s: 1202 rss: 464Mb L: 158/3684 MS: 1 EraseBytes-
#1175155	REDUCE cov: 2927 ft: 10703 corp: 1809/151Kb lim: 4096 exec/s: 1202 rss: 464Mb L: 271/3684 MS: 3 InsertByte-CMP-EraseBytes- DE: "\002\376\0335"-
#1177936	REDUCE cov: 2927 ft: 10703 corp: 1809/151Kb lim: 4096 exec/s: 1203 rss: 464Mb L: 1083/3684 MS: 1 EraseBytes-
#1178218	REDUCE cov: 2927 ft: 10703 corp: 1809/151Kb lim: 4096 exec/s: 1203 rss: 464Mb L: 339/3684 MS: 2 ShuffleBytes-EraseBytes-
#1179607	REDUCE cov: 2927 ft: 10703 corp: 1809/151Kb lim: 4096 exec/s: 1202 rss: 464Mb L: 1604/3684 MS: 4 CopyPart-EraseBytes-ChangeASCIIInt-EraseBytes-
#1179703	REDUCE cov: 2927 ft: 10703 corp: 1809/151Kb lim: 4096 exec/s: 1202 rss: 464Mb L: 21/3684 MS: 1 EraseBytes-
#1179759	REDUCE cov: 2927 ft: 10703 corp: 1809/151Kb lim: 4096 exec/s: 1202 rss: 464Mb L: 88/3684 MS: 1 EraseBytes-
#1180601	REDUCE cov: 2927 ft: 10703 corp: 1809/151Kb lim: 4096 exec/s: 1203 rss: 464Mb L: 42/3684 MS: 2 CopyPart-EraseBytes-
#1180709	REDUCE cov: 2927 ft: 10704 corp: 1810/151Kb lim: 4096 exec/s: 1203 rss: 464Mb L: 274/3684 MS: 3 ChangeASCIIInt-CopyPart-InsertRepeatedBytes-
#1180775	REDUCE cov: 2927 ft: 10704 corp: 1810/151Kb lim: 4096 exec/s: 1203 rss: 464Mb L: 19/3684 MS: 1 EraseBytes-
#1180811	REDUCE cov: 2927 ft: 10704 corp: 1810/151Kb lim: 4096 exec/s: 1202 rss: 464Mb L: 8/3684 MS: 1 EraseBytes-
#1182077	REDUCE cov: 2927 ft: 10704 corp: 1810/151Kb lim: 4096 exec/s: 1202 rss: 464Mb L: 19/3684 MS: 1 EraseBytes-
#1182110	REDUCE cov: 2927 ft: 10704 corp: 1810/151Kb lim: 4096 exec/s: 1202 rss: 464Mb L: 90/3684 MS: 3 ChangeBinInt-ManualDict-EraseBytes- DE: "UPDATE"-
#1182461	REDUCE cov: 2927 ft: 10704 corp: 1810/151Kb lim: 4096 exec/s: 1202 rss: 464Mb L: 86/3684 MS: 1 EraseBytes-
#1183543	REDUCE cov: 2927 ft: 10704 corp: 1810/151Kb lim: 4096 exec/s: 1202 rss: 464Mb L: 145/3684 MS: 2 CMP-EraseBytes- DE: "J\000\000\000"-
#1184381	NEW    cov: 2927 ft: 10705 corp: 1811/152Kb lim: 4096 exec/s: 1203 rss: 464Mb L: 1131/3684 MS: 3 CopyPart-CrossOver-CopyPart-
#1184532	REDUCE cov: 2927 ft: 10705 corp: 1811/152Kb lim: 4096 exec/s: 1202 rss: 464Mb L: 26/3684 MS: 1 EraseBytes-
#1185388	REDUCE cov: 2927 ft: 10705 corp: 1811/152Kb lim: 4096 exec/s: 1203 rss: 464Mb L: 92/3684 MS: 1 EraseBytes-
#1185751	REDUCE cov: 2927 ft: 10705 corp: 1811/152Kb lim: 4096 exec/s: 1203 rss: 464Mb L: 33/3684 MS: 3 ShuffleBytes-ChangeBit-EraseBytes-
#1186093	REDUCE cov: 2927 ft: 10705 corp: 1811/152Kb lim: 4096 exec/s: 1202 rss: 464Mb L: 18/3684 MS: 2 ShuffleBytes-EraseBytes-
#1186113	REDUCE cov: 2927 ft: 10705 corp: 1811/152Kb lim: 4096 exec/s: 1202 rss: 464Mb L: 318/3684 MS: 5 ChangeBinInt-ShuffleBytes-ChangeByte-InsertRepeatedBytes-EraseBytes-
#1186629	REDUCE cov: 2927 ft: 10705 corp: 1811/152Kb lim: 4096 exec/s: 1203 rss: 464Mb L: 35/3684 MS: 1 EraseBytes-
#1187266	REDUCE cov: 2927 ft: 10705 corp: 1811/152Kb lim: 4096 exec/s: 1202 rss: 464Mb L: 777/3684 MS: 2 CopyPart-EraseBytes-
#1188018	REDUCE cov: 2927 ft: 10705 corp: 1811/152Kb lim: 4096 exec/s: 1203 rss: 464Mb L: 24/3684 MS: 2 ChangeBit-EraseBytes-
#1188110	REDUCE cov: 2927 ft: 10705 corp: 1811/152Kb lim: 4096 exec/s: 1203 rss: 464Mb L: 181/3684 MS: 2 InsertByte-EraseBytes-
#1188377	REDUCE cov: 2927 ft: 10705 corp: 1811/152Kb lim: 4096 exec/s: 1202 rss: 464Mb L: 51/3684 MS: 2 ManualDict-EraseBytes- DE: "z"-
#1188378	REDUCE cov: 2927 ft: 10705 corp: 1811/152Kb lim: 4096 exec/s: 1202 rss: 464Mb L: 38/3684 MS: 1 EraseBytes-
#1188595	REDUCE cov: 2927 ft: 10706 corp: 1812/152Kb lim: 4096 exec/s: 1203 rss: 464Mb L: 65/3684 MS: 2 ChangeByte-EraseBytes-
#1188736	REDUCE cov: 2927 ft: 10706 corp: 1812/152Kb lim: 4096 exec/s: 1203 rss: 464Mb L: 32/3684 MS: 1 EraseBytes-
#1188962	REDUCE cov: 2927 ft: 10706 corp: 1812/152Kb lim: 4096 exec/s: 1203 rss: 464Mb L: 352/3684 MS: 1 EraseBytes-
#1189278	REDUCE cov: 2927 ft: 10706 corp: 1812/152Kb lim: 4096 exec/s: 1203 rss: 464Mb L: 17/3684 MS: 1 EraseBytes-
#1189810	REDUCE cov: 2927 ft: 10706 corp: 1812/152Kb lim: 4096 exec/s: 1203 rss: 464Mb L: 20/3684 MS: 2 ChangeASCIIInt-EraseBytes-
#1189932	REDUCE cov: 2927 ft: 10706 corp: 1812/152Kb lim: 4096 exec/s: 1203 rss: 464Mb L: 18/3684 MS: 2 ChangeBinInt-EraseBytes-
#1190416	REDUCE cov: 2927 ft: 10706 corp: 1812/152Kb lim: 4096 exec/s: 1203 rss: 464Mb L: 846/3684 MS: 4 ChangeByte-ChangeASCIIInt-PersAutoDict-EraseBytes- DE: "w"-
#1190983	REDUCE cov: 2927 ft: 10706 corp: 1812/152Kb lim: 4096 exec/s: 1203 rss: 464Mb L: 24/3684 MS: 2 ShuffleBytes-EraseBytes-
#1192109	NEW    cov: 2928 ft: 10707 corp: 1813/152Kb lim: 4096 exec/s: 1202 rss: 464Mb L: 47/3684 MS: 1 ChangeBinInt-
#1192122	NEW    cov: 2928 ft: 10709 corp: 1814/152Kb lim: 4096 exec/s: 1202 rss: 464Mb L: 28/3684 MS: 3 ManualDict-ChangeASCIIInt-CrossOver- DE: ";"-
#1192214	REDUCE cov: 2928 ft: 10709 corp: 1814/152Kb lim: 4096 exec/s: 1203 rss: 464Mb L: 133/3684 MS: 2 CopyPart-EraseBytes-
#1194930	REDUCE cov: 2928 ft: 10709 corp: 1814/152Kb lim: 4096 exec/s: 1203 rss: 464Mb L: 13/3684 MS: 1 EraseBytes-
#1195956	REDUCE cov: 2928 ft: 10709 corp: 1814/152Kb lim: 4096 exec/s: 1203 rss: 464Mb L: 17/3684 MS: 1 EraseBytes-
#1196002	REDUCE cov: 2928 ft: 10709 corp: 1814/152Kb lim: 4096 exec/s: 1203 rss: 464Mb L: 52/3684 MS: 1 EraseBytes-
#1197908	REDUCE cov: 2928 ft: 10709 corp: 1814/152Kb lim: 4096 exec/s: 1202 rss: 464Mb L: 46/3684 MS: 1 EraseBytes-
#1199314	REDUCE cov: 2928 ft: 10709 corp: 1814/152Kb lim: 4096 exec/s: 1202 rss: 464Mb L: 12/3684 MS: 1 EraseBytes-
#1199615	REDUCE cov: 2928 ft: 10709 corp: 1814/152Kb lim: 4096 exec/s: 1203 rss: 464Mb L: 12/3684 MS: 1 EraseBytes-
#1200611	REDUCE cov: 2928 ft: 10709 corp: 1814/152Kb lim: 4096 exec/s: 1203 rss: 464Mb L: 66/3684 MS: 1 EraseBytes-
#1201142	REDUCE cov: 2928 ft: 10709 corp: 1814/152Kb lim: 4096 exec/s: 1203 rss: 464Mb L: 67/3684 MS: 1 EraseBytes-
#1202659	REDUCE cov: 2928 ft: 10709 corp: 1814/152Kb lim: 4096 exec/s: 1203 rss: 464Mb L: 21/3684 MS: 2 ChangeBit-EraseBytes-
#1205212	REDUCE cov: 2928 ft: 10709 corp: 1814/152Kb lim: 4096 exec/s: 1202 rss: 464Mb L: 15/3684 MS: 3 InsertByte-CopyPart-EraseBytes-
#1205555	REDUCE cov: 2928 ft: 10709 corp: 1814/152Kb lim: 4096 exec/s: 1203 rss: 464Mb L: 15/3684 MS: 3 ChangeBit-ManualDict-EraseBytes- DE: "a"-
#1206306	REDUCE cov: 2928 ft: 10709 corp: 1814/152Kb lim: 4096 exec/s: 1203 rss: 464Mb L: 271/3684 MS: 1 EraseBytes-
#1206725	REDUCE cov: 2928 ft: 10709 corp: 1814/152Kb lim: 4096 exec/s: 1203 rss: 464Mb L: 168/3684 MS: 4 ChangeByte-ChangeByte-ChangeASCIIInt-EraseBytes-
#1208382	REDUCE cov: 2928 ft: 10709 corp: 1814/152Kb lim: 4096 exec/s: 1203 rss: 464Mb L: 16/3684 MS: 2 CMP-EraseBytes- DE: "\002\000"-
#1209638	REDUCE cov: 2928 ft: 10709 corp: 1814/152Kb lim: 4096 exec/s: 1203 rss: 464Mb L: 18/3684 MS: 1 EraseBytes-
#1211404	REDUCE cov: 2928 ft: 10709 corp: 1814/152Kb lim: 4096 exec/s: 1202 rss: 464Mb L: 121/3684 MS: 1 EraseBytes-
#1211621	REDUCE cov: 2928 ft: 10710 corp: 1815/152Kb lim: 4096 exec/s: 1203 rss: 464Mb L: 34/3684 MS: 2 CrossOver-CrossOver-
#1211777	REDUCE cov: 2928 ft: 10710 corp: 1815/152Kb lim: 4096 exec/s: 1203 rss: 464Mb L: 76/3684 MS: 1 EraseBytes-
#1212259	REDUCE cov: 2928 ft: 10710 corp: 1815/152Kb lim: 4096 exec/s: 1203 rss: 464Mb L: 33/3684 MS: 2 ChangeBinInt-EraseBytes-
#1212701	REDUCE cov: 2928 ft: 10710 corp: 1815/152Kb lim: 4096 exec/s: 1203 rss: 464Mb L: 10/3684 MS: 2 ChangeBit-EraseBytes-
#1213477	REDUCE cov: 2928 ft: 10710 corp: 1815/152Kb lim: 4096 exec/s: 1203 rss: 464Mb L: 7/3684 MS: 1 EraseBytes-
#1214140	NEW    cov: 2928 ft: 10711 corp: 1816/156Kb lim: 4096 exec/s: 1203 rss: 464Mb L: 3766/3766 MS: 3 InsertRepeatedBytes-ChangeByte-CopyPart-
#1214792	REDUCE cov: 2928 ft: 10711 corp: 1816/156Kb lim: 4096 exec/s: 1202 rss: 464Mb L: 23/3766 MS: 2 ChangeASCIIInt-EraseBytes-
#1216943	REDUCE cov: 2928 ft: 10711 corp: 1816/156Kb lim: 4096 exec/s: 1203 rss: 464Mb L: 96/3766 MS: 1 EraseBytes-
#1217515	REDUCE cov: 2928 ft: 10711 corp: 1816/156Kb lim: 4096 exec/s: 1203 rss: 464Mb L: 7/3766 MS: 2 ChangeBit-EraseBytes-
#1217992	REDUCE cov: 2928 ft: 10711 corp: 1816/156Kb lim: 4096 exec/s: 1203 rss: 464Mb L: 10/3766 MS: 2 EraseBytes-ChangeBit-
#1218434	REDUCE cov: 2928 ft: 10711 corp: 1816/156Kb lim: 4096 exec/s: 1202 rss: 464Mb L: 97/3766 MS: 2 ChangeBinInt-EraseBytes-
#1221182	REDUCE cov: 2928 ft: 10711 corp: 1816/156Kb lim: 4096 exec/s: 1203 rss: 464Mb L: 49/3766 MS: 3 ChangeASCIIInt-ChangeByte-EraseBytes-
#1222595	REDUCE cov: 2928 ft: 10711 corp: 1816/156Kb lim: 4096 exec/s: 1203 rss: 464Mb L: 12/3766 MS: 3 ChangeBit-ShuffleBytes-EraseBytes-
#1222636	REDUCE cov: 2928 ft: 10711 corp: 1816/156Kb lim: 4096 exec/s: 1203 rss: 464Mb L: 52/3766 MS: 1 EraseBytes-
#1222782	REDUCE cov: 2928 ft: 10711 corp: 1816/155Kb lim: 4096 exec/s: 1203 rss: 464Mb L: 117/3766 MS: 1 EraseBytes-
#1223098	REDUCE cov: 2928 ft: 10711 corp: 1816/155Kb lim: 4096 exec/s: 1202 rss: 464Mb L: 118/3766 MS: 1 EraseBytes-
#1224103	REDUCE cov: 2928 ft: 10711 corp: 1816/155Kb lim: 4096 exec/s: 1203 rss: 464Mb L: 21/3766 MS: 5 PersAutoDict-InsertByte-ChangeByte-ChangeASCIIInt-EraseBytes- DE: "1e308"-
#1224270	REDUCE cov: 2928 ft: 10711 corp: 1816/155Kb lim: 4096 exec/s: 1202 rss: 464Mb L: 225/3766 MS: 2 CMP-EraseBytes- DE: "\000\000\000\177"-
#1225307	REDUCE cov: 2928 ft: 10711 corp: 1816/155Kb lim: 4096 exec/s: 1203 rss: 464Mb L: 73/3766 MS: 2 ShuffleBytes-EraseBytes-
#1225743	REDUCE cov: 2928 ft: 10711 corp: 1816/155Kb lim: 4096 exec/s: 1202 rss: 464Mb L: 81/3766 MS: 1 EraseBytes-
#1225770	REDUCE cov: 2928 ft: 10711 corp: 1816/155Kb lim: 4096 exec/s: 1202 rss: 464Mb L: 70/3766 MS: 2 CrossOver-EraseBytes-
#1225873	REDUCE cov: 2928 ft: 10711 corp: 1816/155Kb lim: 4096 exec/s: 1203 rss: 464Mb L: 27/3766 MS: 3 CMP-CrossOver-EraseBytes- DE: "\377\377~c\035o\360\324"-
#1226777	REDUCE cov: 2928 ft: 10711 corp: 1816/155Kb lim: 4096 exec/s: 1202 rss: 464Mb L: 114/3766 MS: 4 InsertByte-ChangeBinInt-EraseBytes-CrossOver-
#1227094	NEW    cov: 2928 ft: 10713 corp: 1817/156Kb lim: 4096 exec/s: 1203 rss: 464Mb L: 318/3766 MS: 2 ManualDict-InsertRepeatedBytes- DE: "time"-
#1227755	REDUCE cov: 2928 ft: 10713 corp: 1817/156Kb lim: 4096 exec/s: 1202 rss: 464Mb L: 675/3766 MS: 1 CrossOver-
#1228057	REDUCE cov: 2928 ft: 10713 corp: 1817/156Kb lim: 4096 exec/s: 1202 rss: 464Mb L: 7/3766 MS: 2 EraseBytes-CrossOver-
#1228124	REDUCE cov: 2928 ft: 10714 corp: 1818/156Kb lim: 4096 exec/s: 1202 rss: 464Mb L: 585/3766 MS: 2 CopyPart-CopyPart-
#1228580	REDUCE cov: 2928 ft: 10714 corp: 1818/156Kb lim: 4096 exec/s: 1202 rss: 464Mb L: 43/3766 MS: 1 EraseBytes-
#1230348	REDUCE cov: 2928 ft: 10714 corp: 1818/156Kb lim: 4096 exec/s: 1202 rss: 464Mb L: 12/3766 MS: 3 ChangeByte-ShuffleBytes-EraseBytes-
#1230630	REDUCE cov: 2928 ft: 10714 corp: 1818/156Kb lim: 4096 exec/s: 1201 rss: 464Mb L: 160/3766 MS: 2 ChangeASCIIInt-EraseBytes-
#1230811	REDUCE cov: 2928 ft: 10714 corp: 1818/156Kb lim: 4096 exec/s: 1201 rss: 464Mb L: 81/3766 MS: 1 EraseBytes-
#1231912	REDUCE cov: 2928 ft: 10714 corp: 1818/156Kb lim: 4096 exec/s: 1201 rss: 464Mb L: 49/3766 MS: 1 EraseBytes-
#1232233	REDUCE cov: 2928 ft: 10714 corp: 1818/156Kb lim: 4096 exec/s: 1202 rss: 464Mb L: 26/3766 MS: 1 EraseBytes-
#1233124	REDUCE cov: 2928 ft: 10714 corp: 1818/156Kb lim: 4096 exec/s: 1201 rss: 464Mb L: 37/3766 MS: 1 EraseBytes-
#1233545	REDUCE cov: 2928 ft: 10714 corp: 1818/156Kb lim: 4096 exec/s: 1202 rss: 464Mb L: 43/3766 MS: 1 EraseBytes-
#1235051	REDUCE cov: 2928 ft: 10714 corp: 1818/156Kb lim: 4096 exec/s: 1202 rss: 464Mb L: 57/3766 MS: 1 EraseBytes-
#1235345	REDUCE cov: 2928 ft: 10714 corp: 1818/156Kb lim: 4096 exec/s: 1202 rss: 464Mb L: 30/3766 MS: 4 ChangeByte-PersAutoDict-InsertByte-EraseBytes- DE: "<="-
#1236367	NEW    cov: 2928 ft: 10715 corp: 1819/157Kb lim: 4096 exec/s: 1202 rss: 464Mb L: 1147/3766 MS: 2 PersAutoDict-CopyPart- DE: "OR"-
#1237029	REDUCE cov: 2928 ft: 10715 corp: 1819/157Kb lim: 4096 exec/s: 1202 rss: 464Mb L: 28/3766 MS: 2 EraseBytes-CMP- DE: "\001\000\000\000\000\000\000\000"-
#1237091	REDUCE cov: 2928 ft: 10715 corp: 1819/157Kb lim: 4096 exec/s: 1202 rss: 464Mb L: 44/3766 MS: 2 ChangeBinInt-EraseBytes-
#1240118	REDUCE cov: 2928 ft: 10715 corp: 1819/157Kb lim: 4096 exec/s: 1202 rss: 464Mb L: 24/3766 MS: 2 ChangeByte-EraseBytes-
#1240165	REDUCE cov: 2928 ft: 10715 corp: 1819/157Kb lim: 4096 exec/s: 1202 rss: 464Mb L: 80/3766 MS: 2 ChangeByte-EraseBytes-
#1240569	REDUCE cov: 2928 ft: 10715 corp: 1819/157Kb lim: 4096 exec/s: 1202 rss: 464Mb L: 45/3766 MS: 4 ChangeBit-CopyPart-EraseBytes-ChangeBit-
#1240801	REDUCE cov: 2928 ft: 10715 corp: 1819/157Kb lim: 4096 exec/s: 1202 rss: 464Mb L: 39/3766 MS: 2 PersAutoDict-EraseBytes- DE: "NOT"-
#1241192	REDUCE cov: 2928 ft: 10715 corp: 1819/157Kb lim: 4096 exec/s: 1202 rss: 464Mb L: 19/3766 MS: 1 EraseBytes-
#1241471	REDUCE cov: 2928 ft: 10715 corp: 1819/157Kb lim: 4096 exec/s: 1202 rss: 464Mb L: 35/3766 MS: 4 ChangeByte-ChangeByte-ChangeByte-EraseBytes-
#1242582	REDUCE cov: 2928 ft: 10715 corp: 1819/157Kb lim: 4096 exec/s: 1202 rss: 464Mb L: 77/3766 MS: 1 EraseBytes-
#1242739	REDUCE cov: 2928 ft: 10715 corp: 1819/157Kb lim: 4096 exec/s: 1203 rss: 464Mb L: 37/3766 MS: 2 ShuffleBytes-EraseBytes-
#1243580	REDUCE cov: 2928 ft: 10715 corp: 1819/157Kb lim: 4096 exec/s: 1202 rss: 464Mb L: 12/3766 MS: 1 EraseBytes-
#1244171	REDUCE cov: 2928 ft: 10715 corp: 1819/157Kb lim: 4096 exec/s: 1202 rss: 464Mb L: 8/3766 MS: 1 EraseBytes-
#1244772	REDUCE cov: 2928 ft: 10715 corp: 1819/157Kb lim: 4096 exec/s: 1202 rss: 464Mb L: 10/3766 MS: 1 EraseBytes-
#1245788	REDUCE cov: 2928 ft: 10715 corp: 1819/157Kb lim: 4096 exec/s: 1202 rss: 464Mb L: 39/3766 MS: 1 EraseBytes-
#1246745	REDUCE cov: 2928 ft: 10715 corp: 1819/157Kb lim: 4096 exec/s: 1202 rss: 464Mb L: 949/3766 MS: 2 ChangeBinInt-EraseBytes-
#1248231	REDUCE cov: 2928 ft: 10715 corp: 1819/157Kb lim: 4096 exec/s: 1202 rss: 464Mb L: 44/3766 MS: 1 EraseBytes-
#1249047	REDUCE cov: 2928 ft: 10715 corp: 1819/157Kb lim: 4096 exec/s: 1203 rss: 464Mb L: 8/3766 MS: 1 EraseBytes-
#1249118	REDUCE cov: 2928 ft: 10715 corp: 1819/157Kb lim: 4096 exec/s: 1203 rss: 464Mb L: 13/3766 MS: 1 EraseBytes-
#1249141	REDUCE cov: 2928 ft: 10715 corp: 1819/157Kb lim: 4096 exec/s: 1202 rss: 464Mb L: 200/3766 MS: 3 ChangeASCIIInt-ChangeByte-EraseBytes-
#1249618	REDUCE cov: 2928 ft: 10715 corp: 1819/157Kb lim: 4096 exec/s: 1202 rss: 464Mb L: 72/3766 MS: 2 ShuffleBytes-EraseBytes-
#1249780	REDUCE cov: 2928 ft: 10715 corp: 1819/157Kb lim: 4096 exec/s: 1202 rss: 464Mb L: 29/3766 MS: 2 InsertRepeatedBytes-EraseBytes-
#1249860	REDUCE cov: 2928 ft: 10715 corp: 1819/157Kb lim: 4096 exec/s: 1202 rss: 464Mb L: 165/3766 MS: 5 ManualDict-ChangeBit-ShuffleBytes-PersAutoDict-EraseBytes- DE: "y"-"INT"-
#1250076	REDUCE cov: 2928 ft: 10715 corp: 1819/157Kb lim: 4096 exec/s: 1203 rss: 464Mb L: 52/3766 MS: 1 EraseBytes-
#1250717	REDUCE cov: 2928 ft: 10715 corp: 1819/157Kb lim: 4096 exec/s: 1202 rss: 464Mb L: 19/3766 MS: 1 EraseBytes-
#1251608	REDUCE cov: 2928 ft: 10715 corp: 1819/157Kb lim: 4096 exec/s: 1202 rss: 464Mb L: 29/3766 MS: 1 EraseBytes-
#1252324	REDUCE cov: 2928 ft: 10715 corp: 1819/157Kb lim: 4096 exec/s: 1203 rss: 464Mb L: 12/3766 MS: 1 EraseBytes-
#1254547	REDUCE cov: 2928 ft: 10715 corp: 1819/157Kb lim: 4096 exec/s: 1202 rss: 464Mb L: 16/3766 MS: 3 ShuffleBytes-ChangeBit-EraseBytes-
#1255373	REDUCE cov: 2928 ft: 10715 corp: 1819/157Kb lim: 4096 exec/s: 1202 rss: 464Mb L: 39/3766 MS: 1 EraseBytes-
#1255628	REDUCE cov: 2928 ft: 10715 corp: 1819/157Kb lim: 4096 exec/s: 1202 rss: 464Mb L: 38/3766 MS: 5 CopyPart-ChangeByte-ShuffleBytes-ChangeByte-EraseBytes-
#1256079	NEW    cov: 2928 ft: 10716 corp: 1820/157Kb lim: 4096 exec/s: 1203 rss: 464Mb L: 32/3766 MS: 1 EraseBytes-
#1257325	REDUCE cov: 2928 ft: 10716 corp: 1820/157Kb lim: 4096 exec/s: 1203 rss: 464Mb L: 44/3766 MS: 1 EraseBytes-
#1257736	REDUCE cov: 2928 ft: 10716 corp: 1820/157Kb lim: 4096 exec/s: 1202 rss: 464Mb L: 28/3766 MS: 1 EraseBytes-
#1261047	REDUCE cov: 2928 ft: 10716 corp: 1820/157Kb lim: 4096 exec/s: 1203 rss: 464Mb L: 53/3766 MS: 1 EraseBytes-
#1261410	REDUCE cov: 2928 ft: 10717 corp: 1821/159Kb lim: 4096 exec/s: 1202 rss: 464Mb L: 1577/3766 MS: 3 CopyPart-ShuffleBytes-CopyPart-
#1261546	REDUCE cov: 2928 ft: 10717 corp: 1821/159Kb lim: 4096 exec/s: 1202 rss: 464Mb L: 26/3766 MS: 1 EraseBytes-
#1262367	REDUCE cov: 2928 ft: 10717 corp: 1821/159Kb lim: 4096 exec/s: 1202 rss: 464Mb L: 77/3766 MS: 1 EraseBytes-
#1262593	REDUCE cov: 2928 ft: 10717 corp: 1821/159Kb lim: 4096 exec/s: 1202 rss: 464Mb L: 93/3766 MS: 1 EraseBytes-
#1263819	NEW    cov: 2928 ft: 10720 corp: 1822/159Kb lim: 4096 exec/s: 1202 rss: 464Mb L: 70/3766 MS: 1 CopyPart-
#1263886	REDUCE cov: 2928 ft: 10720 corp: 1822/159Kb lim: 4096 exec/s: 1202 rss: 464Mb L: 12/3766 MS: 2 CrossOver-EraseBytes-
#1263907	REDUCE cov: 2928 ft: 10720 corp: 1822/159Kb lim: 4096 exec/s: 1202 rss: 464Mb L: 116/3766 MS: 1 EraseBytes-
#1264549	REDUCE cov: 2928 ft: 10720 corp: 1822/159Kb lim: 4096 exec/s: 1203 rss: 464Mb L: 15/3766 MS: 2 ChangeBit-EraseBytes-
#1265236	REDUCE cov: 2928 ft: 10720 corp: 1822/159Kb lim: 4096 exec/s: 1202 rss: 464Mb L: 266/3766 MS: 2 ChangeBit-EraseBytes-
#1266802	REDUCE cov: 2928 ft: 10720 corp: 1822/159Kb lim: 4096 exec/s: 1203 rss: 464Mb L: 216/3766 MS: 1 EraseBytes-
#1267224	REDUCE cov: 2928 ft: 10720 corp: 1822/159Kb lim: 4096 exec/s: 1202 rss: 464Mb L: 21/3766 MS: 2 ChangeBinInt-EraseBytes-
#1268343	REDUCE cov: 2928 ft: 10720 corp: 1822/159Kb lim: 4096 exec/s: 1203 rss: 464Mb L: 12/3766 MS: 4 ChangeASCIIInt-CopyPart-ChangeByte-EraseBytes-
#1268419	REDUCE cov: 2928 ft: 10720 corp: 1822/159Kb lim: 4096 exec/s: 1202 rss: 464Mb L: 21/3766 MS: 1 EraseBytes-
#1269662	REDUCE cov: 2928 ft: 10721 corp: 1823/159Kb lim: 4096 exec/s: 1202 rss: 464Mb L: 675/3766 MS: 3 ShuffleBytes-ChangeByte-CopyPart-
#1270250	REDUCE cov: 2928 ft: 10721 corp: 1823/159Kb lim: 4096 exec/s: 1202 rss: 464Mb L: 36/3766 MS: 3 EraseBytes-ChangeByte-ManualDict- DE: "SUM("-
#1270596	REDUCE cov: 2928 ft: 10721 corp: 1823/159Kb lim: 4096 exec/s: 1203 rss: 464Mb L: 7/3766 MS: 1 EraseBytes-
#1271062	REDUCE cov: 2928 ft: 10721 corp: 1823/159Kb lim: 4096 exec/s: 1202 rss: 464Mb L: 8/3766 MS: 1 EraseBytes-
#1271469	REDUCE cov: 2928 ft: 10721 corp: 1823/159Kb lim: 4096 exec/s: 1202 rss: 464Mb L: 32/3766 MS: 2 ManualDict-EraseBytes- DE: "!="-
#1272005	REDUCE cov: 2928 ft: 10721 corp: 1823/159Kb lim: 4096 exec/s: 1203 rss: 464Mb L: 10/3766 MS: 1 EraseBytes-
#1272501	REDUCE cov: 2928 ft: 10721 corp: 1823/159Kb lim: 4096 exec/s: 1202 rss: 464Mb L: 61/3766 MS: 1 EraseBytes-
#1273177	REDUCE cov: 2928 ft: 10721 corp: 1823/159Kb lim: 4096 exec/s: 1203 rss: 464Mb L: 85/3766 MS: 1 EraseBytes-
#1273270	REDUCE cov: 2928 ft: 10721 corp: 1823/159Kb lim: 4096 exec/s: 1202 rss: 464Mb L: 33/3766 MS: 3 ChangeBinInt-InsertRepeatedBytes-EraseBytes-
#1273986	REDUCE cov: 2928 ft: 10721 corp: 1823/159Kb lim: 4096 exec/s: 1203 rss: 464Mb L: 75/3766 MS: 1 EraseBytes-
#1274193	REDUCE cov: 2928 ft: 10721 corp: 1823/159Kb lim: 4096 exec/s: 1203 rss: 464Mb L: 38/3766 MS: 2 InsertByte-EraseBytes-
#1274344	REDUCE cov: 2928 ft: 10721 corp: 1823/159Kb lim: 4096 exec/s: 1203 rss: 464Mb L: 15/3766 MS: 1 EraseBytes-
#1275267	REDUCE cov: 2928 ft: 10721 corp: 1823/159Kb lim: 4096 exec/s: 1203 rss: 464Mb L: 36/3766 MS: 3 CopyPart-ChangeBinInt-EraseBytes-
#1275953	REDUCE cov: 2928 ft: 10721 corp: 1823/159Kb lim: 4096 exec/s: 1202 rss: 464Mb L: 16/3766 MS: 1 EraseBytes-
#1276446	REDUCE cov: 2928 ft: 10721 corp: 1823/159Kb lim: 4096 exec/s: 1203 rss: 464Mb L: 39/3766 MS: 3 CopyPart-ChangeByte-EraseBytes-
#1276507	REDUCE cov: 2928 ft: 10721 corp: 1823/159Kb lim: 4096 exec/s: 1203 rss: 464Mb L: 12/3766 MS: 1 EraseBytes-
#1276708	REDUCE cov: 2928 ft: 10721 corp: 1823/159Kb lim: 4096 exec/s: 1203 rss: 464Mb L: 11/3766 MS: 1 EraseBytes-
#1277029	REDUCE cov: 2928 ft: 10721 corp: 1823/159Kb lim: 4096 exec/s: 1202 rss: 464Mb L: 19/3766 MS: 1 EraseBytes-
#1277975	REDUCE cov: 2928 ft: 10721 corp: 1823/159Kb lim: 4096 exec/s: 1203 rss: 464Mb L: 181/3766 MS: 1 EraseBytes-
#1278493	REDUCE cov: 2928 ft: 10721 corp: 1823/159Kb lim: 4096 exec/s: 1202 rss: 464Mb L: 18/3766 MS: 3 CopyPart-ManualDict-EraseBytes- DE: "DELETE"-
#1280165	REDUCE cov: 2928 ft: 10721 corp: 1823/159Kb lim: 4096 exec/s: 1203 rss: 464Mb L: 155/3766 MS: 2 InsertByte-EraseBytes-
#1280539	REDUCE cov: 2928 ft: 10721 corp: 1823/159Kb lim: 4096 exec/s: 1203 rss: 464Mb L: 78/3766 MS: 4 InsertByte-InsertByte-ChangeASCIIInt-EraseBytes-
#1281275	REDUCE cov: 2928 ft: 10721 corp: 1823/159Kb lim: 4096 exec/s: 1203 rss: 464Mb L: 31/3766 MS: 1 EraseBytes-
#1282011	REDUCE cov: 2928 ft: 10721 corp: 1823/159Kb lim: 4096 exec/s: 1202 rss: 464Mb L: 52/3766 MS: 1 EraseBytes-
#1282473	REDUCE cov: 2929 ft: 10722 corp: 1824/159Kb lim: 4096 exec/s: 1203 rss: 464Mb L: 174/3766 MS: 2 InsertRepeatedBytes-ChangeBit-
#1283844	REDUCE cov: 2929 ft: 10722 corp: 1824/159Kb lim: 4096 exec/s: 1203 rss: 464Mb L: 112/3766 MS: 1 EraseBytes-
#1283995	REDUCE cov: 2929 ft: 10722 corp: 1824/159Kb lim: 4096 exec/s: 1203 rss: 464Mb L: 41/3766 MS: 1 EraseBytes-
#1285366	REDUCE cov: 2929 ft: 10722 corp: 1824/159Kb lim: 4096 exec/s: 1203 rss: 464Mb L: 24/3766 MS: 1 EraseBytes-
#1287156	REDUCE cov: 2929 ft: 10722 corp: 1824/159Kb lim: 4096 exec/s: 1202 rss: 464Mb L: 136/3766 MS: 5 InsertByte-ChangeBinInt-ManualDict-ShuffleBytes-EraseBytes- DE: "=="-
#1288627	REDUCE cov: 2929 ft: 10722 corp: 1824/159Kb lim: 4096 exec/s: 1203 rss: 464Mb L: 17/3766 MS: 1 EraseBytes-
#1290353	REDUCE cov: 2929 ft: 10722 corp: 1824/159Kb lim: 4096 exec/s: 1202 rss: 464Mb L: 125/3766 MS: 1 EraseBytes-
#1290465	REDUCE cov: 2929 ft: 10738 corp: 1825/159Kb lim: 4096 exec/s: 1202 rss: 464Mb L: 181/3766 MS: 2 ChangeByte-CopyPart-
#1290807	REDUCE cov: 2929 ft: 10738 corp: 1825/159Kb lim: 4096 exec/s: 1202 rss: 464Mb L: 1125/3766 MS: 2 ShuffleBytes-EraseBytes-
#1291058	REDUCE cov: 2929 ft: 10738 corp: 1825/159Kb lim: 4096 exec/s: 1203 rss: 464Mb L: 5/3766 MS: 1 EraseBytes-
#1291434	REDUCE cov: 2929 ft: 10738 corp: 1825/159Kb lim: 4096 exec/s: 1203 rss: 464Mb L: 53/3766 MS: 1 EraseBytes-
#1291701	REDUCE cov: 2929 ft: 10738 corp: 1825/159Kb lim: 4096 exec/s: 1202 rss: 464Mb L: 70/3766 MS: 2 CrossOver-EraseBytes-
#1291787	REDUCE cov: 2929 ft: 10738 corp: 1825/159Kb lim: 4096 exec/s: 1202 rss: 464Mb L: 156/3766 MS: 1 EraseBytes-
#1292448	REDUCE cov: 2929 ft: 10738 corp: 1825/159Kb lim: 4096 exec/s: 1203 rss: 464Mb L: 26/3766 MS: 1 EraseBytes-
#1292484	REDUCE cov: 2929 ft: 10738 corp: 1825/159Kb lim: 4096 exec/s: 1203 rss: 464Mb L: 17/3766 MS: 1 EraseBytes-
#1293141	REDUCE cov: 2929 ft: 10738 corp: 1825/159Kb lim: 4096 exec/s: 1202 rss: 464Mb L: 102/3766 MS: 2 ShuffleBytes-EraseBytes-
#1293912	REDUCE cov: 2929 ft: 10738 corp: 1825/159Kb lim: 4096 exec/s: 1202 rss: 464Mb L: 52/3766 MS: 1 EraseBytes-
#1295199	REDUCE cov: 2929 ft: 10738 corp: 1825/159Kb lim: 4096 exec/s: 1202 rss: 464Mb L: 462/3766 MS: 2 ChangeASCIIInt-EraseBytes-
#1295805	REDUCE cov: 2929 ft: 10738 corp: 1825/159Kb lim: 4096 exec/s: 1203 rss: 464Mb L: 12/3766 MS: 1 EraseBytes-
#1296071	REDUCE cov: 2929 ft: 10738 corp: 1825/159Kb lim: 4096 exec/s: 1203 rss: 464Mb L: 43/3766 MS: 1 EraseBytes-
#1297072	REDUCE cov: 2929 ft: 10738 corp: 1825/159Kb lim: 4096 exec/s: 1203 rss: 464Mb L: 91/3766 MS: 1 EraseBytes-
#1297735	REDUCE cov: 2929 ft: 10738 corp: 1825/159Kb lim: 4096 exec/s: 1202 rss: 464Mb L: 14/3766 MS: 3 ChangeASCIIInt-ChangeByte-EraseBytes-
#1298676	REDUCE cov: 2929 ft: 10738 corp: 1825/159Kb lim: 4096 exec/s: 1203 rss: 464Mb L: 15/3766 MS: 1 EraseBytes-
#1299477	REDUCE cov: 2929 ft: 10738 corp: 1825/159Kb lim: 4096 exec/s: 1203 rss: 464Mb L: 21/3766 MS: 1 EraseBytes-
#1300488	REDUCE cov: 2929 ft: 10738 corp: 1825/159Kb lim: 4096 exec/s: 1203 rss: 464Mb L: 31/3766 MS: 1 EraseBytes-
#1300799	REDUCE cov: 2929 ft: 10738 corp: 1825/159Kb lim: 4096 exec/s: 1203 rss: 464Mb L: 4/3766 MS: 1 EraseBytes-
#1301940	REDUCE cov: 2929 ft: 10738 corp: 1825/159Kb lim: 4096 exec/s: 1203 rss: 464Mb L: 58/3766 MS: 1 EraseBytes-
#1302551	REDUCE cov: 2929 ft: 10738 corp: 1825/159Kb lim: 4096 exec/s: 1202 rss: 464Mb L: 6/3766 MS: 1 EraseBytes-
#1303122	REDUCE cov: 2929 ft: 10738 corp: 1825/159Kb lim: 4096 exec/s: 1203 rss: 464Mb L: 11/3766 MS: 1 EraseBytes-
#1303608	REDUCE cov: 2929 ft: 10738 corp: 1825/159Kb lim: 4096 exec/s: 1202 rss: 464Mb L: 34/3766 MS: 1 EraseBytes-
#1303654	NEW    cov: 2929 ft: 10739 corp: 1826/159Kb lim: 4096 exec/s: 1202 rss: 464Mb L: 64/3766 MS: 1 ChangeByte-
#1306294	REDUCE cov: 2929 ft: 10740 corp: 1827/159Kb lim: 4096 exec/s: 1202 rss: 464Mb L: 278/3766 MS: 5 EraseBytes-InsertRepeatedBytes-CrossOver-InsertRepeatedBytes-CopyPart-
#1306605	REDUCE cov: 2929 ft: 10740 corp: 1827/159Kb lim: 4096 exec/s: 1203 rss: 464Mb L: 10/3766 MS: 1 EraseBytes-
#1308302	REDUCE cov: 2929 ft: 10740 corp: 1827/159Kb lim: 4096 exec/s: 1202 rss: 464Mb L: 92/3766 MS: 2 ChangeBit-EraseBytes-
#1309588	REDUCE cov: 2929 ft: 10740 corp: 1827/159Kb lim: 4096 exec/s: 1202 rss: 464Mb L: 18/3766 MS: 1 EraseBytes-
#1310854	REDUCE cov: 2929 ft: 10740 corp: 1827/159Kb lim: 4096 exec/s: 1202 rss: 464Mb L: 44/3766 MS: 1 EraseBytes-
#1311915	REDUCE cov: 2929 ft: 10740 corp: 1827/159Kb lim: 4096 exec/s: 1202 rss: 464Mb L: 19/3766 MS: 1 EraseBytes-
#1312383	REDUCE cov: 2929 ft: 10740 corp: 1827/159Kb lim: 4096 exec/s: 1202 rss: 464Mb L: 28/3766 MS: 3 CopyPart-ChangeBit-EraseBytes-
#1312820	REDUCE cov: 2929 ft: 10740 corp: 1827/159Kb lim: 4096 exec/s: 1203 rss: 464Mb L: 14/3766 MS: 2 InsertByte-EraseBytes-
#1314741	REDUCE cov: 2929 ft: 10740 corp: 1827/159Kb lim: 4096 exec/s: 1202 rss: 464Mb L: 259/3766 MS: 1 EraseBytes-
#1314892	REDUCE cov: 2929 ft: 10740 corp: 1827/159Kb lim: 4096 exec/s: 1203 rss: 464Mb L: 63/3766 MS: 1 EraseBytes-
#1314998	REDUCE cov: 2929 ft: 10740 corp: 1827/159Kb lim: 4096 exec/s: 1203 rss: 464Mb L: 34/3766 MS: 1 EraseBytes-
#1315209	REDUCE cov: 2929 ft: 10740 corp: 1827/159Kb lim: 4096 exec/s: 1203 rss: 464Mb L: 4/3766 MS: 1 EraseBytes-
#1316036	REDUCE cov: 2929 ft: 10740 corp: 1827/159Kb lim: 4096 exec/s: 1202 rss: 464Mb L: 1507/3766 MS: 2 ChangeByte-EraseBytes-
#1316783	REDUCE cov: 2929 ft: 10740 corp: 1827/159Kb lim: 4096 exec/s: 1203 rss: 464Mb L: 7/3766 MS: 2 ChangeBinInt-EraseBytes-
#1316805	REDUCE cov: 2929 ft: 10740 corp: 1827/159Kb lim: 4096 exec/s: 1203 rss: 464Mb L: 756/3766 MS: 2 ChangeASCIIInt-EraseBytes-
#1316901	REDUCE cov: 2929 ft: 10740 corp: 1827/159Kb lim: 4096 exec/s: 1202 rss: 464Mb L: 145/3766 MS: 1 EraseBytes-
#1317168	REDUCE cov: 2929 ft: 10740 corp: 1827/159Kb lim: 4096 exec/s: 1202 rss: 464Mb L: 18/3766 MS: 2 ChangeBit-EraseBytes-
#1318042	REDUCE cov: 2929 ft: 10740 corp: 1827/159Kb lim: 4096 exec/s: 1203 rss: 464Mb L: 7/3766 MS: 4 InsertByte-EraseBytes-PersAutoDict-ManualDict- DE: "\004\350"-"SELECT"-
#1318513	REDUCE cov: 2929 ft: 10740 corp: 1827/159Kb lim: 4096 exec/s: 1203 rss: 464Mb L: 53/3766 MS: 1 EraseBytes-
#1319360	REDUCE cov: 2929 ft: 10740 corp: 1827/159Kb lim: 4096 exec/s: 1203 rss: 464Mb L: 642/3766 MS: 2 ChangeByte-EraseBytes-
#1319427	REDUCE cov: 2929 ft: 10740 corp: 1827/159Kb lim: 4096 exec/s: 1202 rss: 464Mb L: 102/3766 MS: 2 ManualDict-EraseBytes- DE: "kv"-
#1320969	REDUCE cov: 2929 ft: 10740 corp: 1827/159Kb lim: 4096 exec/s: 1203 rss: 464Mb L: 40/3766 MS: 2 CopyPart-EraseBytes-
#1321320	REDUCE cov: 2929 ft: 10740 corp: 1827/159Kb lim: 4096 exec/s: 1203 rss: 464Mb L: 103/3766 MS: 1 EraseBytes-
#1325491	REDUCE cov: 2929 ft: 10740 corp: 1827/159Kb lim: 4096 exec/s: 1202 rss: 464Mb L: 15/3766 MS: 1 EraseBytes-
#1325629	REDUCE cov: 2929 ft: 10740 corp: 1827/159Kb lim: 4096 exec/s: 1202 rss: 464Mb L: 8/3766 MS: 3 ChangeBit-EraseBytes-EraseBytes-
#1325646	REDUCE cov: 2929 ft: 10740 corp: 1827/159Kb lim: 4096 exec/s: 1202 rss: 464Mb L: 90/3766 MS: 2 EraseBytes-PersAutoDict- DE: "\002\376\0335"-
#1325752	REDUCE cov: 2929 ft: 10740 corp: 1827/159Kb lim: 4096 exec/s: 1203 rss: 464Mb L: 11/3766 MS: 1 EraseBytes-
#1326828	REDUCE cov: 2929 ft: 10740 corp: 1827/159Kb lim: 4096 exec/s: 1202 rss: 464Mb L: 49/3766 MS: 1 EraseBytes-
#1327099	REDUCE cov: 2929 ft: 10740 corp: 1827/159Kb lim: 4096 exec/s: 1203 rss: 464Mb L: 4/3766 MS: 1 EraseBytes-
#1327116	REDUCE cov: 2929 ft: 10740 corp: 1827/159Kb lim: 4096 exec/s: 1203 rss: 464Mb L: 22/3766 MS: 2 ShuffleBytes-EraseBytes-
#1328712	REDUCE cov: 2929 ft: 10740 corp: 1827/159Kb lim: 4096 exec/s: 1203 rss: 464Mb L: 14/3766 MS: 1 EraseBytes-
#1332049	REDUCE cov: 2929 ft: 10740 corp: 1827/159Kb lim: 4096 exec/s: 1203 rss: 464Mb L: 20/3766 MS: 2 ShuffleBytes-EraseBytes-
#1333540	REDUCE cov: 2929 ft: 10741 corp: 1828/159Kb lim: 4096 exec/s: 1203 rss: 464Mb L: 462/3766 MS: 1 CrossOver-
#1334452	REDUCE cov: 2929 ft: 10741 corp: 1828/159Kb lim: 4096 exec/s: 1203 rss: 464Mb L: 13/3766 MS: 2 PersAutoDict-EraseBytes- DE: "<>"-
#1334619	REDUCE cov: 2929 ft: 10741 corp: 1828/159Kb lim: 4096 exec/s: 1203 rss: 464Mb L: 97/3766 MS: 2 ChangeBit-EraseBytes-
#1335285	REDUCE cov: 2929 ft: 10741 corp: 1828/159Kb lim: 4096 exec/s: 1202 rss: 464Mb L: 78/3766 MS: 1 EraseBytes-
#1335404	REDUCE cov: 2929 ft: 10741 corp: 1828/159Kb lim: 4096 exec/s: 1203 rss: 464Mb L: 80/3766 MS: 4 ManualDict-ChangeBinInt-ChangeASCIIInt-EraseBytes- DE: "DELETE"-
#1335775	REDUCE cov: 2929 ft: 10741 corp: 1828/159Kb lim: 4096 exec/s: 1203 rss: 464Mb L: 91/3766 MS: 1 EraseBytes-
#1336611	REDUCE cov: 2929 ft: 10741 corp: 1828/159Kb lim: 4096 exec/s: 1203 rss: 464Mb L: 18/3766 MS: 1 EraseBytes-
#1336918	REDUCE cov: 2929 ft: 10741 corp: 1828/159Kb lim: 4096 exec/s: 1203 rss: 464Mb L: 443/3766 MS: 2 ChangeByte-EraseBytes-
#1336979	REDUCE cov: 2929 ft: 10741 corp: 1828/159Kb lim: 4096 exec/s: 1203 rss: 464Mb L: 37/3766 MS: 1 EraseBytes-
#1336995	NEW    cov: 2929 ft: 10743 corp: 1829/159Kb lim: 4096 exec/s: 1203 rss: 464Mb L: 87/3766 MS: 1 CopyPart-
#1337031	REDUCE cov: 2929 ft: 10743 corp: 1829/159Kb lim: 4096 exec/s: 1203 rss: 464Mb L: 22/3766 MS: 1 EraseBytes-
#1337302	REDUCE cov: 2929 ft: 10743 corp: 1829/159Kb lim: 4096 exec/s: 1203 rss: 464Mb L: 12/3766 MS: 1 EraseBytes-
#1337406	REDUCE cov: 2929 ft: 10743 corp: 1829/159Kb lim: 4096 exec/s: 1203 rss: 464Mb L: 76/3766 MS: 4 ChangeBit-InsertByte-ChangeByte-EraseBytes-
#1337522	REDUCE cov: 2929 ft: 10743 corp: 1829/159Kb lim: 4096 exec/s: 1203 rss: 464Mb L: 25/3766 MS: 1 EraseBytes-
#1337695	REDUCE cov: 2929 ft: 10743 corp: 1829/159Kb lim: 4096 exec/s: 1202 rss: 464Mb L: 36/3766 MS: 3 CopyPart-ManualDict-EraseBytes- DE: "''"-
#1337754	REDUCE cov: 2929 ft: 10743 corp: 1829/159Kb lim: 4096 exec/s: 1203 rss: 464Mb L: 7/3766 MS: 4 ChangeByte-ChangeBinInt-ChangeByte-EraseBytes-
#1338571	REDUCE cov: 2929 ft: 10743 corp: 1829/159Kb lim: 4096 exec/s: 1203 rss: 464Mb L: 264/3766 MS: 2 PersAutoDict-EraseBytes- DE: "WHERE"-
#1339342	REDUCE cov: 2929 ft: 10743 corp: 1829/159Kb lim: 4096 exec/s: 1203 rss: 464Mb L: 75/3766 MS: 1 EraseBytes-
#1340773	REDUCE cov: 2929 ft: 10743 corp: 1829/159Kb lim: 4096 exec/s: 1203 rss: 464Mb L: 417/3766 MS: 1 EraseBytes-
#1340924	REDUCE cov: 2929 ft: 10743 corp: 1829/159Kb lim: 4096 exec/s: 1203 rss: 464Mb L: 57/3766 MS: 1 EraseBytes-
#1341131	REDUCE cov: 2929 ft: 10743 corp: 1829/159Kb lim: 4096 exec/s: 1203 rss: 464Mb L: 18/3766 MS: 2 ChangeBit-EraseBytes-
#1341487	REDUCE cov: 2929 ft: 10743 corp: 1829/159Kb lim: 4096 exec/s: 1203 rss: 464Mb L: 21/3766 MS: 1 EraseBytes-
#1342433	NEW    cov: 2929 ft: 10744 corp: 1830/159Kb lim: 4096 exec/s: 1203 rss: 464Mb L: 67/3766 MS: 1 ChangeBinInt-
#1343019	NEW    cov: 2929 ft: 10746 corp: 1831/159Kb lim: 4096 exec/s: 1203 rss: 464Mb L: 78/3766 MS: 1 InsertByte-
#1343100	REDUCE cov: 2929 ft: 10746 corp: 1831/159Kb lim: 4096 exec/s: 1203 rss: 464Mb L: 32/3766 MS: 1 EraseBytes-
#1343659	REDUCE cov: 2929 ft: 10746 corp: 1831/159Kb lim: 4096 exec/s: 1203 rss: 464Mb L: 100/3766 MS: 4 ChangeByte-CopyPart-ShuffleBytes-EraseBytes-
#1343686	REDUCE cov: 2929 ft: 10746 corp: 1831/159Kb lim: 4096 exec/s: 1204 rss: 464Mb L: 58/3766 MS: 2 CMP-EraseBytes- DE: "p\317q\326<V\000\000"-
#1344193	REDUCE cov: 2929 ft: 10746 corp: 1831/159Kb lim: 4096 exec/s: 1203 rss: 464Mb L: 625/3766 MS: 2 ChangeBit-EraseBytes-
#1345104	REDUCE cov: 2929 ft: 10746 corp: 1831/159Kb lim: 4096 exec/s: 1203 rss: 464Mb L: 17/3766 MS: 1 EraseBytes-
#1345200	REDUCE cov: 2929 ft: 10746 corp: 1831/159Kb lim: 4096 exec/s: 1203 rss: 464Mb L: 32/3766 MS: 1 EraseBytes-
#1346256	REDUCE cov: 2929 ft: 10746 corp: 1831/159Kb lim: 4096 exec/s: 1203 rss: 464Mb L: 42/3766 MS: 1 EraseBytes-
#1346572	REDUCE cov: 2929 ft: 10746 corp: 1831/159Kb lim: 4096 exec/s: 1203 rss: 464Mb L: 31/3766 MS: 1 EraseBytes-
#1346608	REDUCE cov: 2929 ft: 10746 corp: 1831/159Kb lim: 4096 exec/s: 1203 rss: 464Mb L: 74/3766 MS: 1 EraseBytes-
#1346921	REDUCE cov: 2929 ft: 10746 corp: 1831/159Kb lim: 4096 exec/s: 1203 rss: 464Mb L: 49/3766 MS: 3 ChangeByte-ShuffleBytes-EraseBytes-
#1347353	REDUCE cov: 2929 ft: 10746 corp: 1831/159Kb lim: 4096 exec/s: 1202 rss: 464Mb L: 316/3766 MS: 2 CMP-EraseBytes- DE: "*\003"-
#1347954	REDUCE cov: 2929 ft: 10746 corp: 1831/159Kb lim: 4096 exec/s: 1203 rss: 464Mb L: 10/3766 MS: 1 EraseBytes-
#1348575	REDUCE cov: 2929 ft: 10746 corp: 1831/159Kb lim: 4096 exec/s: 1203 rss: 464Mb L: 79/3766 MS: 1 EraseBytes-
#1349171	REDUCE cov: 2929 ft: 10746 corp: 1831/159Kb lim: 4096 exec/s: 1203 rss: 464Mb L: 17/3766 MS: 1 EraseBytes-
#1349358	REDUCE cov: 2929 ft: 10746 corp: 1831/159Kb lim: 4096 exec/s: 1203 rss: 464Mb L: 6/3766 MS: 2 ChangeByte-EraseBytes-
#1350174	NEW    cov: 2929 ft: 10747 corp: 1832/159Kb lim: 4096 exec/s: 1203 rss: 464Mb L: 37/3766 MS: 1 ChangeASCIIInt-
#1350265	NEW    cov: 2929 ft: 10749 corp: 1833/159Kb lim: 4096 exec/s: 1203 rss: 464Mb L: 87/3766 MS: 1 ChangeBinInt-
#1350276	REDUCE cov: 2929 ft: 10749 corp: 1833/159Kb lim: 4096 exec/s: 1203 rss: 464Mb L: 113/3766 MS: 1 EraseBytes-
#1350569	REDUCE cov: 2929 ft: 10749 corp: 1833/159Kb lim: 4096 exec/s: 1203 rss: 464Mb L: 525/3766 MS: 3 ChangeBit-ManualDict-EraseBytes- DE: "v"-
#1350601	REDUCE cov: 2929 ft: 10749 corp: 1833/159Kb lim: 4096 exec/s: 1203 rss: 464Mb L: 43/3766 MS: 2 InsertByte-EraseBytes-
#1350617	REDUCE cov: 2929 ft: 10749 corp: 1833/159Kb lim: 4096 exec/s: 1203 rss: 464Mb L: 14/3766 MS: 1 EraseBytes-
#1352440	REDUCE cov: 2929 ft: 10750 corp: 1834/160Kb lim: 4096 exec/s: 1203 rss: 464Mb L: 279/3766 MS: 3 ManualDict-InsertByte-CopyPart- DE: "EXPLAIN"-
#1353187	REDUCE cov: 2929 ft: 10750 corp: 1834/160Kb lim: 4096 exec/s: 1203 rss: 464Mb L: 11/3766 MS: 2 ChangeASCIIInt-EraseBytes-
#1354496	REDUCE cov: 2929 ft: 10750 corp: 1834/160Kb lim: 4096 exec/s: 1202 rss: 464Mb L: 87/3766 MS: 4 ChangeASCIIInt-CopyPart-ChangeBinInt-EraseBytes-
#1354649	REDUCE cov: 2929 ft: 10750 corp: 1834/160Kb lim: 4096 exec/s: 1203 rss: 464Mb L: 20/3766 MS: 3 InsertByte-ChangeASCIIInt-EraseBytes-
#1354690	REDUCE cov: 2929 ft: 10750 corp: 1834/160Kb lim: 4096 exec/s: 1203 rss: 464Mb L: 217/3766 MS: 1 EraseBytes-
#1355056	REDUCE cov: 2929 ft: 10750 corp: 1834/160Kb lim: 4096 exec/s: 1203 rss: 464Mb L: 26/3766 MS: 1 EraseBytes-
#1355232	REDUCE cov: 2929 ft: 10750 corp: 1834/160Kb lim: 4096 exec/s: 1203 rss: 464Mb L: 67/3766 MS: 1 EraseBytes-
#1355998	REDUCE cov: 2929 ft: 10750 corp: 1834/160Kb lim: 4096 exec/s: 1203 rss: 464Mb L: 8/3766 MS: 1 EraseBytes-
#1356810	NEW    cov: 2929 ft: 10752 corp: 1835/160Kb lim: 4096 exec/s: 1203 rss: 464Mb L: 9/3766 MS: 2 PersAutoDict-ShuffleBytes- DE: "WHERE"-
#1357056	REDUCE cov: 2929 ft: 10752 corp: 1835/160Kb lim: 4096 exec/s: 1203 rss: 464Mb L: 13/3766 MS: 1 EraseBytes-
#1357102	REDUCE cov: 2929 ft: 10752 corp: 1835/160Kb lim: 4096 exec/s: 1203 rss: 464Mb L: 31/3766 MS: 1 EraseBytes-
#1358195	REDUCE cov: 2929 ft: 10752 corp: 1835/160Kb lim: 4096 exec/s: 1203 rss: 464Mb L: 427/3766 MS: 3 ChangeBinInt-InsertRepeatedBytes-EraseBytes-
#1358346	REDUCE cov: 2929 ft: 10752 corp: 1835/160Kb lim: 4096 exec/s: 1203 rss: 464Mb L: 30/3766 MS: 1 EraseBytes-
#1358801	REDUCE cov: 2929 ft: 10752 corp: 1835/160Kb lim: 4096 exec/s: 1203 rss: 464Mb L: 150/3766 MS: 5 CMP-ShuffleBytes-CopyPart-ManualDict-EraseBytes- DE: "\001\000\000\000\001\000\000\000\000\000\000\000\000\000\004@\001a"-"VALUES"-
#1359168	REDUCE cov: 2929 ft: 10752 corp: 1835/160Kb lim: 4096 exec/s: 1203 rss: 464Mb L: 143/3766 MS: 2 ChangeByte-EraseBytes-
#1360284	REDUCE cov: 2929 ft: 10752 corp: 1835/160Kb lim: 4096 exec/s: 1203 rss: 464Mb L: 70/3766 MS: 1 EraseBytes-
#1360635	REDUCE cov: 2929 ft: 10752 corp: 1835/160Kb lim: 4096 exec/s: 1203 rss: 464Mb L: 86/3766 MS: 1 EraseBytes-
#1360772	REDUCE cov: 2929 ft: 10752 corp: 1835/160Kb lim: 4096 exec/s: 1203 rss: 464Mb L: 163/3766 MS: 2 EraseBytes-CopyPart-
#1360888	REDUCE cov: 2929 ft: 10752 corp: 1835/160Kb lim: 4096 exec/s: 1203 rss: 464Mb L: 13/3766 MS: 1 EraseBytes-
#1360975	REDUCE cov: 2929 ft: 10752 corp: 1835/160Kb lim: 4096 exec/s: 1203 rss: 464Mb L: 19/3766 MS: 2 ChangeBit-EraseBytes-
#1362006	REDUCE cov: 2929 ft: 10752 corp: 1835/160Kb lim: 4096 exec/s: 1203 rss: 464Mb L: 98/3766 MS: 1 EraseBytes-
#1362092	REDUCE cov: 2929 ft: 10752 corp: 1835/160Kb lim: 4096 exec/s: 1203 rss: 464Mb L: 55/3766 MS: 1 EraseBytes-
#1364019	REDUCE cov: 2929 ft: 10752 corp: 1835/160Kb lim: 4096 exec/s: 1203 rss: 464Mb L: 5/3766 MS: 2 ChangeByte-EraseBytes-
#1364460	REDUCE cov: 2929 ft: 10752 corp: 1835/160Kb lim: 4096 exec/s: 1203 rss: 464Mb L: 4/3766 MS: 1 EraseBytes-
#1364671	REDUCE cov: 2929 ft: 10752 corp: 1835/160Kb lim: 4096 exec/s: 1203 rss: 464Mb L: 13/3766 MS: 1 EraseBytes-
#1364757	REDUCE cov: 2929 ft: 10752 corp: 1835/160Kb lim: 4096 exec/s: 1203 rss: 464Mb L: 86/3766 MS: 1 EraseBytes-
#1365008	REDUCE cov: 2929 ft: 10752 corp: 1835/160Kb lim: 4096 exec/s: 1203 rss: 464Mb L: 10/3766 MS: 1 EraseBytes-
#1365225	REDUCE cov: 2929 ft: 10752 corp: 1835/160Kb lim: 4096 exec/s: 1203 rss: 464Mb L: 8/3766 MS: 2 ManualDict-EraseBytes- DE: "z"-
#1367731	REDUCE cov: 2929 ft: 10752 corp: 1835/159Kb lim: 4096 exec/s: 1203 rss: 464Mb L: 85/3766 MS: 1 EraseBytes-
#1368057	REDUCE cov: 2929 ft: 10752 corp: 1835/159Kb lim: 4096 exec/s: 1203 rss: 464Mb L: 81/3766 MS: 1 EraseBytes-
#1368248	REDUCE cov: 2929 ft: 10752 corp: 1835/159Kb lim: 4096 exec/s: 1203 rss: 464Mb L: 11/3766 MS: 1 EraseBytes-
#1368444	REDUCE cov: 2929 ft: 10752 corp: 1835/159Kb lim: 4096 exec/s: 1203 rss: 464Mb L: 625/3766 MS: 1 EraseBytes-
#1368840	REDUCE cov: 2929 ft: 10752 corp: 1835/159Kb lim: 4096 exec/s: 1203 rss: 464Mb L: 32/3766 MS: 1 EraseBytes-
#1369141	REDUCE cov: 2929 ft: 10752 corp: 1835/159Kb lim: 4096 exec/s: 1203 rss: 464Mb L: 70/3766 MS: 1 EraseBytes-
#1369729	REDUCE cov: 2929 ft: 10752 corp: 1835/159Kb lim: 4096 exec/s: 1203 rss: 464Mb L: 78/3766 MS: 3 ShuffleBytes-InsertRepeatedBytes-EraseBytes-
#1370445	REDUCE cov: 2929 ft: 10752 corp: 1835/159Kb lim: 4096 exec/s: 1203 rss: 464Mb L: 82/3766 MS: 1 EraseBytes-
#1370726	REDUCE cov: 2929 ft: 10752 corp: 1835/159Kb lim: 4096 exec/s: 1203 rss: 464Mb L: 60/3766 MS: 1 EraseBytes-
#1371092	REDUCE cov: 2929 ft: 10752 corp: 1835/159Kb lim: 4096 exec/s: 1203 rss: 464Mb L: 1207/3766 MS: 1 EraseBytes-
#1371169	REDUCE cov: 2929 ft: 10752 corp: 1835/159Kb lim: 4096 exec/s: 1203 rss: 464Mb L: 19/3766 MS: 2 PersAutoDict-EraseBytes- DE: "'"-
#1371230	REDUCE cov: 2929 ft: 10752 corp: 1835/159Kb lim: 4096 exec/s: 1203 rss: 464Mb L: 20/3766 MS: 1 EraseBytes-
#1372186	REDUCE cov: 2929 ft: 10752 corp: 1835/159Kb lim: 4096 exec/s: 1203 rss: 464Mb L: 52/3766 MS: 1 EraseBytes-
#1372233	REDUCE cov: 2929 ft: 10752 corp: 1835/159Kb lim: 4096 exec/s: 1203 rss: 464Mb L: 67/3766 MS: 2 InsertByte-EraseBytes-
#1372579	REDUCE cov: 2929 ft: 10752 corp: 1835/159Kb lim: 4096 exec/s: 1202 rss: 464Mb L: 42/3766 MS: 1 EraseBytes-
#1372820	REDUCE cov: 2929 ft: 10752 corp: 1835/159Kb lim: 4096 exec/s: 1203 rss: 464Mb L: 239/3766 MS: 1 EraseBytes-
#1373246	REDUCE cov: 2929 ft: 10752 corp: 1835/159Kb lim: 4096 exec/s: 1203 rss: 464Mb L: 12/3766 MS: 1 EraseBytes-
#1374282	REDUCE cov: 2929 ft: 10752 corp: 1835/159Kb lim: 4096 exec/s: 1203 rss: 464Mb L: 56/3766 MS: 1 EraseBytes-
#1374320	REDUCE cov: 2929 ft: 10752 corp: 1835/159Kb lim: 4096 exec/s: 1203 rss: 464Mb L: 372/3766 MS: 3 InsertByte-ChangeBinInt-EraseBytes-
#1374596	REDUCE cov: 2929 ft: 10752 corp: 1835/159Kb lim: 4096 exec/s: 1203 rss: 464Mb L: 18/3766 MS: 1 EraseBytes-
#1375502	REDUCE cov: 2929 ft: 10752 corp: 1835/159Kb lim: 4096 exec/s: 1203 rss: 464Mb L: 17/3766 MS: 1 EraseBytes-
#1375553	REDUCE cov: 2929 ft: 10752 corp: 1835/159Kb lim: 4096 exec/s: 1203 rss: 464Mb L: 14/3766 MS: 1 EraseBytes-
#1376499	NEW    cov: 2929 ft: 10754 corp: 1836/159Kb lim: 4096 exec/s: 1203 rss: 464Mb L: 67/3766 MS: 1 CopyPart-
#1378983	REDUCE cov: 2929 ft: 10754 corp: 1836/159Kb lim: 4096 exec/s: 1203 rss: 464Mb L: 240/3766 MS: 4 ChangeASCIIInt-ShuffleBytes-ChangeASCIIInt-EraseBytes-
#1379909	REDUCE cov: 2929 ft: 10754 corp: 1836/159Kb lim: 4096 exec/s: 1204 rss: 464Mb L: 51/3766 MS: 1 EraseBytes-
#1381075	REDUCE cov: 2929 ft: 10754 corp: 1836/159Kb lim: 4096 exec/s: 1204 rss: 464Mb L: 7/3766 MS: 1 EraseBytes-
#1381605	REDUCE cov: 2929 ft: 10754 corp: 1836/159Kb lim: 4096 exec/s: 1203 rss: 464Mb L: 43/3766 MS: 5 ManualDict-EraseBytes-PersAutoDict-ManualDict-CopyPart- DE: "z"-"seq"-"FLOAT"-
#1383861	REDUCE cov: 2929 ft: 10754 corp: 1836/159Kb lim: 4096 exec/s: 1203 rss: 464Mb L: 11/3766 MS: 1 EraseBytes-
#1384457	REDUCE cov: 2929 ft: 10754 corp: 1836/159Kb lim: 4096 exec/s: 1203 rss: 464Mb L: 30/3766 MS: 1 EraseBytes-
#1385295	REDUCE cov: 2929 ft: 10754 corp: 1836/159Kb lim: 4096 exec/s: 1203 rss: 464Mb L: 41/3766 MS: 3 PersAutoDict-ChangeBit-EraseBytes- DE: "\377\377~c\035o\360\324"-
#1386116	REDUCE cov: 2929 ft: 10754 corp: 1836/159Kb lim: 4096 exec/s: 1203 rss: 464Mb L: 40/3766 MS: 1 EraseBytes-
#1388995	REDUCE cov: 2929 ft: 10754 corp: 1836/159Kb lim: 4096 exec/s: 1203 rss: 464Mb L: 10/3766 MS: 4 CopyPart-ManualDict-CopyPart-EraseBytes- DE: "LIKE"-
#1390702	REDUCE cov: 2929 ft: 10754 corp: 1836/159Kb lim: 4096 exec/s: 1204 rss: 464Mb L: 4/3766 MS: 2 EraseBytes-EraseBytes-
#1391053	REDUCE cov: 2929 ft: 10754 corp: 1836/159Kb lim: 4096 exec/s: 1203 rss: 464Mb L: 44/3766 MS: 1 EraseBytes-
#1391764	REDUCE cov: 2929 ft: 10754 corp: 1836/159Kb lim: 4096 exec/s: 1203 rss: 464Mb L: 14/3766 MS: 1 EraseBytes-
#1392093	REDUCE cov: 2929 ft: 10754 corp: 1836/159Kb lim: 4096 exec/s: 1203 rss: 464Mb L: 3678/3684 MS: 4 CopyPart-CopyPart-ChangeByte-EraseBytes-
#1392097	REDUCE cov: 2929 ft: 10754 corp: 1836/159Kb lim: 4096 exec/s: 1203 rss: 464Mb L: 253/3684 MS: 4 PersAutoDict-CopyPart-ChangeByte-EraseBytes- DE: "\217\202q\326<V\000\000"-
#1392258	REDUCE cov: 2929 ft: 10754 corp: 1836/159Kb lim: 4096 exec/s: 1203 rss: 464Mb L: 30/3684 MS: 1 EraseBytes-
#1392479	REDUCE cov: 2929 ft: 10754 corp: 1836/159Kb lim: 4096 exec/s: 1203 rss: 464Mb L: 51/3684 MS: 1 EraseBytes-
#1393820	REDUCE cov: 2929 ft: 10754 corp: 1836/159Kb lim: 4096 exec/s: 1203 rss: 464Mb L: 33/3684 MS: 1 EraseBytes-
#1395426	REDUCE cov: 2929 ft: 10754 corp: 1836/159Kb lim: 4096 exec/s: 1203 rss: 464Mb L: 77/3684 MS: 1 EraseBytes-
#1396587	REDUCE cov: 2929 ft: 10754 corp: 1836/159Kb lim: 4096 exec/s: 1203 rss: 464Mb L: 43/3684 MS: 1 EraseBytes-
#1397088	REDUCE cov: 2929 ft: 10754 corp: 1836/159Kb lim: 4096 exec/s: 1203 rss: 464Mb L: 51/3684 MS: 1 EraseBytes-
#1399354	NEW    cov: 2929 ft: 10755 corp: 1837/159Kb lim: 4096 exec/s: 1203 rss: 464Mb L: 36/3684 MS: 1 ChangeASCIIInt-
#1400312	REDUCE cov: 2929 ft: 10755 corp: 1837/159Kb lim: 4096 exec/s: 1204 rss: 464Mb L: 203/3684 MS: 3 ChangeASCIIInt-ChangeBit-EraseBytes-
#1402923	REDUCE cov: 2929 ft: 10755 corp: 1837/159Kb lim: 4096 exec/s: 1204 rss: 464Mb L: 106/3684 MS: 1 EraseBytes-
#1403304	REDUCE cov: 2929 ft: 10755 corp: 1837/159Kb lim: 4096 exec/s: 1203 rss: 464Mb L: 28/3684 MS: 1 EraseBytes-
#1403393	REDUCE cov: 2929 ft: 10755 corp: 1837/159Kb lim: 4096 exec/s: 1203 rss: 464Mb L: 35/3684 MS: 4 ChangeBinInt-InsertByte-InsertRepeatedBytes-EraseBytes-
#1404549	REDUCE cov: 2929 ft: 10755 corp: 1837/159Kb lim: 4096 exec/s: 1203 rss: 464Mb L: 1269/3684 MS: 1 EraseBytes-
#1404789	REDUCE cov: 2929 ft: 10756 corp: 1838/159Kb lim: 4096 exec/s: 1203 rss: 464Mb L: 50/3684 MS: 5 InsertRepeatedBytes-CrossOver-ManualDict-ManualDict-CMP- DE: "WHERE"-"EXPLAIN"-"C\003"-
#1405090	REDUCE cov: 2929 ft: 10756 corp: 1838/159Kb lim: 4096 exec/s: 1204 rss: 464Mb L: 174/3684 MS: 1 EraseBytes-
#1405571	REDUCE cov: 2929 ft: 10756 corp: 1838/159Kb lim: 4096 exec/s: 1203 rss: 464Mb L: 13/3684 MS: 1 EraseBytes-
#1405658	REDUCE cov: 2929 ft: 10756 corp: 1838/159Kb lim: 4096 exec/s: 1203 rss: 464Mb L: 102/3684 MS: 2 ChangeByte-EraseBytes-
#1407239	REDUCE cov: 2929 ft: 10756 corp: 1838/159Kb lim: 4096 exec/s: 1203 rss: 464Mb L: 7/3684 MS: 1 EraseBytes-
#1407450	REDUCE cov: 2929 ft: 10756 corp: 1838/159Kb lim: 4096 exec/s: 1203 rss: 464Mb L: 52/3684 MS: 1 EraseBytes-
#1409086	REDUCE cov: 2929 ft: 10756 corp: 1838/159Kb lim: 4096 exec/s: 1204 rss: 464Mb L: 31/3684 MS: 1 EraseBytes-
#1410437	REDUCE cov: 2929 ft: 10756 corp: 1838/159Kb lim: 4096 exec/s: 1203 rss: 464Mb L: 8/3684 MS: 1 EraseBytes-
#1411223	REDUCE cov: 2929 ft: 10756 corp: 1838/159Kb lim: 4096 exec/s: 1204 rss: 464Mb L: 11/3684 MS: 1 EraseBytes-
#1413079	REDUCE cov: 2929 ft: 10756 corp: 1838/159Kb lim: 4096 exec/s: 1203 rss: 464Mb L: 14/3684 MS: 1 EraseBytes-
#1413680	REDUCE cov: 2929 ft: 10756 corp: 1838/159Kb lim: 4096 exec/s: 1204 rss: 464Mb L: 5/3684 MS: 1 EraseBytes-
#1414914	REDUCE cov: 2929 ft: 10756 corp: 1838/159Kb lim: 4096 exec/s: 1204 rss: 464Mb L: 10/3684 MS: 4 CopyPart-CMP-ShuffleBytes-EraseBytes- DE: "k1"-
#1415482	REDUCE cov: 2929 ft: 10756 corp: 1838/159Kb lim: 4096 exec/s: 1203 rss: 464Mb L: 16/3684 MS: 3 ChangeASCIIInt-CopyPart-EraseBytes-
#1417171	REDUCE cov: 2929 ft: 10756 corp: 1838/159Kb lim: 4096 exec/s: 1204 rss: 464Mb L: 85/3684 MS: 4 ChangeByte-InsertByte-ChangeBit-EraseBytes-
#1418627	REDUCE cov: 2929 ft: 10756 corp: 1838/159Kb lim: 4096 exec/s: 1204 rss: 464Mb L: 38/3684 MS: 1 EraseBytes-
#1419405	REDUCE cov: 2929 ft: 10756 corp: 1838/159Kb lim: 4096 exec/s: 1203 rss: 464Mb L: 242/3684 MS: 3 CopyPart-ChangeBit-EraseBytes-
#1420023	REDUCE cov: 2929 ft: 10756 corp: 1838/159Kb lim: 4096 exec/s: 1203 rss: 464Mb L: 74/3684 MS: 3 CMP-ChangeASCIIInt-EraseBytes- DE: "\000\000V<\326k@\351"-
#1420119	REDUCE cov: 2929 ft: 10756 corp: 1838/159Kb lim: 4096 exec/s: 1203 rss: 464Mb L: 16/3684 MS: 1 EraseBytes-
#1421002	REDUCE cov: 2929 ft: 10756 corp: 1838/159Kb lim: 4096 exec/s: 1204 rss: 464Mb L: 1044/3684 MS: 3 CrossOver-ChangeBinInt-EraseBytes-
#1421994	REDUCE cov: 2929 ft: 10756 corp: 1838/159Kb lim: 4096 exec/s: 1204 rss: 464Mb L: 7/3684 MS: 2 ChangeByte-EraseBytes-
#1422187	REDUCE cov: 2929 ft: 10756 corp: 1838/159Kb lim: 4096 exec/s: 1204 rss: 464Mb L: 89/3684 MS: 3 EraseBytes-ShuffleBytes-PersAutoDict- DE: "\277\326q\326<V\000\000"-
#1422208	REDUCE cov: 2929 ft: 10756 corp: 1838/159Kb lim: 4096 exec/s: 1204 rss: 464Mb L: 239/3684 MS: 1 EraseBytes-
#1422559	REDUCE cov: 2929 ft: 10756 corp: 1838/159Kb lim: 4096 exec/s: 1203 rss: 464Mb L: 745/3684 MS: 1 EraseBytes-
#1423580	REDUCE cov: 2929 ft: 10756 corp: 1838/159Kb lim: 4096 exec/s: 1203 rss: 464Mb L: 20/3684 MS: 1 EraseBytes-
#1424626	REDUCE cov: 2929 ft: 10756 corp: 1838/159Kb lim: 4096 exec/s: 1204 rss: 464Mb L: 140/3684 MS: 1 EraseBytes-
#1425262	REDUCE cov: 2929 ft: 10756 corp: 1838/159Kb lim: 4096 exec/s: 1203 rss: 464Mb L: 68/3684 MS: 1 EraseBytes-
#1425993	REDUCE cov: 2929 ft: 10756 corp: 1838/159Kb lim: 4096 exec/s: 1203 rss: 464Mb L: 42/3684 MS: 1 EraseBytes-
#1426674	NEW    cov: 2929 ft: 10757 corp: 1839/159Kb lim: 4096 exec/s: 1203 rss: 464Mb L: 80/3684 MS: 1 InsertByte-
#1426990	REDUCE cov: 2929 ft: 10757 corp: 1839/159Kb lim: 4096 exec/s: 1204 rss: 464Mb L: 7/3684 MS: 1 EraseBytes-
#1427836	REDUCE cov: 2929 ft: 10757 corp: 1839/159Kb lim: 4096 exec/s: 1203 rss: 464Mb L: 10/3684 MS: 1 EraseBytes-
#1428683	REDUCE cov: 2929 ft: 10757 corp: 1839/159Kb lim: 4096 exec/s: 1203 rss: 464Mb L: 8/3684 MS: 2 CopyPart-EraseBytes-
#1430209	REDUCE cov: 2929 ft: 10757 corp: 1839/159Kb lim: 4096 exec/s: 1203 rss: 464Mb L: 46/3684 MS: 1 EraseBytes-
#1430820	REDUCE cov: 2929 ft: 10757 corp: 1839/159Kb lim: 4096 exec/s: 1203 rss: 464Mb L: 15/3684 MS: 1 EraseBytes-
#1432241	REDUCE cov: 2929 ft: 10757 corp: 1839/159Kb lim: 4096 exec/s: 1203 rss: 464Mb L: 10/3684 MS: 1 EraseBytes-
#1432730	REDUCE cov: 2929 ft: 10757 corp: 1839/159Kb lim: 4096 exec/s: 1203 rss: 464Mb L: 14/3684 MS: 4 CrossOver-ChangeBit-InsertByte-EraseBytes-
#1433491	REDUCE cov: 2929 ft: 10757 corp: 1839/159Kb lim: 4096 exec/s: 1203 rss: 464Mb L: 84/3684 MS: 1 EraseBytes-
#1434028	REDUCE cov: 2929 ft: 10757 corp: 1839/159Kb lim: 4096 exec/s: 1204 rss: 464Mb L: 550/3684 MS: 2 ChangeBinInt-EraseBytes-
#1434391	REDUCE cov: 2929 ft: 10757 corp: 1839/159Kb lim: 4096 exec/s: 1203 rss: 464Mb L: 42/3684 MS: 3 EraseBytes-InsertByte-CMP- DE: "\021\000"-
#1434847	REDUCE cov: 2929 ft: 10757 corp: 1839/159Kb lim: 4096 exec/s: 1203 rss: 464Mb L: 84/3684 MS: 1 EraseBytes-
#1435103	REDUCE cov: 2929 ft: 10757 corp: 1839/159Kb lim: 4096 exec/s: 1203 rss: 464Mb L: 9/3684 MS: 1 EraseBytes-
#1435219	REDUCE cov: 2929 ft: 10757 corp: 1839/159Kb lim: 4096 exec/s: 1204 rss: 464Mb L: 148/3684 MS: 1 EraseBytes-
#1435720	REDUCE cov: 2929 ft: 10757 corp: 1839/159Kb lim: 4096 exec/s: 1203 rss: 464Mb L: 28/3684 MS: 1 EraseBytes-
#1436201	REDUCE cov: 2929 ft: 10757 corp: 1839/159Kb lim: 4096 exec/s: 1203 rss: 465Mb L: 39/3684 MS: 1 EraseBytes-
#1437687	REDUCE cov: 2929 ft: 10757 corp: 1839/159Kb lim: 4096 exec/s: 1204 rss: 465Mb L: 51/3684 MS: 1 EraseBytes-
#1437714	REDUCE cov: 2929 ft: 10757 corp: 1839/159Kb lim: 4096 exec/s: 1204 rss: 465Mb L: 47/3684 MS: 2 PersAutoDict-EraseBytes- DE: "\377\377\377\377"-
#1437756	REDUCE cov: 2929 ft: 10757 corp: 1839/159Kb lim: 4096 exec/s: 1204 rss: 465Mb L: 76/3684 MS: 2 ChangeBit-EraseBytes-
#1438012	REDUCE cov: 2929 ft: 10757 corp: 1839/159Kb lim: 4096 exec/s: 1203 rss: 465Mb L: 49/3684 MS: 1 EraseBytes-
#1439353	REDUCE cov: 2929 ft: 10757 corp: 1839/159Kb lim: 4096 exec/s: 1203 rss: 465Mb L: 10/3684 MS: 1 EraseBytes-
#1439554	REDUCE cov: 2929 ft: 10757 corp: 1839/159Kb lim: 4096 exec/s: 1203 rss: 465Mb L: 226/3684 MS: 1 EraseBytes-
#1439670	REDUCE cov: 2929 ft: 10757 corp: 1839/159Kb lim: 4096 exec/s: 1203 rss: 465Mb L: 7/3684 MS: 1 EraseBytes-
#1439712	REDUCE cov: 2929 ft: 10757 corp: 1839/159Kb lim: 4096 exec/s: 1203 rss: 465Mb L: 516/3684 MS: 2 ChangeASCIIInt-EraseBytes-
#1439733	REDUCE cov: 2929 ft: 10757 corp: 1839/159Kb lim: 4096 exec/s: 1203 rss: 465Mb L: 12/3684 MS: 1 EraseBytes-
#1440321	REDUCE cov: 2929 ft: 10757 corp: 1839/159Kb lim: 4096 exec/s: 1203 rss: 465Mb L: 16/3684 MS: 3 ChangeBit-ChangeByte-EraseBytes-
#1441207	REDUCE cov: 2929 ft: 10757 corp: 1839/159Kb lim: 4096 exec/s: 1204 rss: 465Mb L: 390/3684 MS: 1 EraseBytes-
#1443568	REDUCE cov: 2929 ft: 10757 corp: 1839/159Kb lim: 4096 exec/s: 1203 rss: 465Mb L: 19/3684 MS: 1 EraseBytes-
#1444159	REDUCE cov: 2929 ft: 10757 corp: 1839/159Kb lim: 4096 exec/s: 1203 rss: 465Mb L: 40/3684 MS: 1 EraseBytes-
#1445756	REDUCE cov: 2929 ft: 10757 corp: 1839/159Kb lim: 4096 exec/s: 1203 rss: 465Mb L: 1113/3684 MS: 2 ChangeASCIIInt-EraseBytes-
#1446062	REDUCE cov: 2929 ft: 10757 corp: 1839/159Kb lim: 4096 exec/s: 1204 rss: 465Mb L: 64/3684 MS: 1 EraseBytes-
#1447433	REDUCE cov: 2929 ft: 10759 corp: 1840/159Kb lim: 4096 exec/s: 1204 rss: 465Mb L: 77/3684 MS: 1 EraseBytes-
#1447555	REDUCE cov: 2929 ft: 10759 corp: 1840/159Kb lim: 4096 exec/s: 1204 rss: 465Mb L: 100/3684 MS: 2 CopyPart-EraseBytes-
#1447596	REDUCE cov: 2929 ft: 10759 corp: 1840/159Kb lim: 4096 exec/s: 1203 rss: 465Mb L: 35/3684 MS: 1 EraseBytes-
#1447987	REDUCE cov: 2929 ft: 10759 corp: 1840/159Kb lim: 4096 exec/s: 1203 rss: 465Mb L: 68/3684 MS: 1 EraseBytes-
#1450308	REDUCE cov: 2929 ft: 10759 corp: 1840/159Kb lim: 4096 exec/s: 1203 rss: 465Mb L: 9/3684 MS: 1 EraseBytes-
#1450326	REDUCE cov: 2929 ft: 10759 corp: 1840/159Kb lim: 4096 exec/s: 1203 rss: 465Mb L: 88/3684 MS: 3 ChangeASCIIInt-InsertRepeatedBytes-EraseBytes-
#1451203	REDUCE cov: 2929 ft: 10759 corp: 1840/159Kb lim: 4096 exec/s: 1204 rss: 465Mb L: 18/3684 MS: 2 CMP-EraseBytes- DE: "\000\306"-
#1452659	REDUCE cov: 2929 ft: 10759 corp: 1840/159Kb lim: 4096 exec/s: 1203 rss: 465Mb L: 147/3684 MS: 1 EraseBytes-
#1452866	REDUCE cov: 2929 ft: 10759 corp: 1840/159Kb lim: 4096 exec/s: 1203 rss: 465Mb L: 47/3684 MS: 2 ChangeBit-EraseBytes-
#1454672	REDUCE cov: 2929 ft: 10759 corp: 1840/159Kb lim: 4096 exec/s: 1204 rss: 465Mb L: 42/3684 MS: 1 EraseBytes-
#1454683	REDUCE cov: 2929 ft: 10759 corp: 1840/159Kb lim: 4096 exec/s: 1204 rss: 465Mb L: 10/3684 MS: 1 EraseBytes-
#1455209	REDUCE cov: 2929 ft: 10759 corp: 1840/159Kb lim: 4096 exec/s: 1203 rss: 465Mb L: 10/3684 MS: 1 EraseBytes-
#1455707	REDUCE cov: 2929 ft: 10759 corp: 1840/159Kb lim: 4096 exec/s: 1204 rss: 465Mb L: 1019/3684 MS: 3 CrossOver-CrossOver-EraseBytes-
#1456678	REDUCE cov: 2929 ft: 10759 corp: 1840/158Kb lim: 4096 exec/s: 1203 rss: 465Mb L: 2736/3684 MS: 1 EraseBytes-
#1462177	REDUCE cov: 2929 ft: 10759 corp: 1840/158Kb lim: 4096 exec/s: 1204 rss: 465Mb L: 69/3684 MS: 4 PersAutoDict-ChangeBinInt-PersAutoDict-EraseBytes- DE: "d"-"Q.q\326<V\000\000"-
#1463103	REDUCE cov: 2929 ft: 10759 corp: 1840/158Kb lim: 4096 exec/s: 1204 rss: 465Mb L: 96/3684 MS: 1 EraseBytes-
#1463315	REDUCE cov: 2929 ft: 10759 corp: 1840/158Kb lim: 4096 exec/s: 1204 rss: 465Mb L: 286/3684 MS: 2 CrossOver-EraseBytes-
#1463844	REDUCE cov: 2929 ft: 10759 corp: 1840/158Kb lim: 4096 exec/s: 1203 rss: 465Mb L: 12/3684 MS: 4 ChangeBinInt-PersAutoDict-ChangeByte-EraseBytes- DE: "\377\377"-
#1464081	REDUCE cov: 2929 ft: 10759 corp: 1840/158Kb lim: 4096 exec/s: 1204 rss: 465Mb L: 18/3684 MS: 2 ChangeBit-EraseBytes-
#1464207	REDUCE cov: 2929 ft: 10759 corp: 1840/158Kb lim: 4096 exec/s: 1204 rss: 465Mb L: 68/3684 MS: 1 EraseBytes-
#1464803	REDUCE cov: 2929 ft: 10759 corp: 1840/158Kb lim: 4096 exec/s: 1204 rss: 465Mb L: 131/3684 MS: 1 EraseBytes-
#1465630	REDUCE cov: 2929 ft: 10759 corp: 1840/158Kb lim: 4096 exec/s: 1204 rss: 465Mb L: 7/3684 MS: 2 InsertByte-EraseBytes-
#1465697	REDUCE cov: 2929 ft: 10759 corp: 1840/158Kb lim: 4096 exec/s: 1204 rss: 465Mb L: 84/3684 MS: 2 EraseBytes-CrossOver-
#1465713	REDUCE cov: 2929 ft: 10759 corp: 1840/158Kb lim: 4096 exec/s: 1204 rss: 465Mb L: 1189/3684 MS: 1 EraseBytes-
#1466137	REDUCE cov: 2929 ft: 10759 corp: 1840/158Kb lim: 4096 exec/s: 1203 rss: 465Mb L: 34/3684 MS: 4 EraseBytes-ManualDict-InsertByte-CrossOver- DE: "HAVING"-
#1467728	REDUCE cov: 2929 ft: 10759 corp: 1840/158Kb lim: 4096 exec/s: 1204 rss: 465Mb L: 9/3684 MS: 1 EraseBytes-
#1467764	REDUCE cov: 2929 ft: 10759 corp: 1840/158Kb lim: 4096 exec/s: 1204 rss: 465Mb L: 39/3684 MS: 1 EraseBytes-
#1468570	REDUCE cov: 2929 ft: 10759 corp: 1840/158Kb lim: 4096 exec/s: 1204 rss: 465Mb L: 84/3684 MS: 1 EraseBytes-
#1468771	REDUCE cov: 2929 ft: 10759 corp: 1840/158Kb lim: 4096 exec/s: 1203 rss: 465Mb L: 10/3684 MS: 1 EraseBytes-
#1469099	REDUCE cov: 2929 ft: 10759 corp: 1840/158Kb lim: 4096 exec/s: 1204 rss: 465Mb L: 75/3684 MS: 3 ManualDict-ChangeBinInt-EraseBytes- DE: "HAVING"-
#1469742	REDUCE cov: 2929 ft: 10759 corp: 1840/158Kb lim: 4096 exec/s: 1204 rss: 465Mb L: 97/3684 MS: 3 ManualDict-CrossOver-EraseBytes- DE: ";"-
#1470663	REDUCE cov: 2929 ft: 10759 corp: 1840/158Kb lim: 4096 exec/s: 1204 rss: 465Mb L: 14/3684 MS: 1 EraseBytes-
#1471699	REDUCE cov: 2929 ft: 10759 corp: 1840/158Kb lim: 4096 exec/s: 1204 rss: 465Mb L: 36/3684 MS: 1 EraseBytes-
#1472106	REDUCE cov: 2929 ft: 10759 corp: 1840/158Kb lim: 4096 exec/s: 1204 rss: 465Mb L: 176/3684 MS: 2 InsertByte-EraseBytes-
#1472452	REDUCE cov: 2929 ft: 10759 corp: 1840/158Kb lim: 4096 exec/s: 1203 rss: 465Mb L: 11/3684 MS: 1 EraseBytes-
#1472748	REDUCE cov: 2929 ft: 10759 corp: 1840/158Kb lim: 4096 exec/s: 1204 rss: 465Mb L: 5/3684 MS: 1 EraseBytes-
#1473370	REDUCE cov: 2929 ft: 10759 corp: 1840/158Kb lim: 4096 exec/s: 1204 rss: 465Mb L: 56/3684 MS: 2 ChangeASCIIInt-EraseBytes-
#1476583	REDUCE cov: 2929 ft: 10759 corp: 1840/158Kb lim: 4096 exec/s: 1204 rss: 465Mb L: 25/3684 MS: 3 CrossOver-InsertByte-EraseBytes-
#1477001	REDUCE cov: 2929 ft: 10759 corp: 1840/158Kb lim: 4096 exec/s: 1204 rss: 465Mb L: 42/3684 MS: 3 ManualDict-CrossOver-EraseBytes- DE: "AVG("-
#1478397	REDUCE cov: 2929 ft: 10759 corp: 1840/158Kb lim: 4096 exec/s: 1204 rss: 465Mb L: 53/3684 MS: 1 EraseBytes-
#1478578	REDUCE cov: 2929 ft: 10759 corp: 1840/158Kb lim: 4096 exec/s: 1204 rss: 465Mb L: 18/3684 MS: 1 EraseBytes-
#1479279	REDUCE cov: 2929 ft: 10759 corp: 1840/158Kb lim: 4096 exec/s: 1204 rss: 465Mb L: 35/3684 MS: 1 EraseBytes-
#1480741	REDUCE cov: 2929 ft: 10759 corp: 1840/158Kb lim: 4096 exec/s: 1204 rss: 465Mb L: 51/3684 MS: 2 ChangeByte-EraseBytes-
#1481542	REDUCE cov: 2929 ft: 10759 corp: 1840/158Kb lim: 4096 exec/s: 1204 rss: 465Mb L: 17/3684 MS: 1 EraseBytes-
#1481678	REDUCE cov: 2929 ft: 10759 corp: 1840/158Kb lim: 4096 exec/s: 1204 rss: 465Mb L: 10/3684 MS: 1 EraseBytes-
#1482879	REDUCE cov: 2929 ft: 10759 corp: 1840/158Kb lim: 4096 exec/s: 1204 rss: 465Mb L: 14/3684 MS: 1 EraseBytes-
#1483341	REDUCE cov: 2929 ft: 10759 corp: 1840/158Kb lim: 4096 exec/s: 1204 rss: 465Mb L: 213/3684 MS: 2 ChangeByte-EraseBytes-
#1485852	REDUCE cov: 2929 ft: 10759 corp: 1840/158Kb lim: 4096 exec/s: 1204 rss: 465Mb L: 34/3684 MS: 1 EraseBytes-
#1487671	REDUCE cov: 2929 ft: 10759 corp: 1840/158Kb lim: 4096 exec/s: 1204 rss: 465Mb L: 22/3684 MS: 4 PersAutoDict-ChangeByte-ManualDict-EraseBytes- DE: "\005\376"-"<>"-
#1488538	REDUCE cov: 2929 ft: 10759 corp: 1840/158Kb lim: 4096 exec/s: 1204 rss: 465Mb L: 2051/3684 MS: 2 PersAutoDict-EraseBytes- DE: "IN"-
#1488726	REDUCE cov: 2929 ft: 10759 corp: 1840/158Kb lim: 4096 exec/s: 1204 rss: 465Mb L: 38/3684 MS: 3 CopyPart-ChangeByte-EraseBytes-
#1489097	REDUCE cov: 2929 ft: 10759 corp: 1840/158Kb lim: 4096 exec/s: 1204 rss: 465Mb L: 46/3684 MS: 1 EraseBytes-
#1489773	REDUCE cov: 2929 ft: 10759 corp: 1840/158Kb lim: 4096 exec/s: 1204 rss: 465Mb L: 19/3684 MS: 1 EraseBytes-
#1489980	REDUCE cov: 2929 ft: 10759 corp: 1840/158Kb lim: 4096 exec/s: 1204 rss: 465Mb L: 8/3684 MS: 2 EraseBytes-ChangeBit-
#1490268	REDUCE cov: 2929 ft: 10759 corp: 1840/158Kb lim: 4096 exec/s: 1204 rss: 465Mb L: 99/3684 MS: 3 ManualDict-ChangeASCIIInt-EraseBytes- DE: "v"-
#1491347	REDUCE cov: 2929 ft: 10759 corp: 1840/158Kb lim: 4096 exec/s: 1204 rss: 465Mb L: 447/3684 MS: 4 InsertRepeatedBytes-ChangeByte-ChangeASCIIInt-EraseBytes-
#1493854	REDUCE cov: 2929 ft: 10759 corp: 1840/158Kb lim: 4096 exec/s: 1204 rss: 465Mb L: 27/3684 MS: 2 CopyPart-EraseBytes-
#1494456	REDUCE cov: 2929 ft: 10759 corp: 1840/158Kb lim: 4096 exec/s: 1204 rss: 465Mb L: 69/3684 MS: 2 ChangeBit-EraseBytes-
#1494648	REDUCE cov: 2929 ft: 10759 corp: 1840/158Kb lim: 4096 exec/s: 1204 rss: 465Mb L: 29/3684 MS: 2 ChangeASCIIInt-EraseBytes-
#1496078	REDUCE cov: 2929 ft: 10759 corp: 1840/158Kb lim: 4096 exec/s: 1204 rss: 465Mb L: 41/3684 MS: 5 ChangeBinInt-ChangeBit-CMP-CopyPart-EraseBytes- DE: "@\213\020\000\001"-
#1497035	REDUCE cov: 2929 ft: 10759 corp: 1840/158Kb lim: 4096 exec/s: 1204 rss: 465Mb L: 28/3684 MS: 2 ShuffleBytes-EraseBytes-
#1497301	REDUCE cov: 2929 ft: 10759 corp: 1840/158Kb lim: 4096 exec/s: 1204 rss: 465Mb L: 32/3684 MS: 1 EraseBytes-
#1498629	REDUCE cov: 2929 ft: 10759 corp: 1840/158Kb lim: 4096 exec/s: 1204 rss: 465Mb L: 163/3684 MS: 3 ManualDict-PersAutoDict-EraseBytes- DE: "TIME"-"k2"-
#1500147	REDUCE cov: 2929 ft: 10759 corp: 1840/158Kb lim: 4096 exec/s: 1204 rss: 465Mb L: 73/3684 MS: 3 PersAutoDict-ChangeByte-EraseBytes- DE: "VALUES"-
#1500192	REDUCE cov: 2929 ft: 10759 corp: 1840/158Kb lim: 4096 exec/s: 1204 rss: 465Mb L: 36/3684 MS: 5 ChangeBit-ManualDict-ShuffleBytes-EraseBytes-InsertByte- DE: "device"-
#1501360	REDUCE cov: 2929 ft: 10759 corp: 1840/158Kb lim: 4096 exec/s: 1204 rss: 465Mb L: 1224/3684 MS: 3 PersAutoDict-EraseBytes-CopyPart- DE: "w"-
#1501781	REDUCE cov: 2929 ft: 10759 corp: 1840/158Kb lim: 4096 exec/s: 1204 rss: 465Mb L: 29/3684 MS: 1 EraseBytes-
#1504897	REDUCE cov: 2929 ft: 10759 corp: 1840/158Kb lim: 4096 exec/s: 1204 rss: 465Mb L: 22/3684 MS: 1 EraseBytes-
#1505113	REDUCE cov: 2929 ft: 10759 corp: 1840/158Kb lim: 4096 exec/s: 1205 rss: 465Mb L: 59/3684 MS: 1 EraseBytes-
#1505209	REDUCE cov: 2929 ft: 10759 corp: 1840/158Kb lim: 4096 exec/s: 1204 rss: 465Mb L: 289/3684 MS: 1 EraseBytes-
#1505400	NEW    cov: 2930 ft: 10760 corp: 1841/158Kb lim: 4096 exec/s: 1204 rss: 465Mb L: 183/3684 MS: 1 CopyPart-
#1506481	NEW    cov: 2930 ft: 10761 corp: 1842/158Kb lim: 4096 exec/s: 1204 rss: 466Mb L: 61/3684 MS: 1 ShuffleBytes-
#1506938	REDUCE cov: 2930 ft: 10761 corp: 1842/158Kb lim: 4096 exec/s: 1204 rss: 466Mb L: 21/3684 MS: 2 ManualDict-EraseBytes- DE: "LIMIT"-
#1507625	REDUCE cov: 2930 ft: 10761 corp: 1842/158Kb lim: 4096 exec/s: 1204 rss: 466Mb L: 6/3684 MS: 2 ChangeByte-EraseBytes-
#1508051	REDUCE cov: 2930 ft: 10761 corp: 1842/158Kb lim: 4096 exec/s: 1204 rss: 466Mb L: 455/3684 MS: 1 EraseBytes-
#1508203	NEW    cov: 2930 ft: 10762 corp: 1843/158Kb lim: 4096 exec/s: 1204 rss: 466Mb L: 104/3684 MS: 2 CrossOver-ManualDict- DE: "ASC"-
#1509379	REDUCE cov: 2930 ft: 10762 corp: 1843/158Kb lim: 4096 exec/s: 1204 rss: 466Mb L: 30/3684 MS: 1 EraseBytes-
#1509994	REDUCE cov: 2930 ft: 10762 corp: 1843/158Kb lim: 4096 exec/s: 1204 rss: 466Mb L: 20/3684 MS: 5 ChangeByte-ManualDict-ChangeBinInt-CMP-EraseBytes- DE: "IF"-"\000\000\003D"-
#1511290	REDUCE cov: 2930 ft: 10762 corp: 1843/158Kb lim: 4096 exec/s: 1204 rss: 466Mb L: 146/3684 MS: 1 EraseBytes-
#1512402	REDUCE cov: 2930 ft: 10762 corp: 1843/158Kb lim: 4096 exec/s: 1205 rss: 466Mb L: 8/3684 MS: 2 ChangeASCIIInt-EraseBytes-
#1512963	REDUCE cov: 2930 ft: 10762 corp: 1843/158Kb lim: 4096 exec/s: 1204 rss: 466Mb L: 19/3684 MS: 1 EraseBytes-
#1513739	REDUCE cov: 2930 ft: 10762 corp: 1843/158Kb lim: 4096 exec/s: 1205 rss: 466Mb L: 10/3684 MS: 1 EraseBytes-
#1514580	NEW    cov: 2930 ft: 10764 corp: 1844/158Kb lim: 4096 exec/s: 1204 rss: 466Mb L: 75/3684 MS: 1 ChangeBit-
#1514749	REDUCE cov: 2930 ft: 10764 corp: 1844/158Kb lim: 4096 exec/s: 1205 rss: 466Mb L: 300/3684 MS: 4 CMP-CopyPart-ChangeBit-EraseBytes- DE: "\001\000\000\000\002\000\000\000\000\000\000\000\000\000\370\277\001b"-
#1515281	REDUCE cov: 2930 ft: 10764 corp: 1844/158Kb lim: 4096 exec/s: 1204 rss: 466Mb L: 15/3684 MS: 2 ChangeBinInt-EraseBytes-
#1515672	REDUCE cov: 2930 ft: 10764 corp: 1844/158Kb lim: 4096 exec/s: 1204 rss: 466Mb L: 7/3684 MS: 1 EraseBytes-
#1515760	REDUCE cov: 2930 ft: 10764 corp: 1844/158Kb lim: 4096 exec/s: 1204 rss: 466Mb L: 16/3684 MS: 3 ChangeBit-ChangeBinInt-EraseBytes-
#1516026	REDUCE cov: 2930 ft: 10764 corp: 1844/158Kb lim: 4096 exec/s: 1205 rss: 466Mb L: 1134/3684 MS: 1 EraseBytes-
#1516107	REDUCE cov: 2930 ft: 10764 corp: 1844/158Kb lim: 4096 exec/s: 1205 rss: 466Mb L: 237/3684 MS: 1 EraseBytes-
#1516233	REDUCE cov: 2930 ft: 10764 corp: 1844/158Kb lim: 4096 exec/s: 1204 rss: 466Mb L: 83/3684 MS: 1 EraseBytes-
#1516445	REDUCE cov: 2930 ft: 10764 corp: 1844/158Kb lim: 4096 exec/s: 1204 rss: 466Mb L: 205/3684 MS: 2 ChangeASCIIInt-EraseBytes-
#1516601	REDUCE cov: 2930 ft: 10764 corp: 1844/158Kb lim: 4096 exec/s: 1204 rss: 466Mb L: 18/3684 MS: 1 EraseBytes-
#1518717	REDUCE cov: 2930 ft: 10764 corp: 1844/158Kb lim: 4096 exec/s: 1204 rss: 466Mb L: 129/3684 MS: 1 EraseBytes-
#1519253	REDUCE cov: 2930 ft: 10764 corp: 1844/158Kb lim: 4096 exec/s: 1204 rss: 466Mb L: 97/3684 MS: 1 EraseBytes-
#1519479	REDUCE cov: 2930 ft: 10764 corp: 1844/158Kb lim: 4096 exec/s: 1204 rss: 466Mb L: 19/3684 MS: 1 EraseBytes-
#1519842	REDUCE cov: 2930 ft: 10764 corp: 1844/158Kb lim: 4096 exec/s: 1204 rss: 466Mb L: 31/3684 MS: 3 CrossOver-ShuffleBytes-EraseBytes-
#1521923	REDUCE cov: 2930 ft: 10764 corp: 1844/158Kb lim: 4096 exec/s: 1205 rss: 466Mb L: 76/3684 MS: 1 EraseBytes-
#1522625	REDUCE cov: 2930 ft: 10764 corp: 1844/158Kb lim: 4096 exec/s: 1204 rss: 466Mb L: 5/3684 MS: 2 ChangeBinInt-EraseBytes-
#1522882	REDUCE cov: 2930 ft: 10764 corp: 1844/158Kb lim: 4096 exec/s: 1204 rss: 466Mb L: 80/3684 MS: 2 CrossOver-EraseBytes-
#1523033	REDUCE cov: 2930 ft: 10764 corp: 1844/158Kb lim: 4096 exec/s: 1204 rss: 466Mb L: 48/3684 MS: 1 EraseBytes-
#1523721	REDUCE cov: 2930 ft: 10764 corp: 1844/158Kb lim: 4096 exec/s: 1204 rss: 466Mb L: 75/3684 MS: 3 PersAutoDict-ChangeByte-EraseBytes- DE: "HAVING"-
#1523853	REDUCE cov: 2930 ft: 10764 corp: 1844/158Kb lim: 4096 exec/s: 1204 rss: 466Mb L: 79/3684 MS: 2 ShuffleBytes-EraseBytes-
#1524500	REDUCE cov: 2930 ft: 10764 corp: 1844/158Kb lim: 4096 exec/s: 1204 rss: 466Mb L: 5/3684 MS: 2 PersAutoDict-EraseBytes- DE: "a"-
#1528111	REDUCE cov: 2930 ft: 10764 corp: 1844/158Kb lim: 4096 exec/s: 1204 rss: 466Mb L: 12/3684 MS: 1 EraseBytes-
#1528190	REDUCE cov: 2930 ft: 10765 corp: 1845/158Kb lim: 4096 exec/s: 1204 rss: 466Mb L: 9/3684 MS: 4 ChangeBit-ChangeBit-CopyPart-ChangeBinInt-
#1528457	REDUCE cov: 2930 ft: 10765 corp: 1845/158Kb lim: 4096 exec/s: 1204 rss: 466Mb L: 8/3684 MS: 2 CopyPart-EraseBytes-
#1528943	REDUCE cov: 2930 ft: 10765 corp: 1845/158Kb lim: 4096 exec/s: 1204 rss: 466Mb L: 32/3684 MS: 1 EraseBytes-
#1529654	NEW    cov: 2930 ft: 10768 corp: 1846/162Kb lim: 4096 exec/s: 1204 rss: 466Mb L: 3991/3991 MS: 1 CopyPart-
#1529710	REDUCE cov: 2930 ft: 10768 corp: 1846/162Kb lim: 4096 exec/s: 1204 rss: 466Mb L: 11/3991 MS: 1 EraseBytes-
#1530791	REDUCE cov: 2930 ft: 10768 corp: 1846/162Kb lim: 4096 exec/s: 1204 rss: 466Mb L: 4/3991 MS: 1 EraseBytes-
#1531117	REDUCE cov: 2930 ft: 10768 corp: 1846/162Kb lim: 4096 exec/s: 1204 rss: 466Mb L: 7/3991 MS: 1 EraseBytes-
#1532253	REDUCE cov: 2930 ft: 10768 corp: 1846/162Kb lim: 4096 exec/s: 1204 rss: 466Mb L: 58/3991 MS: 1 EraseBytes-
#1532327	REDUCE cov: 2930 ft: 10768 corp: 1846/162Kb lim: 4096 exec/s: 1204 rss: 466Mb L: 66/3991 MS: 4 ChangeASCIIInt-EraseBytes-ShuffleBytes-CopyPart-
#1532358	REDUCE cov: 2930 ft: 10768 corp: 1846/162Kb lim: 4096 exec/s: 1204 rss: 466Mb L: 7/3991 MS: 1 EraseBytes-
#1535364	REDUCE cov: 2930 ft: 10768 corp: 1846/162Kb lim: 4096 exec/s: 1204 rss: 466Mb L: 29/3991 MS: 1 EraseBytes-
#1535810	REDUCE cov: 2930 ft: 10768 corp: 1846/162Kb lim: 4096 exec/s: 1204 rss: 466Mb L: 50/3991 MS: 1 EraseBytes-
#1535931	REDUCE cov: 2930 ft: 10768 corp: 1846/162Kb lim: 4096 exec/s: 1204 rss: 466Mb L: 128/3991 MS: 1 EraseBytes-
#1536132	REDUCE cov: 2930 ft: 10768 corp: 1846/162Kb lim: 4096 exec/s: 1204 rss: 466Mb L: 73/3991 MS: 1 EraseBytes-
#1536873	REDUCE cov: 2930 ft: 10768 corp: 1846/162Kb lim: 4096 exec/s: 1204 rss: 466Mb L: 14/3991 MS: 1 EraseBytes-
#1536928	REDUCE cov: 2930 ft: 10768 corp: 1846/162Kb lim: 4096 exec/s: 1204 rss: 466Mb L: 26/3991 MS: 5 ShuffleBytes-ShuffleBytes-PersAutoDict-PersAutoDict-EraseBytes- DE: "\001\000V<\326k@\340"-"''"-
#1538954	REDUCE cov: 2930 ft: 10768 corp: 1846/162Kb lim: 4096 exec/s: 1204 rss: 466Mb L: 4/3991 MS: 1 EraseBytes-
#1540790	REDUCE cov: 2930 ft: 10768 corp: 1846/162Kb lim: 4096 exec/s: 1204 rss: 466Mb L: 7/3991 MS: 1 EraseBytes-
#1541006	REDUCE cov: 2930 ft: 10768 corp: 1846/162Kb lim: 4096 exec/s: 1204 rss: 466Mb L: 50/3991 MS: 1 EraseBytes-
#1541352	REDUCE cov: 2930 ft: 10768 corp: 1846/162Kb lim: 4096 exec/s: 1204 rss: 466Mb L: 14/3991 MS: 1 EraseBytes-
#1542504	REDUCE cov: 2930 ft: 10768 corp: 1846/162Kb lim: 4096 exec/s: 1204 rss: 466Mb L: 47/3991 MS: 2 EraseBytes-InsertByte-
#1542581	REDUCE cov: 2930 ft: 10768 corp: 1846/162Kb lim: 4096 exec/s: 1204 rss: 466Mb L: 42/3991 MS: 2 ChangeBit-EraseBytes-
#1544667	REDUCE cov: 2930 ft: 10768 corp: 1846/162Kb lim: 4096 exec/s: 1203 rss: 466Mb L: 168/3991 MS: 1 EraseBytes-
#1545404	REDUCE cov: 2931 ft: 10769 corp: 1847/162Kb lim: 4096 exec/s: 1204 rss: 466Mb L: 82/3991 MS: 2 CMP-PersAutoDict- DE: "\377\377\377\000"-"E "-
#1545565	REDUCE cov: 2931 ft: 10769 corp: 1847/162Kb lim: 4096 exec/s: 1204 rss: 466Mb L: 8/3991 MS: 1 EraseBytes-
#1545721	REDUCE cov: 2931 ft: 10769 corp: 1847/162Kb lim: 4096 exec/s: 1203 rss: 466Mb L: 21/3991 MS: 1 EraseBytes-
#1547117	NEW    cov: 2931 ft: 10770 corp: 1848/162Kb lim: 4096 exec/s: 1203 rss: 466Mb L: 83/3991 MS: 1 InsertByte-
#1547158	REDUCE cov: 2931 ft: 10770 corp: 1848/162Kb lim: 4096 exec/s: 1204 rss: 466Mb L: 76/3991 MS: 1 EraseBytes-
#1547674	NEW    cov: 2931 ft: 10775 corp: 1849/162Kb lim: 4096 exec/s: 1204 rss: 466Mb L: 51/3991 MS: 1 CopyPart-
#1548415	REDUCE cov: 2931 ft: 10775 corp: 1849/162Kb lim: 4096 exec/s: 1204 rss: 466Mb L: 105/3991 MS: 1 EraseBytes-
#1549656	REDUCE cov: 2931 ft: 10775 corp: 1849/162Kb lim: 4096 exec/s: 1204 rss: 466Mb L: 16/3991 MS: 1 EraseBytes-
#1550694	REDUCE cov: 2931 ft: 10775 corp: 1849/162Kb lim: 4096 exec/s: 1203 rss: 466Mb L: 78/3991 MS: 3 ShuffleBytes-ChangeASCIIInt-EraseBytes-
#1551280	REDUCE cov: 2931 ft: 10775 corp: 1849/162Kb lim: 4096 exec/s: 1204 rss: 466Mb L: 18/3991 MS: 1 EraseBytes-
#1552365	REDUCE cov: 2931 ft: 10775 corp: 1849/162Kb lim: 4096 exec/s: 1204 rss: 466Mb L: 168/3991 MS: 5 PersAutoDict-InsertByte-InsertByte-ChangeBinInt-EraseBytes- DE: "E "-
#1553566	REDUCE cov: 2931 ft: 10775 corp: 1849/162Kb lim: 4096 exec/s: 1204 rss: 466Mb L: 4/3991 MS: 1 EraseBytes-
#1553577	REDUCE cov: 2931 ft: 10775 corp: 1849/162Kb lim: 4096 exec/s: 1204 rss: 466Mb L: 26/3991 MS: 1 EraseBytes-
#1554033	REDUCE cov: 2931 ft: 10775 corp: 1849/162Kb lim: 4096 exec/s: 1204 rss: 466Mb L: 20/3991 MS: 1 EraseBytes-
#1555285	REDUCE cov: 2931 ft: 10775 corp: 1849/162Kb lim: 4096 exec/s: 1204 rss: 466Mb L: 16/3991 MS: 2 ChangeBinInt-EraseBytes-
#1555631	REDUCE cov: 2931 ft: 10775 corp: 1849/162Kb lim: 4096 exec/s: 1204 rss: 466Mb L: 7/3991 MS: 1 EraseBytes-
#1555652	REDUCE cov: 2931 ft: 10775 corp: 1849/162Kb lim: 4096 exec/s: 1204 rss: 466Mb L: 107/3991 MS: 1 EraseBytes-
#1556098	REDUCE cov: 2931 ft: 10775 corp: 1849/162Kb lim: 4096 exec/s: 1204 rss: 466Mb L: 20/3991 MS: 1 EraseBytes-
#1556879	REDUCE cov: 2931 ft: 10775 corp: 1849/162Kb lim: 4096 exec/s: 1204 rss: 466Mb L: 65/3991 MS: 1 EraseBytes-
#1557131	REDUCE cov: 2931 ft: 10775 corp: 1849/162Kb lim: 4096 exec/s: 1204 rss: 466Mb L: 63/3991 MS: 2 ManualDict-EraseBytes- DE: "NULL"-
#1557337	NEW    cov: 2931 ft: 10776 corp: 1850/162Kb lim: 4096 exec/s: 1204 rss: 466Mb L: 39/3991 MS: 1 PersAutoDict- DE: "\000,"-
#1557523	REDUCE cov: 2931 ft: 10776 corp: 1850/162Kb lim: 4096 exec/s: 1204 rss: 466Mb L: 14/3991 MS: 1 EraseBytes-
#1557759	REDUCE cov: 2931 ft: 10776 corp: 1850/162Kb lim: 4096 exec/s: 1203 rss: 466Mb L: 61/3991 MS: 1 EraseBytes-
#1557985	REDUCE cov: 2931 ft: 10776 corp: 1850/162Kb lim: 4096 exec/s: 1204 rss: 466Mb L: 38/3991 MS: 1 EraseBytes-
#1558301	REDUCE cov: 2931 ft: 10776 corp: 1850/162Kb lim: 4096 exec/s: 1204 rss: 466Mb L: 11/3991 MS: 1 EraseBytes-
#1559030	REDUCE cov: 2931 ft: 10776 corp: 1850/162Kb lim: 4096 exec/s: 1203 rss: 466Mb L: 250/3991 MS: 4 ShuffleBytes-InsertRepeatedBytes-ChangeBit-EraseBytes-
#1559488	REDUCE cov: 2931 ft: 10776 corp: 1850/162Kb lim: 4096 exec/s: 1204 rss: 466Mb L: 53/3991 MS: 3 InsertByte-CopyPart-EraseBytes-
#1559941	REDUCE cov: 2931 ft: 10776 corp: 1850/162Kb lim: 4096 exec/s: 1204 rss: 466Mb L: 189/3991 MS: 3 CMP-PersAutoDict-EraseBytes- DE: "8SQLTREE"-"*"-
#1560717	REDUCE cov: 2931 ft: 10776 corp: 1850/162Kb lim: 4096 exec/s: 1204 rss: 466Mb L: 26/3991 MS: 1 EraseBytes-
#1560994	REDUCE cov: 2931 ft: 10776 corp: 1850/162Kb lim: 4096 exec/s: 1204 rss: 466Mb L: 88/3991 MS: 2 ChangeBit-EraseBytes-
#1561560	REDUCE cov: 2931 ft: 10776 corp: 1850/162Kb lim: 4096 exec/s: 1203 rss: 466Mb L: 2571/3991 MS: 1 EraseBytes-
#1561756	REDUCE cov: 2931 ft: 10776 corp: 1850/162Kb lim: 4096 exec/s: 1204 rss: 466Mb L: 24/3991 MS: 1 EraseBytes-
#1562916	REDUCE cov: 2931 ft: 10777 corp: 1851/163Kb lim: 4096 exec/s: 1204 rss: 466Mb L: 1296/3991 MS: 5 ShuffleBytes-ManualDict-CopyPart-ChangeBit-CopyPart- DE: "IS"-
#1567242	REDUCE cov: 2931 ft: 10777 corp: 1851/163Kb lim: 4096 exec/s: 1204 rss: 466Mb L: 17/3991 MS: 1 EraseBytes-
#1567293	REDUCE cov: 2931 ft: 10777 corp: 1851/163Kb lim: 4096 exec/s: 1204 rss: 466Mb L: 13/3991 MS: 1 EraseBytes-
#1567585	REDUCE cov: 2931 ft: 10777 corp: 1851/163Kb lim: 4096 exec/s: 1203 rss: 466Mb L: 294/3991 MS: 2 CopyPart-EraseBytes-
#1568431	REDUCE cov: 2931 ft: 10777 corp: 1851/163Kb lim: 4096 exec/s: 1204 rss: 466Mb L: 16/3991 MS: 1 EraseBytes-
#1569904	REDUCE cov: 2931 ft: 10777 corp: 1851/163Kb lim: 4096 exec/s: 1203 rss: 466Mb L: 176/3991 MS: 3 PersAutoDict-CMP-EraseBytes- DE: "SUM("-"\001\000\000\004"-
#1570277	REDUCE cov: 2931 ft: 10777 corp: 1851/163Kb lim: 4096 exec/s: 1204 rss: 466Mb L: 38/3991 MS: 3 ChangeASCIIInt-ChangeBit-EraseBytes-
#1570577	NEW    cov: 2931 ft: 10778 corp: 1852/163Kb lim: 4096 exec/s: 1204 rss: 466Mb L: 68/3991 MS: 5 ManualDict-ChangeASCIIInt-EraseBytes-ChangeASCIIInt-ManualDict- DE: "REAL"-"%"-
#1570857	REDUCE cov: 2931 ft: 10778 corp: 1852/163Kb lim: 4096 exec/s: 1204 rss: 466Mb L: 44/3991 MS: 5 CMP-ManualDict-InsertByte-ChangeByte-EraseBytes- DE: "ASQLTREE"-"*"-
#1572625	REDUCE cov: 2931 ft: 10778 corp: 1852/163Kb lim: 4096 exec/s: 1204 rss: 466Mb L: 27/3991 MS: 3 ChangeBit-PersAutoDict-EraseBytes- DE: "OFFSET"-
#1572951	REDUCE cov: 2931 ft: 10778 corp: 1852/163Kb lim: 4096 exec/s: 1204 rss: 466Mb L: 39/3991 MS: 1 EraseBytes-
#1573022	REDUCE cov: 2931 ft: 10778 corp: 1852/163Kb lim: 4096 exec/s: 1204 rss: 466Mb L: 306/3991 MS: 1 EraseBytes-
#1574150	REDUCE cov: 2931 ft: 10778 corp: 1852/163Kb lim: 4096 exec/s: 1204 rss: 466Mb L: 941/3991 MS: 3 PersAutoDict-ChangeASCIIInt-EraseBytes- DE: "NULL"-
#1574461	REDUCE cov: 2931 ft: 10778 corp: 1852/163Kb lim: 4096 exec/s: 1204 rss: 466Mb L: 10/3991 MS: 1 EraseBytes-
#1574467	REDUCE cov: 2931 ft: 10778 corp: 1852/163Kb lim: 4096 exec/s: 1204 rss: 466Mb L: 46/3991 MS: 1 EraseBytes-
#1575113	REDUCE cov: 2931 ft: 10778 corp: 1852/163Kb lim: 4096 exec/s: 1204 rss: 466Mb L: 14/3991 MS: 1 EraseBytes-
#1577645	REDUCE cov: 2931 ft: 10778 corp: 1852/163Kb lim: 4096 exec/s: 1204 rss: 466Mb L: 457/3991 MS: 2 InsertByte-EraseBytes-
#1578037	REDUCE cov: 2931 ft: 10778 corp: 1852/163Kb lim: 4096 exec/s: 1204 rss: 466Mb L: 148/3991 MS: 2 ChangeBinInt-EraseBytes-
#1578098	REDUCE cov: 2931 ft: 10778 corp: 1852/163Kb lim: 4096 exec/s: 1204 rss: 466Mb L: 325/3991 MS: 1 EraseBytes-
#1578245	REDUCE cov: 2931 ft: 10778 corp: 1852/163Kb lim: 4096 exec/s: 1204 rss: 466Mb L: 100/3991 MS: 2 ChangeBinInt-EraseBytes-
#1578632	REDUCE cov: 2931 ft: 10778 corp: 1852/163Kb lim: 4096 exec/s: 1204 rss: 466Mb L: 46/3991 MS: 2 ChangeByte-EraseBytes-
#1579359	REDUCE cov: 2931 ft: 10778 corp: 1852/163Kb lim: 4096 exec/s: 1204 rss: 466Mb L: 11/3991 MS: 2 ChangeByte-EraseBytes-
#1579956	REDUCE cov: 2931 ft: 10778 corp: 1852/163Kb lim: 4096 exec/s: 1204 rss: 466Mb L: 90/3991 MS: 2 InsertRepeatedBytes-EraseBytes-
#1581327	REDUCE cov: 2931 ft: 10778 corp: 1852/163Kb lim: 4096 exec/s: 1204 rss: 466Mb L: 16/3991 MS: 1 EraseBytes-
#1581393	REDUCE cov: 2931 ft: 10778 corp: 1852/163Kb lim: 4096 exec/s: 1204 rss: 466Mb L: 8/3991 MS: 1 EraseBytes-
#1583011	REDUCE cov: 2931 ft: 10778 corp: 1852/163Kb lim: 4096 exec/s: 1204 rss: 466Mb L: 270/3991 MS: 3 PersAutoDict-CrossOver-EraseBytes- DE: "1e308"-
#1583577	REDUCE cov: 2931 ft: 10778 corp: 1852/163Kb lim: 4096 exec/s: 1204 rss: 466Mb L: 12/3991 MS: 1 EraseBytes-
#1584435	REDUCE cov: 2931 ft: 10778 corp: 1852/163Kb lim: 4096 exec/s: 1203 rss: 466Mb L: 275/3991 MS: 3 ChangeByte-ChangeASCIIInt-EraseBytes-
#1585616	REDUCE cov: 2931 ft: 10778 corp: 1852/163Kb lim: 4096 exec/s: 1204 rss: 466Mb L: 8/3991 MS: 1 EraseBytes-
#1585662	REDUCE cov: 2931 ft: 10778 corp: 1852/163Kb lim: 4096 exec/s: 1204 rss: 466Mb L: 13/3991 MS: 1 EraseBytes-
#1588998	REDUCE cov: 2931 ft: 10778 corp: 1852/163Kb lim: 4096 exec/s: 1203 rss: 467Mb L: 17/3991 MS: 1 EraseBytes-
#1589404	REDUCE cov: 2931 ft: 10779 corp: 1853/163Kb lim: 4096 exec/s: 1204 rss: 467Mb L: 76/3991 MS: 1 ChangeBinInt-
#1589786	REDUCE cov: 2931 ft: 10779 corp: 1853/163Kb lim: 4096 exec/s: 1204 rss: 467Mb L: 58/3991 MS: 2 ChangeBinInt-EraseBytes-
#1589861	REDUCE cov: 2931 ft: 10779 corp: 1853/163Kb lim: 4096 exec/s: 1204 rss: 467Mb L: 177/3991 MS: 5 ChangeBinInt-ChangeByte-ShuffleBytes-EraseBytes-CopyPart-
#1591867	REDUCE cov: 2931 ft: 10779 corp: 1853/163Kb lim: 4096 exec/s: 1204 rss: 467Mb L: 68/3991 MS: 1 EraseBytes-
#1592409	REDUCE cov: 2931 ft: 10779 corp: 1853/163Kb lim: 4096 exec/s: 1204 rss: 467Mb L: 43/3991 MS: 2 ChangeByte-EraseBytes-
#1592508	REDUCE cov: 2931 ft: 10779 corp: 1853/163Kb lim: 4096 exec/s: 1204 rss: 467Mb L: 32/3991 MS: 4 ChangeASCIIInt-EraseBytes-CopyPart-EraseBytes-
#1595410	REDUCE cov: 2931 ft: 10779 corp: 1853/163Kb lim: 4096 exec/s: 1204 rss: 467Mb L: 101/3991 MS: 2 ChangeASCIIInt-EraseBytes-
#1595631	NEW    cov: 2932 ft: 10780 corp: 1854/164Kb lim: 4096 exec/s: 1204 rss: 467Mb L: 1540/3991 MS: 1 CrossOver-
#1595687	REDUCE cov: 2932 ft: 10780 corp: 1854/164Kb lim: 4096 exec/s: 1204 rss: 467Mb L: 39/3991 MS: 1 EraseBytes-
#1596118	REDUCE cov: 2932 ft: 10780 corp: 1854/164Kb lim: 4096 exec/s: 1204 rss: 467Mb L: 68/3991 MS: 1 EraseBytes-
#1596450	REDUCE cov: 2932 ft: 10780 corp: 1854/164Kb lim: 4096 exec/s: 1203 rss: 467Mb L: 48/3991 MS: 2 ChangeBinInt-EraseBytes-
#1596531	REDUCE cov: 2932 ft: 10780 corp: 1854/164Kb lim: 4096 exec/s: 1204 rss: 467Mb L: 221/3991 MS: 1 EraseBytes-
#1596797	REDUCE cov: 2932 ft: 10780 corp: 1854/164Kb lim: 4096 exec/s: 1204 rss: 467Mb L: 8/3991 MS: 1 EraseBytes-
#1597078	REDUCE cov: 2932 ft: 10780 corp: 1854/164Kb lim: 4096 exec/s: 1204 rss: 467Mb L: 169/3991 MS: 1 EraseBytes-
#1598155	REDUCE cov: 2932 ft: 10780 corp: 1854/164Kb lim: 4096 exec/s: 1204 rss: 467Mb L: 29/3991 MS: 2 ChangeBit-EraseBytes-
#1598191	REDUCE cov: 2932 ft: 10780 corp: 1854/164Kb lim: 4096 exec/s: 1204 rss: 467Mb L: 16/3991 MS: 1 EraseBytes-
#1598337	REDUCE cov: 2932 ft: 10780 corp: 1854/164Kb lim: 4096 exec/s: 1204 rss: 467Mb L: 7/3991 MS: 1 EraseBytes-
#1599463	REDUCE cov: 2932 ft: 10780 corp: 1854/164Kb lim: 4096 exec/s: 1204 rss: 467Mb L: 13/3991 MS: 1 EraseBytes-
#1600554	REDUCE cov: 2932 ft: 10780 corp: 1854/164Kb lim: 4096 exec/s: 1204 rss: 467Mb L: 58/3991 MS: 1 EraseBytes-
#1600786	REDUCE cov: 2932 ft: 10780 corp: 1854/164Kb lim: 4096 exec/s: 1204 rss: 467Mb L: 16/3991 MS: 2 ChangeBit-EraseBytes-
#1601430	REDUCE cov: 2932 ft: 10780 corp: 1854/164Kb lim: 4096 exec/s: 1204 rss: 467Mb L: 89/3991 MS: 4 CrossOver-ChangeASCIIInt-ChangeBinInt-EraseBytes-
#1601456	REDUCE cov: 2932 ft: 10780 corp: 1854/164Kb lim: 4096 exec/s: 1204 rss: 467Mb L: 44/3991 MS: 1 EraseBytes-
#1602642	REDUCE cov: 2932 ft: 10780 corp: 1854/164Kb lim: 4096 exec/s: 1204 rss: 467Mb L: 14/3991 MS: 1 EraseBytes-
#1603044	REDUCE cov: 2932 ft: 10780 corp: 1854/164Kb lim: 4096 exec/s: 1204 rss: 467Mb L: 14/3991 MS: 2 CopyPart-EraseBytes-
#1604905	REDUCE cov: 2932 ft: 10780 corp: 1854/164Kb lim: 4096 exec/s: 1203 rss: 467Mb L: 86/3991 MS: 1 EraseBytes-
#1605071	REDUCE cov: 2932 ft: 10780 corp: 1854/164Kb lim: 4096 exec/s: 1204 rss: 467Mb L: 7/3991 MS: 1 EraseBytes-
#1605317	REDUCE cov: 2932 ft: 10780 corp: 1854/164Kb lim: 4096 exec/s: 1204 rss: 467Mb L: 197/3991 MS: 1 EraseBytes-
#1605453	REDUCE cov: 2932 ft: 10780 corp: 1854/163Kb lim: 4096 exec/s: 1204 rss: 467Mb L: 794/3991 MS: 1 EraseBytes-
#1606110	REDUCE cov: 2932 ft: 10780 corp: 1854/163Kb lim: 4096 exec/s: 1203 rss: 467Mb L: 110/3991 MS: 2 ChangeByte-EraseBytes-
#1607211	REDUCE cov: 2932 ft: 10780 corp: 1854/163Kb lim: 4096 exec/s: 1203 rss: 467Mb L: 48/3991 MS: 1 EraseBytes-
#1607342	REDUCE cov: 2932 ft: 10780 corp: 1854/163Kb lim: 4096 exec/s: 1204 rss: 467Mb L: 19/3991 MS: 1 EraseBytes-
#1607358	REDUCE cov: 2932 ft: 10780 corp: 1854/163Kb lim: 4096 exec/s: 1204 rss: 467Mb L: 184/3991 MS: 1 EraseBytes-
#1607440	REDUCE cov: 2932 ft: 10780 corp: 1854/163Kb lim: 4096 exec/s: 1204 rss: 467Mb L: 48/3991 MS: 2 PersAutoDict-EraseBytes- DE: "time"-
#1609923	REDUCE cov: 2932 ft: 10780 corp: 1854/163Kb lim: 4096 exec/s: 1204 rss: 467Mb L: 15/3991 MS: 3 ChangeBit-ChangeBit-EraseBytes-
#1610159	REDUCE cov: 2932 ft: 10780 corp: 1854/163Kb lim: 4096 exec/s: 1204 rss: 467Mb L: 4/3991 MS: 1 EraseBytes-
#1610910	REDUCE cov: 2932 ft: 10780 corp: 1854/163Kb lim: 4096 exec/s: 1203 rss: 467Mb L: 141/3991 MS: 1 EraseBytes-
#1613506	NEW    cov: 2933 ft: 10782 corp: 1855/163Kb lim: 4096 exec/s: 1204 rss: 467Mb L: 99/3991 MS: 1 ChangeASCIIInt-
#1614167	REDUCE cov: 2933 ft: 10782 corp: 1855/163Kb lim: 4096 exec/s: 1204 rss: 467Mb L: 77/3991 MS: 1 EraseBytes-
#1614333	REDUCE cov: 2933 ft: 10782 corp: 1855/163Kb lim: 4096 exec/s: 1204 rss: 467Mb L: 28/3991 MS: 1 EraseBytes-
#1614381	REDUCE cov: 2933 ft: 10782 corp: 1855/163Kb lim: 4096 exec/s: 1204 rss: 467Mb L: 266/3991 MS: 3 EraseBytes-ChangeBit-InsertByte-
#1615512	REDUCE cov: 2933 ft: 10782 corp: 1855/163Kb lim: 4096 exec/s: 1204 rss: 467Mb L: 7/3991 MS: 1 EraseBytes-
#1615928	REDUCE cov: 2933 ft: 10782 corp: 1855/163Kb lim: 4096 exec/s: 1204 rss: 467Mb L: 8/3991 MS: 1 EraseBytes-
#1616189	REDUCE cov: 2933 ft: 10782 corp: 1855/163Kb lim: 4096 exec/s: 1204 rss: 467Mb L: 15/3991 MS: 1 EraseBytes-
#1616640	REDUCE cov: 2933 ft: 10782 corp: 1855/163Kb lim: 4096 exec/s: 1204 rss: 467Mb L: 496/3991 MS: 1 EraseBytes-
#1617242	REDUCE cov: 2933 ft: 10782 corp: 1855/163Kb lim: 4096 exec/s: 1204 rss: 467Mb L: 253/3991 MS: 2 InsertByte-EraseBytes-
#1617329	REDUCE cov: 2933 ft: 10782 corp: 1855/163Kb lim: 4096 exec/s: 1204 rss: 467Mb L: 87/3991 MS: 2 ChangeASCIIInt-EraseBytes-
#1617540	REDUCE cov: 2933 ft: 10782 corp: 1855/163Kb lim: 4096 exec/s: 1204 rss: 467Mb L: 11/3991 MS: 1 EraseBytes-
#1617576	REDUCE cov: 2933 ft: 10782 corp: 1855/163Kb lim: 4096 exec/s: 1204 rss: 467Mb L: 45/3991 MS: 1 EraseBytes-
#1617798	REDUCE cov: 2933 ft: 10782 corp: 1855/163Kb lim: 4096 exec/s: 1204 rss: 467Mb L: 589/3991 MS: 2 ShuffleBytes-EraseBytes-
#1618554	NEW    cov: 2940 ft: 10790 corp: 1856/163Kb lim: 4096 exec/s: 1204 rss: 467Mb L: 43/3991 MS: 1 ShuffleBytes-
#1618961	REDUCE cov: 2940 ft: 10790 corp: 1856/163Kb lim: 4096 exec/s: 1204 rss: 467Mb L: 17/3991 MS: 2 ChangeASCIIInt-EraseBytes-
#1620823	REDUCE cov: 2940 ft: 10790 corp: 1856/163Kb lim: 4096 exec/s: 1204 rss: 467Mb L: 15/3991 MS: 2 CopyPart-EraseBytes-
#1621489	REDUCE cov: 2940 ft: 10790 corp: 1856/163Kb lim: 4096 exec/s: 1204 rss: 467Mb L: 11/3991 MS: 1 EraseBytes-
#1623459	REDUCE cov: 2940 ft: 10790 corp: 1856/163Kb lim: 4096 exec/s: 1204 rss: 467Mb L: 50/3991 MS: 5 CrossOver-PersAutoDict-EraseBytes-InsertRepeatedBytes-EraseBytes- DE: "\377\377~c\035o\360\324"-
#1623655	REDUCE cov: 2940 ft: 10790 corp: 1856/163Kb lim: 4096 exec/s: 1204 rss: 467Mb L: 46/3991 MS: 1 EraseBytes-
#1623908	REDUCE cov: 2940 ft: 10790 corp: 1856/163Kb lim: 4096 exec/s: 1204 rss: 467Mb L: 355/3991 MS: 3 ChangeBit-CMP-EraseBytes- DE: "\376\377\377\377"-
#1624089	REDUCE cov: 2940 ft: 10790 corp: 1856/163Kb lim: 4096 exec/s: 1204 rss: 467Mb L: 7/3991 MS: 1 EraseBytes-
#1624131	REDUCE cov: 2940 ft: 10790 corp: 1856/163Kb lim: 4096 exec/s: 1204 rss: 467Mb L: 10/3991 MS: 2 InsertByte-EraseBytes-
#1624472	REDUCE cov: 2940 ft: 10790 corp: 1856/163Kb lim: 4096 exec/s: 1204 rss: 467Mb L: 21/3991 MS: 1 EraseBytes-
#1624928	REDUCE cov: 2940 ft: 10790 corp: 1856/163Kb lim: 4096 exec/s: 1204 rss: 467Mb L: 30/3991 MS: 1 EraseBytes-
#1625267	REDUCE cov: 2940 ft: 10790 corp: 1856/163Kb lim: 4096 exec/s: 1203 rss: 467Mb L: 47/3991 MS: 4 PersAutoDict-ShuffleBytes-CMP-EraseBytes- DE: "ASQLTREE"-"\367\377\377\377"-
#1625939	REDUCE cov: 2940 ft: 10790 corp: 1856/163Kb lim: 4096 exec/s: 1204 rss: 467Mb L: 22/3991 MS: 2 InsertByte-EraseBytes-
#1626395	REDUCE cov: 2940 ft: 10790 corp: 1856/163Kb lim: 4096 exec/s: 1204 rss: 467Mb L: 42/3991 MS: 1 EraseBytes-
#1626518	REDUCE cov: 2940 ft: 10790 corp: 1856/163Kb lim: 4096 exec/s: 1203 rss: 467Mb L: 567/3991 MS: 3 ChangeBinInt-ChangeByte-EraseBytes-
#1626660	REDUCE cov: 2940 ft: 10790 corp: 1856/163Kb lim: 4096 exec/s: 1204 rss: 467Mb L: 30/3991 MS: 2 ShuffleBytes-EraseBytes-
#1626721	REDUCE cov: 2940 ft: 10790 corp: 1856/163Kb lim: 4096 exec/s: 1204 rss: 467Mb L: 97/3991 MS: 1 EraseBytes-
#1627122	REDUCE cov: 2940 ft: 10790 corp: 1856/163Kb lim: 4096 exec/s: 1204 rss: 467Mb L: 10/3991 MS: 1 EraseBytes-
#1628638	REDUCE cov: 2940 ft: 10790 corp: 1856/163Kb lim: 4096 exec/s: 1204 rss: 467Mb L: 73/3991 MS: 1 EraseBytes-
#1629860	REDUCE cov: 2940 ft: 10790 corp: 1856/163Kb lim: 4096 exec/s: 1204 rss: 467Mb L: 28/3991 MS: 2 ShuffleBytes-EraseBytes-
#1630911	REDUCE cov: 2940 ft: 10790 corp: 1856/163Kb lim: 4096 exec/s: 1204 rss: 467Mb L: 14/3991 MS: 1 EraseBytes-
#1631417	REDUCE cov: 2940 ft: 10790 corp: 1856/163Kb lim: 4096 exec/s: 1203 rss: 467Mb L: 10/3991 MS: 1 EraseBytes-
#1631513	REDUCE cov: 2940 ft: 10790 corp: 1856/163Kb lim: 4096 exec/s: 1204 rss: 467Mb L: 24/3991 MS: 1 EraseBytes-
#1632211	REDUCE cov: 2940 ft: 10791 corp: 1857/164Kb lim: 4096 exec/s: 1204 rss: 467Mb L: 890/3991 MS: 3 ShuffleBytes-InsertByte-CopyPart-
#1633152	REDUCE cov: 2940 ft: 10791 corp: 1857/164Kb lim: 4096 exec/s: 1204 rss: 467Mb L: 502/3991 MS: 1 EraseBytes-
#1633228	REDUCE cov: 2940 ft: 10791 corp: 1857/164Kb lim: 4096 exec/s: 1204 rss: 467Mb L: 35/3991 MS: 1 EraseBytes-
#1633924	REDUCE cov: 2940 ft: 10791 corp: 1857/164Kb lim: 4096 exec/s: 1204 rss: 467Mb L: 236/3991 MS: 1 EraseBytes-
#1634036	REDUCE cov: 2940 ft: 10791 corp: 1857/164Kb lim: 4096 exec/s: 1204 rss: 467Mb L: 13/3991 MS: 2 ChangeBit-EraseBytes-
#1634205	REDUCE cov: 2940 ft: 10792 corp: 1858/164Kb lim: 4096 exec/s: 1204 rss: 467Mb L: 400/3991 MS: 4 PersAutoDict-ChangeByte-ChangeASCIIInt-CopyPart- DE: "8SQLTREE"-
#1637741	REDUCE cov: 2940 ft: 10792 corp: 1858/164Kb lim: 4096 exec/s: 1204 rss: 467Mb L: 59/3991 MS: 1 EraseBytes-
#1638344	REDUCE cov: 2940 ft: 10792 corp: 1858/164Kb lim: 4096 exec/s: 1204 rss: 468Mb L: 84/3991 MS: 3 InsertByte-ManualDict-EraseBytes- DE: "EXPLAIN"-
#1639230	REDUCE cov: 2940 ft: 10792 corp: 1858/164Kb lim: 4096 exec/s: 1204 rss: 468Mb L: 45/3991 MS: 1 EraseBytes-
#1639362	REDUCE cov: 2940 ft: 10792 corp: 1858/164Kb lim: 4096 exec/s: 1204 rss: 468Mb L: 22/3991 MS: 2 PersAutoDict-EraseBytes- DE: "''"-
#1640204	REDUCE cov: 2940 ft: 10792 corp: 1858/164Kb lim: 4096 exec/s: 1204 rss: 468Mb L: 45/3991 MS: 2 ChangeBinInt-EraseBytes-
#1644506	REDUCE cov: 2940 ft: 10792 corp: 1858/164Kb lim: 4096 exec/s: 1204 rss: 468Mb L: 5/3991 MS: 2 ChangeBit-EraseBytes-
#1645578	REDUCE cov: 2940 ft: 10792 corp: 1858/164Kb lim: 4096 exec/s: 1204 rss: 468Mb L: 40/3991 MS: 2 CrossOver-EraseBytes-
#1645659	REDUCE cov: 2940 ft: 10792 corp: 1858/164Kb lim: 4096 exec/s: 1204 rss: 468Mb L: 79/3991 MS: 1 EraseBytes-
#1645680	REDUCE cov: 2940 ft: 10792 corp: 1858/164Kb lim: 4096 exec/s: 1204 rss: 468Mb L: 52/3991 MS: 1 EraseBytes-
#1645896	REDUCE cov: 2940 ft: 10792 corp: 1858/164Kb lim: 4096 exec/s: 1204 rss: 468Mb L: 25/3991 MS: 1 EraseBytes-
#1645967	REDUCE cov: 2940 ft: 10792 corp: 1858/164Kb lim: 4096 exec/s: 1204 rss: 468Mb L: 63/3991 MS: 1 EraseBytes-
#1646554	REDUCE cov: 2940 ft: 10792 corp: 1858/164Kb lim: 4096 exec/s: 1204 rss: 468Mb L: 39/3991 MS: 2 InsertRepeatedBytes-EraseBytes-
#1648465	REDUCE cov: 2940 ft: 10792 corp: 1858/164Kb lim: 4096 exec/s: 1204 rss: 468Mb L: 11/3991 MS: 1 EraseBytes-
#1650031	REDUCE cov: 2940 ft: 10792 corp: 1858/164Kb lim: 4096 exec/s: 1204 rss: 468Mb L: 13/3991 MS: 1 EraseBytes-
#1652202	REDUCE cov: 2940 ft: 10792 corp: 1858/164Kb lim: 4096 exec/s: 1204 rss: 468Mb L: 4/3991 MS: 1 EraseBytes-
#1652443	REDUCE cov: 2940 ft: 10792 corp: 1858/164Kb lim: 4096 exec/s: 1204 rss: 468Mb L: 134/3991 MS: 1 EraseBytes-
#1652550	REDUCE cov: 2940 ft: 10792 corp: 1858/164Kb lim: 4096 exec/s: 1204 rss: 468Mb L: 13/3991 MS: 2 CopyPart-EraseBytes-
#1652996	REDUCE cov: 2940 ft: 10794 corp: 1859/164Kb lim: 4096 exec/s: 1204 rss: 468Mb L: 5/3991 MS: 1 InsertByte-
#1653524	REDUCE cov: 2940 ft: 10794 corp: 1859/164Kb lim: 4096 exec/s: 1204 rss: 468Mb L: 1116/3991 MS: 3 InsertByte-ChangeASCIIInt-EraseBytes-
#1653695	REDUCE cov: 2940 ft: 10794 corp: 1859/164Kb lim: 4096 exec/s: 1204 rss: 468Mb L: 28/3991 MS: 1 EraseBytes-
#1654101	REDUCE cov: 2940 ft: 10794 corp: 1859/164Kb lim: 4096 exec/s: 1204 rss: 468Mb L: 68/3991 MS: 1 EraseBytes-
#1654238	REDUCE cov: 2940 ft: 10794 corp: 1859/164Kb lim: 4096 exec/s: 1204 rss: 468Mb L: 155/3991 MS: 2 ChangeBinInt-EraseBytes-
#1654894	NEW    cov: 2940 ft: 10795 corp: 1860/164Kb lim: 4096 exec/s: 1204 rss: 468Mb L: 67/3991 MS: 1 ChangeBit-
#1655945	REDUCE cov: 2940 ft: 10795 corp: 1860/164Kb lim: 4096 exec/s: 1204 rss: 468Mb L: 26/3991 MS: 1 EraseBytes-
#1656556	REDUCE cov: 2940 ft: 10798 corp: 1861/166Kb lim: 4096 exec/s: 1204 rss: 468Mb L: 2096/3991 MS: 1 CopyPart-
#1657243	REDUCE cov: 2940 ft: 10798 corp: 1861/166Kb lim: 4096 exec/s: 1204 rss: 468Mb L: 71/3991 MS: 2 ShuffleBytes-EraseBytes-
#1657539	REDUCE cov: 2940 ft: 10798 corp: 1861/166Kb lim: 4096 exec/s: 1204 rss: 468Mb L: 86/3991 MS: 1 EraseBytes-
#1659962	REDUCE cov: 2940 ft: 10798 corp: 1861/166Kb lim: 4096 exec/s: 1204 rss: 468Mb L: 82/3991 MS: 3 ChangeASCIIInt-CrossOver-EraseBytes-
#1660989	REDUCE cov: 2940 ft: 10798 corp: 1861/166Kb lim: 4096 exec/s: 1204 rss: 468Mb L: 4/3991 MS: 2 ManualDict-EraseBytes- DE: "ASC"-
#1661441	REDUCE cov: 2940 ft: 10798 corp: 1861/166Kb lim: 4096 exec/s: 1204 rss: 468Mb L: 8/3991 MS: 2 ChangeByte-EraseBytes-
#1661607	REDUCE cov: 2940 ft: 10798 corp: 1861/166Kb lim: 4096 exec/s: 1204 rss: 468Mb L: 29/3991 MS: 1 EraseBytes-
#1661628	REDUCE cov: 2940 ft: 10798 corp: 1861/166Kb lim: 4096 exec/s: 1204 rss: 468Mb L: 8/3991 MS: 1 EraseBytes-
#1662119	NEW    cov: 2941 ft: 10801 corp: 1862/166Kb lim: 4096 exec/s: 1204 rss: 468Mb L: 47/3991 MS: 1 PersAutoDict- DE: "=="-
#1662725	REDUCE cov: 2941 ft: 10801 corp: 1862/166Kb lim: 4096 exec/s: 1204 rss: 468Mb L: 8/3991 MS: 1 EraseBytes-
#1663431	REDUCE cov: 2941 ft: 10801 corp: 1862/166Kb lim: 4096 exec/s: 1204 rss: 468Mb L: 16/3991 MS: 1 EraseBytes-
#1663662	REDUCE cov: 2941 ft: 10801 corp: 1862/166Kb lim: 4096 exec/s: 1204 rss: 468Mb L: 61/3991 MS: 1 EraseBytes-
#1664808	REDUCE cov: 2941 ft: 10801 corp: 1862/166Kb lim: 4096 exec/s: 1204 rss: 468Mb L: 35/3991 MS: 1 EraseBytes-
#1665125	REDUCE cov: 2941 ft: 10801 corp: 1862/166Kb lim: 4096 exec/s: 1204 rss: 468Mb L: 64/3991 MS: 2 ChangeBit-EraseBytes-
#1665602	REDUCE cov: 2941 ft: 10801 corp: 1862/166Kb lim: 4096 exec/s: 1204 rss: 468Mb L: 28/3991 MS: 2 CopyPart-EraseBytes-
#1665753	REDUCE cov: 2941 ft: 10801 corp: 1862/166Kb lim: 4096 exec/s: 1204 rss: 468Mb L: 71/3991 MS: 1 EraseBytes-
#1665989	NEW    cov: 2941 ft: 10804 corp: 1863/166Kb lim: 4096 exec/s: 1204 rss: 468Mb L: 183/3991 MS: 1 ChangeByte-
#1666596	REDUCE cov: 2941 ft: 10804 corp: 1863/166Kb lim: 4096 exec/s: 1205 rss: 468Mb L: 59/3991 MS: 2 CopyPart-EraseBytes-
#1669819	REDUCE cov: 2941 ft: 10804 corp: 1863/166Kb lim: 4096 exec/s: 1204 rss: 468Mb L: 7/3991 MS: 3 CopyPart-InsertByte-EraseBytes-
#1670991	REDUCE cov: 2941 ft: 10804 corp: 1863/166Kb lim: 4096 exec/s: 1204 rss: 468Mb L: 10/3991 MS: 2 ChangeASCIIInt-EraseBytes-
#1671482	REDUCE cov: 2941 ft: 10804 corp: 1863/166Kb lim: 4096 exec/s: 1205 rss: 468Mb L: 10/3991 MS: 1 EraseBytes-
#1671493	REDUCE cov: 2941 ft: 10804 corp: 1863/166Kb lim: 4096 exec/s: 1205 rss: 468Mb L: 72/3991 MS: 1 EraseBytes-
#1672276	REDUCE cov: 2941 ft: 10804 corp: 1863/166Kb lim: 4096 exec/s: 1204 rss: 468Mb L: 55/3991 MS: 3 ManualDict-InsertByte-EraseBytes- DE: "SET"-
#1672327	REDUCE cov: 2941 ft: 10804 corp: 1863/166Kb lim: 4096 exec/s: 1204 rss: 468Mb L: 16/3991 MS: 1 EraseBytes-
#1672438	REDUCE cov: 2941 ft: 10804 corp: 1863/166Kb lim: 4096 exec/s: 1204 rss: 468Mb L: 16/3991 MS: 1 EraseBytes-
#1673371	REDUCE cov: 2941 ft: 10804 corp: 1863/166Kb lim: 4096 exec/s: 1204 rss: 468Mb L: 450/3991 MS: 3 ChangeByte-PersAutoDict-EraseBytes- DE: "value"-
#1673792	REDUCE cov: 2941 ft: 10804 corp: 1863/166Kb lim: 4096 exec/s: 1205 rss: 468Mb L: 16/3991 MS: 1 EraseBytes-
#1675158	REDUCE cov: 2941 ft: 10804 corp: 1863/166Kb lim: 4096 exec/s: 1205 rss: 468Mb L: 20/3991 MS: 1 EraseBytes-
#1677099	REDUCE cov: 2941 ft: 10806 corp: 1864/166Kb lim: 4096 exec/s: 1204 rss: 468Mb L: 10/3991 MS: 1 ChangeBinInt-
#1679485	REDUCE cov: 2941 ft: 10806 corp: 1864/166Kb lim: 4096 exec/s: 1204 rss: 468Mb L: 24/3991 MS: 1 EraseBytes-
#1679586	REDUCE cov: 2941 ft: 10806 corp: 1864/166Kb lim: 4096 exec/s: 1204 rss: 468Mb L: 53/3991 MS: 1 EraseBytes-
#1679597	REDUCE cov: 2941 ft: 10806 corp: 1864/166Kb lim: 4096 exec/s: 1204 rss: 468Mb L: 145/3991 MS: 1 EraseBytes-
#1681259	REDUCE cov: 2941 ft: 10806 corp: 1864/166Kb lim: 4096 exec/s: 1205 rss: 468Mb L: 18/3991 MS: 2 ManualDict-EraseBytes- DE: "ABS("-
#1682472	REDUCE cov: 2941 ft: 10806 corp: 1864/166Kb lim: 4096 exec/s: 1205 rss: 468Mb L: 203/3991 MS: 3 ManualDict-InsertByte-EraseBytes- DE: "!="-
#1682719	REDUCE cov: 2941 ft: 10806 corp: 1864/166Kb lim: 4096 exec/s: 1205 rss: 468Mb L: 35/3991 MS: 2 CMP-EraseBytes- DE: "\006\000\000\000"-
#1683540	REDUCE cov: 2941 ft: 10806 corp: 1864/166Kb lim: 4096 exec/s: 1205 rss: 468Mb L: 7/3991 MS: 1 EraseBytes-
#1683571	REDUCE cov: 2941 ft: 10806 corp: 1864/166Kb lim: 4096 exec/s: 1205 rss: 468Mb L: 138/3991 MS: 1 EraseBytes-
#1684687	REDUCE cov: 2941 ft: 10806 corp: 1864/166Kb lim: 4096 exec/s: 1205 rss: 468Mb L: 15/3991 MS: 1 EraseBytes-
#1685288	REDUCE cov: 2941 ft: 10806 corp: 1864/166Kb lim: 4096 exec/s: 1205 rss: 468Mb L: 66/3991 MS: 1 EraseBytes-
#1686110	NEW    cov: 2941 ft: 10822 corp: 1865/166Kb lim: 4096 exec/s: 1205 rss: 468Mb L: 154/3991 MS: 2 ChangeASCIIInt-EraseBytes-
#1686317	REDUCE cov: 2941 ft: 10822 corp: 1865/166Kb lim: 4096 exec/s: 1205 rss: 468Mb L: 18/3991 MS: 2 ChangeBit-EraseBytes-
#1686408	REDUCE cov: 2941 ft: 10822 corp: 1865/166Kb lim: 4096 exec/s: 1205 rss: 468Mb L: 8/3991 MS: 1 EraseBytes-
#1686834	REDUCE cov: 2941 ft: 10822 corp: 1865/166Kb lim: 4096 exec/s: 1205 rss: 468Mb L: 10/3991 MS: 1 EraseBytes-
#1686925	REDUCE cov: 2941 ft: 10822 corp: 1865/166Kb lim: 4096 exec/s: 1204 rss: 468Mb L: 38/3991 MS: 1 EraseBytes-
#1687611	REDUCE cov: 2941 ft: 10822 corp: 1865/166Kb lim: 4096 exec/s: 1205 rss: 468Mb L: 10/3991 MS: 1 EraseBytes-
#1689882	REDUCE cov: 2941 ft: 10822 corp: 1865/166Kb lim: 4096 exec/s: 1205 rss: 469Mb L: 2594/3991 MS: 1 EraseBytes-
#1690598	REDUCE cov: 2941 ft: 10822 corp: 1865/166Kb lim: 4096 exec/s: 1204 rss: 469Mb L: 27/3991 MS: 1 EraseBytes-
#1690610	REDUCE cov: 2941 ft: 10822 corp: 1865/166Kb lim: 4096 exec/s: 1204 rss: 469Mb L: 42/3991 MS: 2 PersAutoDict-EraseBytes- DE: "\002\376\0335"-
#1690916	REDUCE cov: 2941 ft: 10822 corp: 1865/166Kb lim: 4096 exec/s: 1205 rss: 469Mb L: 9/3991 MS: 1 EraseBytes-
#1691763	REDUCE cov: 2941 ft: 10822 corp: 1865/166Kb lim: 4096 exec/s: 1204 rss: 469Mb L: 4/3991 MS: 2 ChangeByte-EraseBytes-
#1691804	REDUCE cov: 2941 ft: 10822 corp: 1865/166Kb lim: 4096 exec/s: 1204 rss: 469Mb L: 11/3991 MS: 1 EraseBytes-
#1692422	REDUCE cov: 2942 ft: 10825 corp: 1866/166Kb lim: 4096 exec/s: 1205 rss: 469Mb L: 78/3991 MS: 3 ChangeBinInt-CopyPart-ManualDict- DE: "value"-
#1692633	REDUCE cov: 2942 ft: 10825 corp: 1866/166Kb lim: 4096 exec/s: 1205 rss: 469Mb L: 40/3991 MS: 1 EraseBytes-
#1692740	REDUCE cov: 2942 ft: 10825 corp: 1866/166Kb lim: 4096 exec/s: 1205 rss: 469Mb L: 42/3991 MS: 2 CrossOver-EraseBytes-
#1693506	REDUCE cov: 2942 ft: 10825 corp: 1866/166Kb lim: 4096 exec/s: 1205 rss: 469Mb L: 236/3991 MS: 1 EraseBytes-
#1694323	REDUCE cov: 2942 ft: 10825 corp: 1866/166Kb lim: 4096 exec/s: 1205 rss: 469Mb L: 60/3991 MS: 2 ChangeASCIIInt-EraseBytes-
#1695865	REDUCE cov: 2942 ft: 10825 corp: 1866/166Kb lim: 4096 exec/s: 1205 rss: 469Mb L: 22/3991 MS: 2 CrossOver-EraseBytes-
#1695887	REDUCE cov: 2942 ft: 10825 corp: 1866/166Kb lim: 4096 exec/s: 1205 rss: 469Mb L: 233/3991 MS: 2 ChangeASCIIInt-EraseBytes-
#1696211	REDUCE cov: 2942 ft: 10826 corp: 1867/166Kb lim: 4096 exec/s: 1205 rss: 469Mb L: 362/3991 MS: 4 ShuffleBytes-CrossOver-ChangeBit-InsertRepeatedBytes-
#1696352	REDUCE cov: 2942 ft: 10826 corp: 1867/166Kb lim: 4096 exec/s: 1205 rss: 469Mb L: 49/3991 MS: 1 EraseBytes-
#1697605	REDUCE cov: 2942 ft: 10826 corp: 1867/166Kb lim: 4096 exec/s: 1205 rss: 469Mb L: 266/3991 MS: 3 EraseBytes-CMP-CMP- DE: "\001\000V<\326qn\250"-"\312\000\000\000"-
#1699146	REDUCE cov: 2942 ft: 10826 corp: 1867/166Kb lim: 4096 exec/s: 1205 rss: 469Mb L: 78/3991 MS: 1 EraseBytes-
#1700509	REDUCE cov: 2942 ft: 10826 corp: 1867/166Kb lim: 4096 exec/s: 1205 rss: 469Mb L: 390/3991 MS: 3 InsertByte-ChangeBinInt-EraseBytes-
#1701945	REDUCE cov: 2942 ft: 10826 corp: 1867/166Kb lim: 4096 exec/s: 1205 rss: 469Mb L: 17/3991 MS: 1 EraseBytes-
#1702796	REDUCE cov: 2942 ft: 10826 corp: 1867/166Kb lim: 4096 exec/s: 1205 rss: 469Mb L: 54/3991 MS: 1 EraseBytes-
#1706097	REDUCE cov: 2942 ft: 10826 corp: 1867/166Kb lim: 4096 exec/s: 1205 rss: 469Mb L: 56/3991 MS: 1 EraseBytes-
#1707293	REDUCE cov: 2942 ft: 10826 corp: 1867/166Kb lim: 4096 exec/s: 1205 rss: 469Mb L: 7/3991 MS: 1 EraseBytes-
#1707804	REDUCE cov: 2942 ft: 10826 corp: 1867/166Kb lim: 4096 exec/s: 1205 rss: 469Mb L: 46/3991 MS: 1 EraseBytes-
#1710705	REDUCE cov: 2942 ft: 10826 corp: 1867/166Kb lim: 4096 exec/s: 1205 rss: 469Mb L: 10/3991 MS: 1 EraseBytes-
#1710751	REDUCE cov: 2942 ft: 10826 corp: 1867/166Kb lim: 4096 exec/s: 1205 rss: 469Mb L: 3679/3991 MS: 1 EraseBytes-
#1711043	REDUCE cov: 2942 ft: 10826 corp: 1867/166Kb lim: 4096 exec/s: 1205 rss: 469Mb L: 15/3991 MS: 2 ShuffleBytes-EraseBytes-
#1712270	REDUCE cov: 2942 ft: 10826 corp: 1867/166Kb lim: 4096 exec/s: 1205 rss: 469Mb L: 7/3991 MS: 2 ChangeBit-EraseBytes-
#1713621	REDUCE cov: 2942 ft: 10826 corp: 1867/166Kb lim: 4096 exec/s: 1205 rss: 469Mb L: 456/3991 MS: 1 EraseBytes-
#1714501	REDUCE cov: 2942 ft: 10826 corp: 1867/166Kb lim: 4096 exec/s: 1205 rss: 469Mb L: 214/3991 MS: 5 InsertByte-ShuffleBytes-EraseBytes-CrossOver-CopyPart-
#1714942	REDUCE cov: 2942 ft: 10826 corp: 1867/166Kb lim: 4096 exec/s: 1206 rss: 469Mb L: 74/3991 MS: 1 EraseBytes-
#1715413	REDUCE cov: 2942 ft: 10826 corp: 1867/166Kb lim: 4096 exec/s: 1205 rss: 469Mb L: 8/3991 MS: 1 EraseBytes-
#1718290	REDUCE cov: 2942 ft: 10826 corp: 1867/166Kb lim: 4096 exec/s: 1205 rss: 469Mb L: 19/3991 MS: 2 InsertByte-EraseBytes-
#1718747	REDUCE cov: 2942 ft: 10826 corp: 1867/166Kb lim: 4096 exec/s: 1206 rss: 469Mb L: 1484/3991 MS: 2 ShuffleBytes-EraseBytes-
#1719733	REDUCE cov: 2942 ft: 10826 corp: 1867/166Kb lim: 4096 exec/s: 1205 rss: 469Mb L: 6/3991 MS: 1 EraseBytes-
#1720204	REDUCE cov: 2942 ft: 10826 corp: 1867/166Kb lim: 4096 exec/s: 1205 rss: 469Mb L: 60/3991 MS: 1 EraseBytes-
#1720720	REDUCE cov: 2942 ft: 10826 corp: 1867/166Kb lim: 4096 exec/s: 1205 rss: 469Mb L: 9/3991 MS: 1 EraseBytes-
#1721642	REDUCE cov: 2942 ft: 10826 corp: 1867/166Kb lim: 4096 exec/s: 1205 rss: 469Mb L: 166/3991 MS: 2 CrossOver-EraseBytes-
#1723245	REDUCE cov: 2942 ft: 10826 corp: 1867/166Kb lim: 4096 exec/s: 1205 rss: 469Mb L: 123/3991 MS: 3 ChangeBit-ChangeBinInt-EraseBytes-
#1723306	REDUCE cov: 2942 ft: 10826 corp: 1867/166Kb lim: 4096 exec/s: 1205 rss: 469Mb L: 37/3991 MS: 1 EraseBytes-
#1723307	REDUCE cov: 2942 ft: 10826 corp: 1867/166Kb lim: 4096 exec/s: 1205 rss: 469Mb L: 152/3991 MS: 1 EraseBytes-
#1724814	REDUCE cov: 2942 ft: 10826 corp: 1867/166Kb lim: 4096 exec/s: 1206 rss: 469Mb L: 23/3991 MS: 2 CMP-EraseBytes- DE: "\377\377"-
#1725205	REDUCE cov: 2942 ft: 10826 corp: 1867/166Kb lim: 4096 exec/s: 1205 rss: 469Mb L: 7/3991 MS: 1 EraseBytes-
#1725396	REDUCE cov: 2942 ft: 10826 corp: 1867/166Kb lim: 4096 exec/s: 1205 rss: 469Mb L: 34/3991 MS: 1 EraseBytes-
#1725555	REDUCE cov: 2942 ft: 10826 corp: 1867/166Kb lim: 4096 exec/s: 1205 rss: 469Mb L: 92/3991 MS: 4 EraseBytes-ChangeByte-ShuffleBytes-InsertByte-
#1726731	REDUCE cov: 2942 ft: 10826 corp: 1867/166Kb lim: 4096 exec/s: 1205 rss: 469Mb L: 127/3991 MS: 1 EraseBytes-
#1727017	REDUCE cov: 2942 ft: 10826 corp: 1867/166Kb lim: 4096 exec/s: 1206 rss: 469Mb L: 193/3991 MS: 1 EraseBytes-
#1728314	REDUCE cov: 2942 ft: 10826 corp: 1867/166Kb lim: 4096 exec/s: 1206 rss: 469Mb L: 58/3991 MS: 2 CMP-EraseBytes- DE: "\012\000\000\000"-
#1730070	REDUCE cov: 2942 ft: 10826 corp: 1867/166Kb lim: 4096 exec/s: 1205 rss: 469Mb L: 45/3991 MS: 1 EraseBytes-
#1730869	REDUCE cov: 2942 ft: 10826 corp: 1867/166Kb lim: 4096 exec/s: 1206 rss: 469Mb L: 54/3991 MS: 4 ManualDict-CrossOver-CMP-EraseBytes- DE: "?"-"\002\376'\000"-
#1731801	REDUCE cov: 2942 ft: 10826 corp: 1867/166Kb lim: 4096 exec/s: 1205 rss: 469Mb L: 27/3991 MS: 2 EraseBytes-ChangeBit-
#1732972	NEW    cov: 2942 ft: 10828 corp: 1868/166Kb lim: 4096 exec/s: 1205 rss: 469Mb L: 183/3991 MS: 1 CopyPart-
#1733254	REDUCE cov: 2942 ft: 10828 corp: 1868/166Kb lim: 4096 exec/s: 1206 rss: 469Mb L: 55/3991 MS: 2 CopyPart-EraseBytes-
#1733510	REDUCE cov: 2942 ft: 10828 corp: 1868/166Kb lim: 4096 exec/s: 1205 rss: 469Mb L: 124/3991 MS: 1 EraseBytes-
#1734311	REDUCE cov: 2942 ft: 10828 corp: 1868/166Kb lim: 4096 exec/s: 1206 rss: 469Mb L: 14/3991 MS: 1 EraseBytes-
#1734461	REDUCE cov: 2942 ft: 10828 corp: 1868/166Kb lim: 4096 exec/s: 1206 rss: 469Mb L: 173/3991 MS: 5 ShuffleBytes-EraseBytes-ChangeBinInt-ManualDict-CopyPart- DE: "OFFSET"-
#1734937	NEW    cov: 2943 ft: 10829 corp: 1869/166Kb lim: 4096 exec/s: 1205 rss: 469Mb L: 23/3991 MS: 1 ManualDict- DE: "1e308"-
#1734948	REDUCE cov: 2943 ft: 10829 corp: 1869/166Kb lim: 4096 exec/s: 1205 rss: 469Mb L: 99/3991 MS: 1 EraseBytes-
#1735339	REDUCE cov: 2943 ft: 10829 corp: 1869/166Kb lim: 4096 exec/s: 1205 rss: 469Mb L: 25/3991 MS: 1 EraseBytes-
#1736238	REDUCE cov: 2943 ft: 10829 corp: 1869/166Kb lim: 4096 exec/s: 1205 rss: 469Mb L: 738/3991 MS: 4 ChangeByte-ChangeBit-CopyPart-EraseBytes-
#1738494	REDUCE cov: 2943 ft: 10829 corp: 1869/166Kb lim: 4096 exec/s: 1205 rss: 469Mb L: 29/3991 MS: 1 EraseBytes-
#1739835	REDUCE cov: 2943 ft: 10829 corp: 1869/166Kb lim: 4096 exec/s: 1205 rss: 469Mb L: 4/3991 MS: 1 EraseBytes-
#1740721	REDUCE cov: 2943 ft: 10829 corp: 1869/166Kb lim: 4096 exec/s: 1205 rss: 469Mb L: 577/3991 MS: 1 EraseBytes-
#1741081	REDUCE cov: 2943 ft: 10829 corp: 1869/166Kb lim: 4096 exec/s: 1205 rss: 469Mb L: 373/3991 MS: 5 ChangeBinInt-ChangeBit-ChangeBit-ChangeBinInt-EraseBytes-
#1741232	REDUCE cov: 2943 ft: 10829 corp: 1869/166Kb lim: 4096 exec/s: 1205 rss: 469Mb L: 24/3991 MS: 1 EraseBytes-
#1742474	REDUCE cov: 2943 ft: 10829 corp: 1869/166Kb lim: 4096 exec/s: 1205 rss: 469Mb L: 275/3991 MS: 2 ChangeASCIIInt-EraseBytes-
#1744930	REDUCE cov: 2943 ft: 10829 corp: 1869/166Kb lim: 4096 exec/s: 1205 rss: 469Mb L: 7/3991 MS: 1 EraseBytes-
#1745682	REDUCE cov: 2943 ft: 10829 corp: 1869/166Kb lim: 4096 exec/s: 1205 rss: 469Mb L: 210/3991 MS: 2 ManualDict-EraseBytes- DE: "kv"-
#1747538	REDUCE cov: 2943 ft: 10829 corp: 1869/166Kb lim: 4096 exec/s: 1206 rss: 469Mb L: 16/3991 MS: 1 EraseBytes-
#1747855	REDUCE cov: 2943 ft: 10829 corp: 1869/166Kb lim: 4096 exec/s: 1205 rss: 469Mb L: 5/3991 MS: 2 CMP-EraseBytes- DE: "\001\000"-
#1749678	REDUCE cov: 2943 ft: 10829 corp: 1869/166Kb lim: 4096 exec/s: 1205 rss: 469Mb L: 13/3991 MS: 3 PersAutoDict-InsertByte-EraseBytes- DE: "SET"-
#1750640	REDUCE cov: 2943 ft: 10829 corp: 1869/166Kb lim: 4096 exec/s: 1205 rss: 469Mb L: 17/3991 MS: 2 ChangeASCIIInt-EraseBytes-
#1750661	REDUCE cov: 2943 ft: 10829 corp: 1869/166Kb lim: 4096 exec/s: 1205 rss: 469Mb L: 20/3991 MS: 1 EraseBytes-
#1751128	REDUCE cov: 2943 ft: 10829 corp: 1869/166Kb lim: 4096 exec/s: 1206 rss: 469Mb L: 4/3991 MS: 2 CopyPart-EraseBytes-
#1752795	REDUCE cov: 2943 ft: 10829 corp: 1869/166Kb lim: 4096 exec/s: 1205 rss: 469Mb L: 60/3991 MS: 2 ChangeBit-EraseBytes-
#1753003	REDUCE cov: 2943 ft: 10829 corp: 1869/166Kb lim: 4096 exec/s: 1205 rss: 469Mb L: 23/3991 MS: 3 ChangeBinInt-ChangeBit-EraseBytes-
#1754532	REDUCE cov: 2943 ft: 10829 corp: 1869/166Kb lim: 4096 exec/s: 1205 rss: 469Mb L: 35/3991 MS: 4 InsertByte-ChangeBit-ChangeBit-EraseBytes-
#1755218	REDUCE cov: 2943 ft: 10829 corp: 1869/166Kb lim: 4096 exec/s: 1205 rss: 469Mb L: 13/3991 MS: 1 EraseBytes-
#1756370	REDUCE cov: 2943 ft: 10829 corp: 1869/166Kb lim: 4096 exec/s: 1205 rss: 469Mb L: 21/3991 MS: 2 ChangeByte-EraseBytes-
#1757736	REDUCE cov: 2943 ft: 10829 corp: 1869/166Kb lim: 4096 exec/s: 1205 rss: 469Mb L: 128/3991 MS: 1 EraseBytes-
#1758439	REDUCE cov: 2944 ft: 10830 corp: 1870/166Kb lim: 4096 exec/s: 1206 rss: 469Mb L: 302/3991 MS: 3 PersAutoDict-ManualDict-EraseBytes- DE: "REPLACE"-"<="-
#1758535	REDUCE cov: 2944 ft: 10830 corp: 1870/166Kb lim: 4096 exec/s: 1206 rss: 469Mb L: 105/3991 MS: 1 EraseBytes-
#1760035	REDUCE cov: 2944 ft: 10830 corp: 1870/166Kb lim: 4096 exec/s: 1205 rss: 469Mb L: 661/3991 MS: 5 CopyPart-ChangeBit-ChangeBit-ChangeBit-EraseBytes-
#1760117	REDUCE cov: 2944 ft: 10830 corp: 1870/166Kb lim: 4096 exec/s: 1205 rss: 469Mb L: 40/3991 MS: 2 ChangeByte-EraseBytes-
#1760448	REDUCE cov: 2944 ft: 10830 corp: 1870/166Kb lim: 4096 exec/s: 1205 rss: 469Mb L: 210/3991 MS: 1 EraseBytes-
#1760579	REDUCE cov: 2944 ft: 10830 corp: 1870/166Kb lim: 4096 exec/s: 1205 rss: 469Mb L: 9/3991 MS: 1 EraseBytes-
#1761413	REDUCE cov: 2944 ft: 10830 corp: 1870/166Kb lim: 4096 exec/s: 1205 rss: 469Mb L: 596/3991 MS: 4 ChangeByte-ChangeASCIIInt-ManualDict-EraseBytes- DE: "MAX("-
#1761534	REDUCE cov: 2944 ft: 10830 corp: 1870/166Kb lim: 4096 exec/s: 1205 rss: 469Mb L: 32/3991 MS: 1 EraseBytes-
#1761876	REDUCE cov: 2944 ft: 10830 corp: 1870/166Kb lim: 4096 exec/s: 1205 rss: 469Mb L: 134/3991 MS: 2 ManualDict-EraseBytes- DE: "1e308"-
#1762067	REDUCE cov: 2944 ft: 10830 corp: 1870/166Kb lim: 4096 exec/s: 1206 rss: 469Mb L: 64/3991 MS: 1 EraseBytes-
#1762743	REDUCE cov: 2944 ft: 10830 corp: 1870/166Kb lim: 4096 exec/s: 1205 rss: 469Mb L: 11/3991 MS: 1 EraseBytes-
#1763114	REDUCE cov: 2944 ft: 10830 corp: 1870/166Kb lim: 4096 exec/s: 1205 rss: 469Mb L: 16/3991 MS: 1 EraseBytes-
#1763481	REDUCE cov: 2944 ft: 10830 corp: 1870/166Kb lim: 4096 exec/s: 1206 rss: 469Mb L: 80/3991 MS: 2 ChangeBinInt-EraseBytes-
#1765388	REDUCE cov: 2944 ft: 10830 corp: 1870/166Kb lim: 4096 exec/s: 1205 rss: 469Mb L: 196/3991 MS: 2 ChangeByte-EraseBytes-
#1766394	REDUCE cov: 2944 ft: 10830 corp: 1870/166Kb lim: 4096 exec/s: 1205 rss: 469Mb L: 36/3991 MS: 1 EraseBytes-
#1766762	REDUCE cov: 2944 ft: 10830 corp: 1870/166Kb lim: 4096 exec/s: 1205 rss: 469Mb L: 74/3991 MS: 3 InsertByte-EraseBytes-ChangeBit-
#1767063	REDUCE cov: 2944 ft: 10830 corp: 1870/166Kb lim: 4096 exec/s: 1206 rss: 469Mb L: 8/3991 MS: 1 EraseBytes-
#1767104	REDUCE cov: 2944 ft: 10830 corp: 1870/166Kb lim: 4096 exec/s: 1206 rss: 469Mb L: 7/3991 MS: 1 EraseBytes-
#1767980	REDUCE cov: 2944 ft: 10830 corp: 1870/166Kb lim: 4096 exec/s: 1205 rss: 469Mb L: 4/3991 MS: 1 EraseBytes-
#1768547	REDUCE cov: 2944 ft: 10830 corp: 1870/166Kb lim: 4096 exec/s: 1206 rss: 469Mb L: 32/3991 MS: 2 CopyPart-EraseBytes-
#1768730	REDUCE cov: 2944 ft: 10830 corp: 1870/166Kb lim: 4096 exec/s: 1205 rss: 469Mb L: 373/3991 MS: 3 EraseBytes-ChangeBinInt-CopyPart-
#1769906	REDUCE cov: 2944 ft: 10830 corp: 1870/166Kb lim: 4096 exec/s: 1205 rss: 469Mb L: 421/3991 MS: 1 EraseBytes-
#1770122	REDUCE cov: 2944 ft: 10830 corp: 1870/166Kb lim: 4096 exec/s: 1205 rss: 469Mb L: 4/3991 MS: 1 EraseBytes-
#1770543	REDUCE cov: 2944 ft: 10830 corp: 1870/166Kb lim: 4096 exec/s: 1206 rss: 469Mb L: 191/3991 MS: 1 EraseBytes-
#1771319	REDUCE cov: 2944 ft: 10830 corp: 1870/166Kb lim: 4096 exec/s: 1205 rss: 469Mb L: 36/3991 MS: 1 EraseBytes-
#1772985	REDUCE cov: 2944 ft: 10830 corp: 1870/166Kb lim: 4096 exec/s: 1206 rss: 469Mb L: 14/3991 MS: 1 EraseBytes-
#1773226	REDUCE cov: 2944 ft: 10830 corp: 1870/166Kb lim: 4096 exec/s: 1205 rss: 469Mb L: 20/3991 MS: 1 EraseBytes-
#1773257	REDUCE cov: 2944 ft: 10830 corp: 1870/166Kb lim: 4096 exec/s: 1205 rss: 469Mb L: 47/3991 MS: 1 EraseBytes-
#1773960	REDUCE cov: 2944 ft: 10830 corp: 1870/166Kb lim: 4096 exec/s: 1205 rss: 469Mb L: 2450/3991 MS: 3 ShuffleBytes-CMP-EraseBytes- DE: "\377\377U<\326k@\342"-
#1774691	REDUCE cov: 2944 ft: 10830 corp: 1870/166Kb lim: 4096 exec/s: 1205 rss: 469Mb L: 1506/3991 MS: 1 EraseBytes-
#1776097	REDUCE cov: 2944 ft: 10830 corp: 1870/166Kb lim: 4096 exec/s: 1205 rss: 469Mb L: 7/3991 MS: 1 EraseBytes-
#1776428	REDUCE cov: 2944 ft: 10830 corp: 1870/166Kb lim: 4096 exec/s: 1205 rss: 469Mb L: 37/3991 MS: 1 EraseBytes-
#1776669	REDUCE cov: 2944 ft: 10830 corp: 1870/166Kb lim: 4096 exec/s: 1206 rss: 469Mb L: 30/3991 MS: 1 EraseBytes-
#1777741	REDUCE cov: 2944 ft: 10830 corp: 1870/166Kb lim: 4096 exec/s: 1206 rss: 469Mb L: 152/3991 MS: 2 ChangeASCIIInt-EraseBytes-
#1777763	REDUCE cov: 2944 ft: 10830 corp: 1870/166Kb lim: 4096 exec/s: 1206 rss: 469Mb L: 10/3991 MS: 2 CMP-EraseBytes- DE: "\377\003"-
#1777792	REDUCE cov: 2944 ft: 10830 corp: 1870/166Kb lim: 4096 exec/s: 1206 rss: 469Mb L: 257/3991 MS: 4 CrossOver-ChangeBinInt-ManualDict-EraseBytes- DE: "AVG("-
#1777938	REDUCE cov: 2944 ft: 10830 corp: 1870/166Kb lim: 4096 exec/s: 1206 rss: 469Mb L: 324/3991 MS: 1 EraseBytes-
#1779634	REDUCE cov: 2944 ft: 10830 corp: 1870/166Kb lim: 4096 exec/s: 1205 rss: 469Mb L: 42/3991 MS: 1 EraseBytes-
#1781276	REDUCE cov: 2944 ft: 10830 corp: 1870/166Kb lim: 4096 exec/s: 1206 rss: 469Mb L: 125/3991 MS: 2 ShuffleBytes-EraseBytes-
#1782332	REDUCE cov: 2944 ft: 10830 corp: 1870/166Kb lim: 4096 exec/s: 1205 rss: 469Mb L: 19/3991 MS: 1 EraseBytes-
#1782623	REDUCE cov: 2944 ft: 10830 corp: 1870/166Kb lim: 4096 exec/s: 1206 rss: 469Mb L: 18/3991 MS: 1 EraseBytes-
#1783063	REDUCE cov: 2944 ft: 10830 corp: 1870/166Kb lim: 4096 exec/s: 1205 rss: 469Mb L: 130/3991 MS: 5 CopyPart-ChangeBinInt-InsertByte-EraseBytes-EraseBytes-
#1784244	REDUCE cov: 2944 ft: 10830 corp: 1870/166Kb lim: 4096 exec/s: 1205 rss: 469Mb L: 292/3991 MS: 1 EraseBytes-
#1785108	REDUCE cov: 2944 ft: 10830 corp: 1870/166Kb lim: 4096 exec/s: 1205 rss: 469Mb L: 58/3991 MS: 4 ChangeBit-ManualDict-ShuffleBytes-EraseBytes- DE: "AVG("-
#1785445	NEW    cov: 2944 ft: 10831 corp: 1871/166Kb lim: 4096 exec/s: 1205 rss: 469Mb L: 43/3991 MS: 2 CrossOver-ManualDict- DE: "a"-
#1785621	REDUCE cov: 2944 ft: 10831 corp: 1871/166Kb lim: 4096 exec/s: 1205 rss: 469Mb L: 14/3991 MS: 1 EraseBytes-
#1788199	NEW    cov: 2944 ft: 10832 corp: 1872/166Kb lim: 4096 exec/s: 1205 rss: 470Mb L: 74/3991 MS: 3 ChangeByte-ManualDict-CrossOver- DE: "seq"-
#1788340	REDUCE cov: 2944 ft: 10832 corp: 1872/166Kb lim: 4096 exec/s: 1205 rss: 470Mb L: 8/3991 MS: 1 EraseBytes-
#1789381	REDUCE cov: 2944 ft: 10832 corp: 1872/166Kb lim: 4096 exec/s: 1205 rss: 470Mb L: 28/3991 MS: 1 EraseBytes-
#1789892	REDUCE cov: 2944 ft: 10832 corp: 1872/166Kb lim: 4096 exec/s: 1206 rss: 470Mb L: 79/3991 MS: 1 EraseBytes-
#1790163	REDUCE cov: 2944 ft: 10832 corp: 1872/166Kb lim: 4096 exec/s: 1205 rss: 470Mb L: 8/3991 MS: 1 EraseBytes-
#1790846	REDUCE cov: 2944 ft: 10832 corp: 1872/166Kb lim: 4096 exec/s: 1205 rss: 470Mb L: 6/3991 MS: 3 ShuffleBytes-ChangeASCIIInt-EraseBytes-
#1790907	REDUCE cov: 2944 ft: 10832 corp: 1872/166Kb lim: 4096 exec/s: 1205 rss: 470Mb L: 13/3991 MS: 1 EraseBytes-
#1791263	REDUCE cov: 2944 ft: 10832 corp: 1872/166Kb lim: 4096 exec/s: 1206 rss: 470Mb L: 10/3991 MS: 1 EraseBytes-
#1791635	REDUCE cov: 2944 ft: 10832 corp: 1872/166Kb lim: 4096 exec/s: 1205 rss: 470Mb L: 10/3991 MS: 2 ShuffleBytes-EraseBytes-
#1792827	REDUCE cov: 2944 ft: 10832 corp: 1872/166Kb lim: 4096 exec/s: 1205 rss: 470Mb L: 30/3991 MS: 2 ChangeBit-EraseBytes-
#1792916	REDUCE cov: 2944 ft: 10832 corp: 1872/166Kb lim: 4096 exec/s: 1205 rss: 470Mb L: 16/3991 MS: 4 ChangeByte-PersAutoDict-ChangeByte-EraseBytes- DE: "\377\003"-
#1795367	REDUCE cov: 2944 ft: 10832 corp: 1872/166Kb lim: 4096 exec/s: 1205 rss: 470Mb L: 53/3991 MS: 1 EraseBytes-
#1795468	REDUCE cov: 2944 ft: 10832 corp: 1872/166Kb lim: 4096 exec/s: 1205 rss: 470Mb L: 15/3991 MS: 1 EraseBytes-
#1795564	REDUCE cov: 2944 ft: 10832 corp: 1872/166Kb lim: 4096 exec/s: 1205 rss: 470Mb L: 11/3991 MS: 1 EraseBytes-
#1795812	REDUCE cov: 2944 ft: 10832 corp: 1872/166Kb lim: 4096 exec/s: 1206 rss: 470Mb L: 31/3991 MS: 3 InsertByte-ChangeBit-EraseBytes-
#1796403	REDUCE cov: 2944 ft: 10832 corp: 1872/166Kb lim: 4096 exec/s: 1205 rss: 470Mb L: 14/3991 MS: 1 EraseBytes-
#1796615	REDUCE cov: 2944 ft: 10832 corp: 1872/166Kb lim: 4096 exec/s: 1205 rss: 470Mb L: 54/3991 MS: 2 ChangeBinInt-EraseBytes-
#1797841	REDUCE cov: 2944 ft: 10832 corp: 1872/166Kb lim: 4096 exec/s: 1205 rss: 470Mb L: 14/3991 MS: 1 EraseBytes-
#1798432	REDUCE cov: 2944 ft: 10832 corp: 1872/166Kb lim: 4096 exec/s: 1205 rss: 470Mb L: 66/3991 MS: 1 EraseBytes-
#1798458	REDUCE cov: 2944 ft: 10832 corp: 1872/166Kb lim: 4096 exec/s: 1205 rss: 470Mb L: 1571/3991 MS: 1 EraseBytes-
#1799065	NEW    cov: 2946 ft: 10837 corp: 1873/166Kb lim: 4096 exec/s: 1205 rss: 470Mb L: 64/3991 MS: 2 PersAutoDict-ChangeBinInt- DE: "HAVING"-
#1800718	REDUCE cov: 2946 ft: 10837 corp: 1873/166Kb lim: 4096 exec/s: 1206 rss: 470Mb L: 300/3991 MS: 3 ManualDict-InsertRepeatedBytes-EraseBytes- DE: "w"-
#1802145	REDUCE cov: 2946 ft: 10837 corp: 1873/166Kb lim: 4096 exec/s: 1205 rss: 470Mb L: 4/3991 MS: 2 ChangeBinInt-EraseBytes-
#1804985	NEW    cov: 2951 ft: 10843 corp: 1874/166Kb lim: 4096 exec/s: 1205 rss: 470Mb L: 47/3991 MS: 5 ShuffleBytes-PersAutoDict-ChangeBinInt-ShuffleBytes-EraseBytes- DE: "rG3\035c\177\000\000"-
#1806166	REDUCE cov: 2951 ft: 10843 corp: 1874/166Kb lim: 4096 exec/s: 1205 rss: 470Mb L: 72/3991 MS: 1 EraseBytes-
#1806504	REDUCE cov: 2951 ft: 10843 corp: 1874/166Kb lim: 4096 exec/s: 1205 rss: 470Mb L: 25/3991 MS: 3 ShuffleBytes-ChangeASCIIInt-EraseBytes-
#1806761	NEW    cov: 2953 ft: 10845 corp: 1875/166Kb lim: 4096 exec/s: 1206 rss: 470Mb L: 47/3991 MS: 2 ChangeASCIIInt-CMP- DE: "\026\000\000\000"-
#1807242	REDUCE cov: 2953 ft: 10845 corp: 1875/166Kb lim: 4096 exec/s: 1205 rss: 470Mb L: 13/3991 MS: 1 EraseBytes-
#1809308	REDUCE cov: 2953 ft: 10845 corp: 1875/166Kb lim: 4096 exec/s: 1205 rss: 470Mb L: 155/3991 MS: 1 EraseBytes-
#1810425	REDUCE cov: 2953 ft: 10845 corp: 1875/166Kb lim: 4096 exec/s: 1205 rss: 470Mb L: 47/3991 MS: 2 ChangeBinInt-EraseBytes-
#1811536	REDUCE cov: 2953 ft: 10845 corp: 1875/166Kb lim: 4096 exec/s: 1205 rss: 470Mb L: 36/3991 MS: 1 EraseBytes-
#1811798	REDUCE cov: 2953 ft: 10845 corp: 1875/166Kb lim: 4096 exec/s: 1205 rss: 470Mb L: 11/3991 MS: 2 CopyPart-EraseBytes-
#1812269	REDUCE cov: 2953 ft: 10845 corp: 1875/166Kb lim: 4096 exec/s: 1205 rss: 470Mb L: 15/3991 MS: 1 EraseBytes-
#1813019	NEW    cov: 2953 ft: 10847 corp: 1876/166Kb lim: 4096 exec/s: 1205 rss: 470Mb L: 394/3991 MS: 5 ShuffleBytes-InsertRepeatedBytes-CopyPart-ChangeASCIIInt-CopyPart-
#1814687	REDUCE cov: 2953 ft: 10847 corp: 1876/166Kb lim: 4096 exec/s: 1205 rss: 470Mb L: 575/3991 MS: 3 ShuffleBytes-ChangeASCIIInt-EraseBytes-
#1815148	REDUCE cov: 2953 ft: 10847 corp: 1876/166Kb lim: 4096 exec/s: 1205 rss: 470Mb L: 75/3991 MS: 1 EraseBytes-
#1815184	REDUCE cov: 2953 ft: 10847 corp: 1876/166Kb lim: 4096 exec/s: 1205 rss: 470Mb L: 65/3991 MS: 1 EraseBytes-
#1816520	REDUCE cov: 2953 ft: 10847 corp: 1876/166Kb lim: 4096 exec/s: 1205 rss: 470Mb L: 5/3991 MS: 1 EraseBytes-
#1817651	REDUCE cov: 2953 ft: 10847 corp: 1876/166Kb lim: 4096 exec/s: 1205 rss: 470Mb L: 83/3991 MS: 1 EraseBytes-
#1819140	REDUCE cov: 2953 ft: 10847 corp: 1876/166Kb lim: 4096 exec/s: 1205 rss: 472Mb L: 209/3991 MS: 4 ChangeASCIIInt-ChangeBinInt-ChangeASCIIInt-EraseBytes-
#1819177	REDUCE cov: 2953 ft: 10847 corp: 1876/166Kb lim: 4096 exec/s: 1205 rss: 472Mb L: 29/3991 MS: 2 CopyPart-EraseBytes-
#1819540	REDUCE cov: 2953 ft: 10847 corp: 1876/166Kb lim: 4096 exec/s: 1205 rss: 472Mb L: 214/3991 MS: 3 ChangeBit-ChangeASCIIInt-EraseBytes-
#1819613	REDUCE cov: 2953 ft: 10847 corp: 1876/166Kb lim: 4096 exec/s: 1205 rss: 472Mb L: 32/3991 MS: 3 EraseBytes-ChangeBit-CopyPart-
#1820109	REDUCE cov: 2953 ft: 10847 corp: 1876/166Kb lim: 4096 exec/s: 1205 rss: 472Mb L: 12/3991 MS: 1 EraseBytes-
#1822368	REDUCE cov: 2953 ft: 10847 corp: 1876/166Kb lim: 4096 exec/s: 1205 rss: 472Mb L: 354/3991 MS: 4 ChangeASCIIInt-PersAutoDict-CMP-EraseBytes- DE: "REAL"-"ASQLTREE"-
#1822809	NEW    cov: 2953 ft: 10848 corp: 1877/166Kb lim: 4096 exec/s: 1205 rss: 472Mb L: 51/3991 MS: 1 PersAutoDict- DE: "b\001o\326<V\000\000"-
#1823076	REDUCE cov: 2953 ft: 10848 corp: 1877/166Kb lim: 4096 exec/s: 1205 rss: 472Mb L: 29/3991 MS: 2 ChangeBinInt-EraseBytes-
#1824378	REDUCE cov: 2953 ft: 10848 corp: 1877/166Kb lim: 4096 exec/s: 1205 rss: 472Mb L: 848/3991 MS: 2 ChangeBit-EraseBytes-
#1824549	REDUCE cov: 2953 ft: 10848 corp: 1877/166Kb lim: 4096 exec/s: 1205 rss: 472Mb L: 124/3991 MS: 1 EraseBytes-
#1824795	REDUCE cov: 2953 ft: 10848 corp: 1877/166Kb lim: 4096 exec/s: 1205 rss: 472Mb L: 123/3991 MS: 1 EraseBytes-
#1824802	REDUCE cov: 2953 ft: 10848 corp: 1877/166Kb lim: 4096 exec/s: 1205 rss: 472Mb L: 63/3991 MS: 2 ChangeASCIIInt-EraseBytes-
#1827809	REDUCE cov: 2953 ft: 10848 corp: 1877/166Kb lim: 4096 exec/s: 1205 rss: 472Mb L: 35/3991 MS: 2 CopyPart-EraseBytes-
#1829305	REDUCE cov: 2953 ft: 10848 corp: 1877/166Kb lim: 4096 exec/s: 1205 rss: 472Mb L: 213/3991 MS: 1 EraseBytes-
#1830011	REDUCE cov: 2953 ft: 10848 corp: 1877/166Kb lim: 4096 exec/s: 1205 rss: 472Mb L: 40/3991 MS: 1 EraseBytes-
#1830343	REDUCE cov: 2953 ft: 10848 corp: 1877/166Kb lim: 4096 exec/s: 1205 rss: 472Mb L: 79/3991 MS: 2 ShuffleBytes-EraseBytes-
#1830480	REDUCE cov: 2953 ft: 10848 corp: 1877/166Kb lim: 4096 exec/s: 1205 rss: 472Mb L: 48/3991 MS: 2 ShuffleBytes-EraseBytes-
#1830766	REDUCE cov: 2953 ft: 10848 corp: 1877/166Kb lim: 4096 exec/s: 1206 rss: 472Mb L: 11/3991 MS: 1 EraseBytes-
#1830952	REDUCE cov: 2953 ft: 10848 corp: 1877/166Kb lim: 4096 exec/s: 1205 rss: 472Mb L: 84/3991 MS: 1 EraseBytes-
#1831128	REDUCE cov: 2953 ft: 10848 corp: 1877/166Kb lim: 4096 exec/s: 1205 rss: 472Mb L: 23/3991 MS: 1 EraseBytes-
#1831854	REDUCE cov: 2953 ft: 10848 corp: 1877/166Kb lim: 4096 exec/s: 1205 rss: 472Mb L: 146/3991 MS: 1 EraseBytes-
#1832835	REDUCE cov: 2953 ft: 10848 corp: 1877/166Kb lim: 4096 exec/s: 1205 rss: 472Mb L: 7/3991 MS: 1 EraseBytes-
#1835151	REDUCE cov: 2953 ft: 10848 corp: 1877/166Kb lim: 4096 exec/s: 1205 rss: 472Mb L: 10/3991 MS: 1 EraseBytes-
#1835481	REDUCE cov: 2953 ft: 10848 corp: 1877/166Kb lim: 4096 exec/s: 1205 rss: 472Mb L: 51/3991 MS: 5 ShuffleBytes-InsertByte-CopyPart-CrossOver-EraseBytes-
#1836871	NEW    cov: 2954 ft: 10849 corp: 1878/166Kb lim: 4096 exec/s: 1205 rss: 472Mb L: 51/3991 MS: 5 InsertByte-ShuffleBytes-ChangeASCIIInt-ChangeByte-CrossOver-
#1836883	REDUCE cov: 2954 ft: 10849 corp: 1878/166Kb lim: 4096 exec/s: 1205 rss: 472Mb L: 46/3991 MS: 2 EraseBytes-CopyPart-
#1838404	REDUCE cov: 2954 ft: 10850 corp: 1879/166Kb lim: 4096 exec/s: 1205 rss: 472Mb L: 55/3991 MS: 1 EraseBytes-
#1838715	REDUCE cov: 2954 ft: 10850 corp: 1879/166Kb lim: 4096 exec/s: 1205 rss: 472Mb L: 10/3991 MS: 1 EraseBytes-
#1838836	REDUCE cov: 2954 ft: 10850 corp: 1879/166Kb lim: 4096 exec/s: 1205 rss: 472Mb L: 27/3991 MS: 1 EraseBytes-
#1840148	REDUCE cov: 2954 ft: 10850 corp: 1879/166Kb lim: 4096 exec/s: 1205 rss: 472Mb L: 12/3991 MS: 2 ManualDict-EraseBytes- DE: "SELECT"-
#1841320	REDUCE cov: 2954 ft: 10850 corp: 1879/166Kb lim: 4096 exec/s: 1205 rss: 472Mb L: 92/3991 MS: 2 ShuffleBytes-EraseBytes-
#1841582	REDUCE cov: 2954 ft: 10850 corp: 1879/166Kb lim: 4096 exec/s: 1206 rss: 472Mb L: 59/3991 MS: 2 ManualDict-EraseBytes- DE: "ASC"-
#1842429	REDUCE cov: 2954 ft: 10850 corp: 1879/166Kb lim: 4096 exec/s: 1205 rss: 472Mb L: 31/3991 MS: 2 CMP-EraseBytes- DE: "\003\000\000\000"-
#1842761	REDUCE cov: 2954 ft: 10850 corp: 1879/166Kb lim: 4096 exec/s: 1205 rss: 472Mb L: 48/3991 MS: 2 ShuffleBytes-EraseBytes-
#1843352	REDUCE cov: 2954 ft: 10850 corp: 1879/166Kb lim: 4096 exec/s: 1205 rss: 472Mb L: 44/3991 MS: 1 EraseBytes-
#1844508	REDUCE cov: 2954 ft: 10850 corp: 1879/166Kb lim: 4096 exec/s: 1205 rss: 472Mb L: 17/3991 MS: 1 EraseBytes-
#1846434	NEW    cov: 2954 ft: 10851 corp: 1880/166Kb lim: 4096 exec/s: 1206 rss: 472Mb L: 37/3991 MS: 1 ChangeBinInt-
#1847505	REDUCE cov: 2954 ft: 10851 corp: 1880/166Kb lim: 4096 exec/s: 1205 rss: 472Mb L: 9/3991 MS: 1 EraseBytes-
#1848997	REDUCE cov: 2954 ft: 10851 corp: 1880/166Kb lim: 4096 exec/s: 1206 rss: 472Mb L: 13/3991 MS: 2 InsertByte-EraseBytes-
#1850240	REDUCE cov: 2954 ft: 10851 corp: 1880/166Kb lim: 4096 exec/s: 1206 rss: 472Mb L: 6/3991 MS: 3 ShuffleBytes-ShuffleBytes-EraseBytes-
#1851059	REDUCE cov: 2954 ft: 10851 corp: 1880/166Kb lim: 4096 exec/s: 1205 rss: 472Mb L: 372/3991 MS: 4 CrossOver-ShuffleBytes-ShuffleBytes-EraseBytes-
#1851247	REDUCE cov: 2954 ft: 10851 corp: 1880/166Kb lim: 4096 exec/s: 1206 rss: 472Mb L: 24/3991 MS: 3 ChangeByte-ShuffleBytes-EraseBytes-
#1852568	REDUCE cov: 2954 ft: 10851 corp: 1880/166Kb lim: 4096 exec/s: 1206 rss: 472Mb L: 4/3991 MS: 1 EraseBytes-
#1853078	REDUCE cov: 2954 ft: 10851 corp: 1880/166Kb lim: 4096 exec/s: 1205 rss: 472Mb L: 24/3991 MS: 5 ChangeBinInt-PersAutoDict-CopyPart-ChangeByte-EraseBytes- DE: "z"-
#1855639	REDUCE cov: 2954 ft: 10851 corp: 1880/166Kb lim: 4096 exec/s: 1205 rss: 472Mb L: 84/3991 MS: 1 EraseBytes-
#1856471	REDUCE cov: 2954 ft: 10851 corp: 1880/166Kb lim: 4096 exec/s: 1206 rss: 472Mb L: 14/3991 MS: 2 ChangeByte-EraseBytes-
#1856894	REDUCE cov: 2954 ft: 10851 corp: 1880/166Kb lim: 4096 exec/s: 1205 rss: 472Mb L: 28/3991 MS: 3 ShuffleBytes-ChangeASCIIInt-EraseBytes-
#1856998	REDUCE cov: 2954 ft: 10851 corp: 1880/166Kb lim: 4096 exec/s: 1205 rss: 472Mb L: 90/3991 MS: 4 CMP-ChangeASCIIInt-ManualDict-EraseBytes- DE: "\337@k\326<V\000\000"-"key"-
#1857101	REDUCE cov: 2954 ft: 10851 corp: 1880/166Kb lim: 4096 exec/s: 1205 rss: 472Mb L: 46/3991 MS: 3 CopyPart-InsertByte-EraseBytes-
#1857225	REDUCE cov: 2954 ft: 10851 corp: 1880/166Kb lim: 4096 exec/s: 1205 rss: 472Mb L: 19/3991 MS: 4 ChangeBinInt-PersAutoDict-PersAutoDict-EraseBytes- DE: "*"-"FLOAT"-
#1857666	REDUCE cov: 2954 ft: 10851 corp: 1880/166Kb lim: 4096 exec/s: 1206 rss: 472Mb L: 10/3991 MS: 1 EraseBytes-
#1857842	REDUCE cov: 2954 ft: 10851 corp: 1880/166Kb lim: 4096 exec/s: 1205 rss: 472Mb L: 8/3991 MS: 1 EraseBytes-
#1857853	REDUCE cov: 2954 ft: 10851 corp: 1880/166Kb lim: 4096 exec/s: 1205 rss: 472Mb L: 10/3991 MS: 1 EraseBytes-
#1858730	REDUCE cov: 2954 ft: 10851 corp: 1880/166Kb lim: 4096 exec/s: 1206 rss: 472Mb L: 2698/3991 MS: 2 ChangeBinInt-EraseBytes-
#1859820	REDUCE cov: 2954 ft: 10851 corp: 1880/166Kb lim: 4096 exec/s: 1206 rss: 472Mb L: 170/3991 MS: 5 ChangeBinInt-ChangeASCIIInt-ChangeASCIIInt-ShuffleBytes-EraseBytes-
#1860281	REDUCE cov: 2954 ft: 10851 corp: 1880/166Kb lim: 4096 exec/s: 1205 rss: 472Mb L: 32/3991 MS: 1 EraseBytes-
#1860847	REDUCE cov: 2954 ft: 10851 corp: 1880/166Kb lim: 4096 exec/s: 1205 rss: 472Mb L: 13/3991 MS: 1 EraseBytes-
#1861605	REDUCE cov: 2954 ft: 10851 corp: 1880/166Kb lim: 4096 exec/s: 1205 rss: 472Mb L: 3529/3991 MS: 3 CopyPart-CopyPart-EraseBytes-
#1863176	NEW    cov: 2954 ft: 10853 corp: 1881/166Kb lim: 4096 exec/s: 1205 rss: 472Mb L: 43/3991 MS: 1 ShuffleBytes-
#1863710	REDUCE cov: 2954 ft: 10853 corp: 1881/166Kb lim: 4096 exec/s: 1205 rss: 472Mb L: 541/3991 MS: 4 PersAutoDict-InsertByte-CopyPart-EraseBytes- DE: "BIGINT"-
#1864267	REDUCE cov: 2954 ft: 10853 corp: 1881/166Kb lim: 4096 exec/s: 1205 rss: 472Mb L: 8/3991 MS: 2 CrossOver-EraseBytes-
#1865113	REDUCE cov: 2954 ft: 10853 corp: 1881/166Kb lim: 4096 exec/s: 1205 rss: 472Mb L: 346/3991 MS: 1 EraseBytes-
#1867505	REDUCE cov: 2954 ft: 10853 corp: 1881/166Kb lim: 4096 exec/s: 1205 rss: 472Mb L: 24/3991 MS: 2 ChangeASCIIInt-EraseBytes-
#1867751	REDUCE cov: 2954 ft: 10853 corp: 1881/166Kb lim: 4096 exec/s: 1205 rss: 472Mb L: 4/3991 MS: 1 EraseBytes-
#1867782	REDUCE cov: 2954 ft: 10853 corp: 1881/166Kb lim: 4096 exec/s: 1205 rss: 472Mb L: 77/3991 MS: 1 EraseBytes-
#1867823	REDUCE cov: 2954 ft: 10853 corp: 1881/166Kb lim: 4096 exec/s: 1205 rss: 472Mb L: 1909/3991 MS: 1 EraseBytes-
#1868104	REDUCE cov: 2954 ft: 10853 corp: 1881/166Kb lim: 4096 exec/s: 1206 rss: 472Mb L: 14/3991 MS: 1 EraseBytes-
#1868575	REDUCE cov: 2954 ft: 10853 corp: 1881/166Kb lim: 4096 exec/s: 1205 rss: 472Mb L: 102/3991 MS: 1 EraseBytes-
#1869256	REDUCE cov: 2954 ft: 10853 corp: 1881/166Kb lim: 4096 exec/s: 1205 rss: 472Mb L: 48/3991 MS: 1 EraseBytes-
#1869483	REDUCE cov: 2954 ft: 10853 corp: 1881/166Kb lim: 4096 exec/s: 1206 rss: 472Mb L: 10/3991 MS: 2 CopyPart-EraseBytes-
#1870134	REDUCE cov: 2954 ft: 10853 corp: 1881/166Kb lim: 4096 exec/s: 1205 rss: 472Mb L: 7/3991 MS: 1 EraseBytes-
#1872441	REDUCE cov: 2954 ft: 10853 corp: 1881/166Kb lim: 4096 exec/s: 1205 rss: 472Mb L: 40/3991 MS: 2 ChangeByte-EraseBytes-
#1872488	REDUCE cov: 2954 ft: 10853 corp: 1881/166Kb lim: 4096 exec/s: 1205 rss: 472Mb L: 36/3991 MS: 2 ManualDict-EraseBytes- DE: "'"-
#1873129	REDUCE cov: 2954 ft: 10853 corp: 1881/166Kb lim: 4096 exec/s: 1206 rss: 472Mb L: 12/3991 MS: 1 EraseBytes-
#1873141	REDUCE cov: 2954 ft: 10853 corp: 1881/166Kb lim: 4096 exec/s: 1206 rss: 472Mb L: 30/3991 MS: 2 ManualDict-EraseBytes- DE: "OFFSET"-
#1874357	REDUCE cov: 2954 ft: 10854 corp: 1882/166Kb lim: 4096 exec/s: 1206 rss: 472Mb L: 7/3991 MS: 1 ChangeBit-
#1875722	REDUCE cov: 2954 ft: 10854 corp: 1882/166Kb lim: 4096 exec/s: 1206 rss: 472Mb L: 272/3991 MS: 5 CrossOver-PersAutoDict-PersAutoDict-InsertByte-EraseBytes- DE: "\377\377\377\000"-"\005\001i\035c\177\000\000"-
#1877277	REDUCE cov: 2954 ft: 10855 corp: 1883/166Kb lim: 4096 exec/s: 1205 rss: 472Mb L: 106/3991 MS: 5 CrossOver-CopyPart-InsertByte-ChangeBit-CrossOver-
#1877393	NEW    cov: 2957 ft: 10861 corp: 1884/166Kb lim: 4096 exec/s: 1205 rss: 472Mb L: 88/3991 MS: 1 CrossOver-
#1877661	REDUCE cov: 2957 ft: 10861 corp: 1884/166Kb lim: 4096 exec/s: 1205 rss: 472Mb L: 15/3991 MS: 3 ShuffleBytes-ChangeByte-EraseBytes-
#1877918	REDUCE cov: 2957 ft: 10861 corp: 1884/166Kb lim: 4096 exec/s: 1206 rss: 472Mb L: 54/3991 MS: 2 ManualDict-EraseBytes- DE: "t1"-
#1879474	REDUCE cov: 2957 ft: 10861 corp: 1884/166Kb lim: 4096 exec/s: 1205 rss: 472Mb L: 21/3991 MS: 1 EraseBytes-
#1879542	REDUCE cov: 2957 ft: 10861 corp: 1884/166Kb lim: 4096 exec/s: 1205 rss: 472Mb L: 102/3991 MS: 3 ChangeBit-InsertRepeatedBytes-EraseBytes-
#1880123	NEW    cov: 2957 ft: 10862 corp: 1885/166Kb lim: 4096 exec/s: 1205 rss: 472Mb L: 37/3991 MS: 1 ManualDict- DE: "''"-
#1881099	REDUCE cov: 2957 ft: 10862 corp: 1885/166Kb lim: 4096 exec/s: 1205 rss: 472Mb L: 104/3991 MS: 1 EraseBytes-
#1881142	REDUCE cov: 2957 ft: 10862 corp: 1885/166Kb lim: 4096 exec/s: 1205 rss: 472Mb L: 73/3991 MS: 3 ChangeBit-ChangeASCIIInt-EraseBytes-
#1882529	REDUCE cov: 2957 ft: 10866 corp: 1886/166Kb lim: 4096 exec/s: 1205 rss: 472Mb L: 58/3991 MS: 2 PersAutoDict-ManualDict- DE: "\001\000\000\000\000\000\000\000"-"BIGINT"-
#1883221	REDUCE cov: 2957 ft: 10866 corp: 1886/166Kb lim: 4096 exec/s: 1205 rss: 472Mb L: 56/3991 MS: 2 CMP-EraseBytes- DE: "\001\000\035\000R\000\222\000"-
#1883827	REDUCE cov: 2957 ft: 10866 corp: 1886/166Kb lim: 4096 exec/s: 1206 rss: 472Mb L: 23/3991 MS: 1 EraseBytes-
#1883983	REDUCE cov: 2957 ft: 10866 corp: 1886/166Kb lim: 4096 exec/s: 1206 rss: 472Mb L: 2044/3991 MS: 1 EraseBytes-
#1885994	NEW    cov: 2958 ft: 10867 corp: 1887/166Kb lim: 4096 exec/s: 1205 rss: 472Mb L: 48/3991 MS: 1 InsertByte-
#1886011	NEW    cov: 2958 ft: 10868 corp: 1888/166Kb lim: 4096 exec/s: 1205 rss: 472Mb L: 118/3991 MS: 2 CMP-ManualDict- DE: "\377\377\377\377\377\377\377O"-"MAX("-
#1888864	REDUCE cov: 2958 ft: 10868 corp: 1888/166Kb lim: 4096 exec/s: 1205 rss: 472Mb L: 450/3991 MS: 3 InsertByte-ShuffleBytes-EraseBytes-
#1889896	REDUCE cov: 2958 ft: 10868 corp: 1888/166Kb lim: 4096 exec/s: 1205 rss: 472Mb L: 26/3991 MS: 2 ChangeASCIIInt-EraseBytes-
#1891437	REDUCE cov: 2958 ft: 10868 corp: 1888/166Kb lim: 4096 exec/s: 1205 rss: 472Mb L: 13/3991 MS: 1 EraseBytes-
#1893243	NEW    cov: 2958 ft: 10869 corp: 1889/166Kb lim: 4096 exec/s: 1205 rss: 472Mb L: 23/3991 MS: 1 ChangeASCIIInt-
#1894605	REDUCE cov: 2958 ft: 10869 corp: 1889/166Kb lim: 4096 exec/s: 1205 rss: 472Mb L: 14/3991 MS: 2 ChangeByte-EraseBytes-
#1897238	REDUCE cov: 2958 ft: 10869 corp: 1889/166Kb lim: 4096 exec/s: 1205 rss: 472Mb L: 15/3991 MS: 3 CrossOver-ManualDict-EraseBytes- DE: "v"-
#1897470	REDUCE cov: 2958 ft: 10869 corp: 1889/166Kb lim: 4096 exec/s: 1205 rss: 472Mb L: 12/3991 MS: 2 ChangeByte-EraseBytes-
#1897786	REDUCE cov: 2958 ft: 10869 corp: 1889/166Kb lim: 4096 exec/s: 1205 rss: 472Mb L: 59/3991 MS: 1 EraseBytes-
#1898164	REDUCE cov: 2958 ft: 10869 corp: 1889/166Kb lim: 4096 exec/s: 1205 rss: 472Mb L: 330/3991 MS: 3 ChangeByte-PersAutoDict-EraseBytes- DE: "AVG("-
#1899982	REDUCE cov: 2958 ft: 10869 corp: 1889/166Kb lim: 4096 exec/s: 1205 rss: 472Mb L: 78/3991 MS: 3 InsertByte-ManualDict-EraseBytes- DE: "''"-
#1900469	REDUCE cov: 2958 ft: 10869 corp: 1889/166Kb lim: 4096 exec/s: 1205 rss: 472Mb L: 10/3991 MS: 2 ManualDict-EraseBytes- DE: "k"-
#1900690	REDUCE cov: 2958 ft: 10869 corp: 1889/166Kb lim: 4096 exec/s: 1205 rss: 472Mb L: 81/3991 MS: 1 EraseBytes-
#1901843	REDUCE cov: 2958 ft: 10869 corp: 1889/166Kb lim: 4096 exec/s: 1205 rss: 472Mb L: 54/3991 MS: 3 ShuffleBytes-ChangeASCIIInt-EraseBytes-
#1901909	REDUCE cov: 2958 ft: 10869 corp: 1889/166Kb lim: 4096 exec/s: 1205 rss: 472Mb L: 63/3991 MS: 1 EraseBytes-
#1903065	REDUCE cov: 2958 ft: 10869 corp: 1889/166Kb lim: 4096 exec/s: 1205 rss: 472Mb L: 24/3991 MS: 1 EraseBytes-
#1903626	REDUCE cov: 2958 ft: 10869 corp: 1889/166Kb lim: 4096 exec/s: 1205 rss: 472Mb L: 33/3991 MS: 1 EraseBytes-
#1904678	REDUCE cov: 2958 ft: 10869 corp: 1889/166Kb lim: 4096 exec/s: 1205 rss: 472Mb L: 145/3991 MS: 2 CopyPart-EraseBytes-
#1908095	REDUCE cov: 2958 ft: 10869 corp: 1889/166Kb lim: 4096 exec/s: 1205 rss: 472Mb L: 17/3991 MS: 2 ChangeBit-EraseBytes-
#1911256	REDUCE cov: 2958 ft: 10869 corp: 1889/166Kb lim: 4096 exec/s: 1205 rss: 472Mb L: 23/3991 MS: 1 EraseBytes-
#1911547	REDUCE cov: 2958 ft: 10869 corp: 1889/166Kb lim: 4096 exec/s: 1205 rss: 472Mb L: 16/3991 MS: 1 EraseBytes-
#1913340	REDUCE cov: 2958 ft: 10869 corp: 1889/166Kb lim: 4096 exec/s: 1205 rss: 472Mb L: 16/3991 MS: 3 ChangeASCIIInt-EraseBytes-InsertByte-
#1913801	REDUCE cov: 2958 ft: 10869 corp: 1889/166Kb lim: 4096 exec/s: 1205 rss: 472Mb L: 23/3991 MS: 1 EraseBytes-
#1913822	REDUCE cov: 2958 ft: 10869 corp: 1889/166Kb lim: 4096 exec/s: 1205 rss: 472Mb L: 7/3991 MS: 1 EraseBytes-
#1914242	REDUCE cov: 2958 ft: 10869 corp: 1889/166Kb lim: 4096 exec/s: 1205 rss: 472Mb L: 268/3991 MS: 5 ShuffleBytes-EraseBytes-ManualDict-InsertByte-PersAutoDict- DE: "ORDER"-"\277\326q\326<V\000\000"-
#1914300	REDUCE cov: 2958 ft: 10870 corp: 1890/167Kb lim: 4096 exec/s: 1205 rss: 472Mb L: 1467/3991 MS: 3 PersAutoDict-ChangeBit-CopyPart- DE: "IS"-
#1914976	REDUCE cov: 2958 ft: 10870 corp: 1890/167Kb lim: 4096 exec/s: 1205 rss: 472Mb L: 9/3991 MS: 1 EraseBytes-
#1916041	REDUCE cov: 2958 ft: 10870 corp: 1890/167Kb lim: 4096 exec/s: 1205 rss: 472Mb L: 46/3991 MS: 5 CrossOver-CMP-ChangeBinInt-InsertByte-EraseBytes- DE: "\001\000\000\000\001\000\000\000\000\000\000\000\000\000\370?\001a"-
#1916989	REDUCE cov: 2958 ft: 10870 corp: 1890/167Kb lim: 4096 exec/s: 1205 rss: 472Mb L: 55/3991 MS: 3 InsertByte-ChangeBit-EraseBytes-
#1917565	REDUCE cov: 2958 ft: 10871 corp: 1891/167Kb lim: 4096 exec/s: 1205 rss: 472Mb L: 69/3991 MS: 1 CopyPart-
#1919231	REDUCE cov: 2958 ft: 10871 corp: 1891/167Kb lim: 4096 exec/s: 1205 rss: 472Mb L: 25/3991 MS: 1 EraseBytes-
#1919263	REDUCE cov: 2958 ft: 10871 corp: 1891/167Kb lim: 4096 exec/s: 1205 rss: 472Mb L: 2322/3991 MS: 2 ChangeASCIIInt-EraseBytes-
#1919531	REDUCE cov: 2958 ft: 10871 corp: 1891/167Kb lim: 4096 exec/s: 1205 rss: 472Mb L: 126/3991 MS: 3 ChangeBinInt-ManualDict-EraseBytes- DE: "IN"-
#1922527	REDUCE cov: 2958 ft: 10871 corp: 1891/167Kb lim: 4096 exec/s: 1205 rss: 472Mb L: 3519/3991 MS: 1 EraseBytes-
#1922579	REDUCE cov: 2958 ft: 10872 corp: 1892/167Kb lim: 4096 exec/s: 1205 rss: 472Mb L: 34/3991 MS: 2 PersAutoDict-CrossOver- DE: "ABS("-
#1923020	REDUCE cov: 2958 ft: 10872 corp: 1892/167Kb lim: 4096 exec/s: 1205 rss: 472Mb L: 31/3991 MS: 1 EraseBytes-
#1925032	REDUCE cov: 2958 ft: 10872 corp: 1892/167Kb lim: 4096 exec/s: 1205 rss: 472Mb L: 33/3991 MS: 2 CopyPart-EraseBytes-
#1925219	REDUCE cov: 2958 ft: 10872 corp: 1892/167Kb lim: 4096 exec/s: 1205 rss: 472Mb L: 61/3991 MS: 2 ChangeASCIIInt-EraseBytes-
#1925615	REDUCE cov: 2958 ft: 10872 corp: 1892/167Kb lim: 4096 exec/s: 1205 rss: 472Mb L: 34/3991 MS: 1 EraseBytes-
#1926291	NEW    cov: 2958 ft: 10873 corp: 1893/167Kb lim: 4096 exec/s: 1205 rss: 472Mb L: 91/3991 MS: 1 CopyPart-
#1928927	REDUCE cov: 2958 ft: 10873 corp: 1893/167Kb lim: 4096 exec/s: 1205 rss: 472Mb L: 47/3991 MS: 1 EraseBytes-
#1929845	NEW    cov: 2958 ft: 10876 corp: 1894/167Kb lim: 4096 exec/s: 1205 rss: 472Mb L: 142/3991 MS: 3 CopyPart-CrossOver-CopyPart-
#1930272	REDUCE cov: 2958 ft: 10876 corp: 1894/167Kb lim: 4096 exec/s: 1205 rss: 472Mb L: 223/3991 MS: 2 ChangeASCIIInt-EraseBytes-
#1931378	REDUCE cov: 2958 ft: 10876 corp: 1894/167Kb lim: 4096 exec/s: 1205 rss: 472Mb L: 62/3991 MS: 1 EraseBytes-
#1933420	REDUCE cov: 2958 ft: 10876 corp: 1894/167Kb lim: 4096 exec/s: 1205 rss: 472Mb L: 24/3991 MS: 2 ChangeByte-EraseBytes-
#1933601	REDUCE cov: 2958 ft: 10876 corp: 1894/167Kb lim: 4096 exec/s: 1205 rss: 472Mb L: 85/3991 MS: 1 EraseBytes-
#1934138	REDUCE cov: 2958 ft: 10876 corp: 1894/167Kb lim: 4096 exec/s: 1205 rss: 472Mb L: 9/3991 MS: 2 ChangeByte-EraseBytes-
#1934977	REDUCE cov: 2958 ft: 10876 corp: 1894/167Kb lim: 4096 exec/s: 1205 rss: 472Mb L: 70/3991 MS: 4 ChangeASCIIInt-PersAutoDict-EraseBytes-CMP- DE: "y"-"\000\000V<\326k@\351"-
#1936503	REDUCE cov: 2958 ft: 10876 corp: 1894/167Kb lim: 4096 exec/s: 1205 rss: 473Mb L: 1785/3991 MS: 1 EraseBytes-
#1936659	REDUCE cov: 2958 ft: 10876 corp: 1894/167Kb lim: 4096 exec/s: 1205 rss: 473Mb L: 22/3991 MS: 1 EraseBytes-
#1937555	REDUCE cov: 2958 ft: 10876 corp: 1894/167Kb lim: 4096 exec/s: 1205 rss: 473Mb L: 493/3991 MS: 1 EraseBytes-
#1937742	REDUCE cov: 2958 ft: 10876 corp: 1894/167Kb lim: 4096 exec/s: 1205 rss: 473Mb L: 43/3991 MS: 2 InsertByte-EraseBytes-
#1938093	REDUCE cov: 2958 ft: 10876 corp: 1894/167Kb lim: 4096 exec/s: 1205 rss: 473Mb L: 69/3991 MS: 1 EraseBytes-
#1939344	REDUCE cov: 2958 ft: 10876 corp: 1894/167Kb lim: 4096 exec/s: 1205 rss: 473Mb L: 31/3991 MS: 1 EraseBytes-
#1939390	REDUCE cov: 2958 ft: 10876 corp: 1894/167Kb lim: 4096 exec/s: 1205 rss: 473Mb L: 84/3991 MS: 1 EraseBytes-
#1939531	REDUCE cov: 2958 ft: 10876 corp: 1894/167Kb lim: 4096 exec/s: 1205 rss: 473Mb L: 5/3991 MS: 1 EraseBytes-
#1939632	REDUCE cov: 2958 ft: 10876 corp: 1894/167Kb lim: 4096 exec/s: 1205 rss: 473Mb L: 45/3991 MS: 1 EraseBytes-
#1940979	REDUCE cov: 2964 ft: 10898 corp: 1895/167Kb lim: 4096 exec/s: 1205 rss: 473Mb L: 57/3991 MS: 2 ManualDict-InsertRepeatedBytes- DE: "MAX("-
#1940990	REDUCE cov: 2964 ft: 10898 corp: 1895/167Kb lim: 4096 exec/s: 1205 rss: 473Mb L: 15/3991 MS: 1 EraseBytes-
#1940991	REDUCE cov: 2964 ft: 10898 corp: 1895/167Kb lim: 4096 exec/s: 1205 rss: 473Mb L: 73/3991 MS: 1 EraseBytes-
#1941893	REDUCE cov: 2964 ft: 10898 corp: 1895/167Kb lim: 4096 exec/s: 1205 rss: 473Mb L: 218/3991 MS: 2 ChangeBit-EraseBytes-
#1942079	REDUCE cov: 2964 ft: 10899 corp: 1896/167Kb lim: 4096 exec/s: 1205 rss: 473Mb L: 14/3991 MS: 1 ChangeBinInt-
#1942705	NEW    cov: 2965 ft: 10900 corp: 1897/167Kb lim: 4096 exec/s: 1205 rss: 473Mb L: 76/3991 MS: 1 ChangeBinInt-
#1943386	REDUCE cov: 2965 ft: 10900 corp: 1897/167Kb lim: 4096 exec/s: 1205 rss: 473Mb L: 63/3991 MS: 1 EraseBytes-
#1943592	REDUCE cov: 2965 ft: 10900 corp: 1897/167Kb lim: 4096 exec/s: 1204 rss: 473Mb L: 25/3991 MS: 1 EraseBytes-
#1943958	REDUCE cov: 2965 ft: 10900 corp: 1897/167Kb lim: 4096 exec/s: 1205 rss: 473Mb L: 54/3991 MS: 1 EraseBytes-
#1944075	REDUCE cov: 2965 ft: 10900 corp: 1897/167Kb lim: 4096 exec/s: 1205 rss: 473Mb L: 7/3991 MS: 2 CopyPart-EraseBytes-
#1945201	REDUCE cov: 2965 ft: 10900 corp: 1897/167Kb lim: 4096 exec/s: 1205 rss: 473Mb L: 29/3991 MS: 1 EraseBytes-
#1945583	REDUCE cov: 2965 ft: 10900 corp: 1897/167Kb lim: 4096 exec/s: 1205 rss: 473Mb L: 76/3991 MS: 2 ChangeBit-EraseBytes-
#1946016	NEW    cov: 2965 ft: 10901 corp: 1898/168Kb lim: 4096 exec/s: 1204 rss: 473Mb L: 332/3991 MS: 3 InsertByte-InsertByte-CopyPart-
#1946512	NEW    cov: 2965 ft: 10903 corp: 1899/168Kb lim: 4096 exec/s: 1205 rss: 473Mb L: 64/3991 MS: 1 EraseBytes-
#1946828	REDUCE cov: 2965 ft: 10903 corp: 1899/168Kb lim: 4096 exec/s: 1205 rss: 473Mb L: 99/3991 MS: 1 EraseBytes-
#1948749	REDUCE cov: 2965 ft: 10903 corp: 1899/168Kb lim: 4096 exec/s: 1205 rss: 473Mb L: 121/3991 MS: 1 EraseBytes-
#1949765	REDUCE cov: 2965 ft: 10903 corp: 1899/168Kb lim: 4096 exec/s: 1205 rss: 473Mb L: 20/3991 MS: 1 EraseBytes-
#1950861	REDUCE cov: 2965 ft: 10903 corp: 1899/168Kb lim: 4096 exec/s: 1204 rss: 473Mb L: 7/3991 MS: 1 EraseBytes-
#1951003	REDUCE cov: 2965 ft: 10903 corp: 1899/168Kb lim: 4096 exec/s: 1205 rss: 473Mb L: 43/3991 MS: 2 ChangeBit-EraseBytes-
#1952369	REDUCE cov: 2965 ft: 10903 corp: 1899/167Kb lim: 4096 exec/s: 1205 rss: 473Mb L: 398/3991 MS: 1 EraseBytes-
#1954191	NEW    cov: 2965 ft: 10904 corp: 1900/171Kb lim: 4096 exec/s: 1204 rss: 473Mb L: 3783/3991 MS: 2 CopyPart-CopyPart-
#1954492	REDUCE cov: 2965 ft: 10904 corp: 1900/171Kb lim: 4096 exec/s: 1204 rss: 473Mb L: 4/3991 MS: 1 EraseBytes-
#1954678	REDUCE cov: 2965 ft: 10904 corp: 1900/171Kb lim: 4096 exec/s: 1205 rss: 473Mb L: 24/3991 MS: 1 EraseBytes-
#1955220	REDUCE cov: 2965 ft: 10904 corp: 1900/171Kb lim: 4096 exec/s: 1205 rss: 473Mb L: 37/3991 MS: 2 InsertByte-EraseBytes-
#1956241	REDUCE cov: 2965 ft: 10904 corp: 1900/171Kb lim: 4096 exec/s: 1205 rss: 473Mb L: 78/3991 MS: 1 EraseBytes-
#1957147	REDUCE cov: 2965 ft: 10904 corp: 1900/171Kb lim: 4096 exec/s: 1205 rss: 473Mb L: 17/3991 MS: 1 EraseBytes-
#1959528	NEW    cov: 2965 ft: 10907 corp: 1901/171Kb lim: 4096 exec/s: 1205 rss: 473Mb L: 83/3991 MS: 1 CopyPart-
#1959629	REDUCE cov: 2965 ft: 10907 corp: 1901/171Kb lim: 4096 exec/s: 1205 rss: 473Mb L: 66/3991 MS: 1 EraseBytes-
#1959960	REDUCE cov: 2965 ft: 10907 corp: 1901/171Kb lim: 4096 exec/s: 1205 rss: 473Mb L: 194/3991 MS: 1 EraseBytes-
#1961432	REDUCE cov: 2965 ft: 10907 corp: 1901/171Kb lim: 4096 exec/s: 1204 rss: 473Mb L: 23/3991 MS: 2 InsertByte-EraseBytes-
#1964930	REDUCE cov: 2965 ft: 10907 corp: 1901/171Kb lim: 4096 exec/s: 1205 rss: 473Mb L: 36/3991 MS: 3 ChangeByte-EraseBytes-InsertByte-
#1965117	REDUCE cov: 2965 ft: 10907 corp: 1901/171Kb lim: 4096 exec/s: 1204 rss: 473Mb L: 59/3991 MS: 2 ManualDict-EraseBytes- DE: "t1"-
#1966744	REDUCE cov: 2965 ft: 10907 corp: 1901/171Kb lim: 4096 exec/s: 1205 rss: 473Mb L: 88/3991 MS: 2 CMP-EraseBytes- DE: "\377\377\377\007"-
#1966940	NEW    cov: 2965 ft: 10909 corp: 1902/171Kb lim: 4096 exec/s: 1205 rss: 473Mb L: 55/3991 MS: 1 EraseBytes-
#1968556	NEW    cov: 2965 ft: 10910 corp: 1903/171Kb lim: 4096 exec/s: 1205 rss: 473Mb L: 27/3991 MS: 1 ChangeByte-
#1968978	REDUCE cov: 2965 ft: 10910 corp: 1903/171Kb lim: 4096 exec/s: 1205 rss: 473Mb L: 52/3991 MS: 2 CopyPart-EraseBytes-
#1971190	REDUCE cov: 2965 ft: 10910 corp: 1903/171Kb lim: 4096 exec/s: 1204 rss: 473Mb L: 11/3991 MS: 2 CrossOver-EraseBytes-
#1971841	REDUCE cov: 2965 ft: 10910 corp: 1903/171Kb lim: 4096 exec/s: 1205 rss: 473Mb L: 12/3991 MS: 1 EraseBytes-
#1971997	REDUCE cov: 2965 ft: 10910 corp: 1903/171Kb lim: 4096 exec/s: 1205 rss: 473Mb L: 141/3991 MS: 1 EraseBytes-
#1972681	REDUCE cov: 2965 ft: 10910 corp: 1903/171Kb lim: 4096 exec/s: 1205 rss: 473Mb L: 82/3991 MS: 4 ChangeASCIIInt-PersAutoDict-EraseBytes-InsertByte- DE: "\002\000\000\000"-
#1973042	REDUCE cov: 2965 ft: 10910 corp: 1903/171Kb lim: 4096 exec/s: 1205 rss: 473Mb L: 65/3991 MS: 1 EraseBytes-
#1975538	REDUCE cov: 2965 ft: 10910 corp: 1903/171Kb lim: 4096 exec/s: 1205 rss: 473Mb L: 10/3991 MS: 1 EraseBytes-
#1976026	REDUCE cov: 2965 ft: 10910 corp: 1903/171Kb lim: 4096 exec/s: 1204 rss: 473Mb L: 79/3991 MS: 3 ShuffleBytes-CopyPart-EraseBytes-
#1977181	REDUCE cov: 2965 ft: 10910 corp: 1903/171Kb lim: 4096 exec/s: 1204 rss: 473Mb L: 348/3991 MS: 5 ChangeBit-CMP-PersAutoDict-PersAutoDict-CrossOver- DE: "\026\000\000\000"-"\001\000\000\000"-"\002\376\377\377"-
#1978842	REDUCE cov: 2965 ft: 10910 corp: 1903/171Kb lim: 4096 exec/s: 1205 rss: 473Mb L: 74/3991 MS: 1 EraseBytes-
#1979412	REDUCE cov: 2965 ft: 10911 corp: 1904/171Kb lim: 4096 exec/s: 1205 rss: 473Mb L: 107/3991 MS: 5 ChangeBinInt-ChangeBit-CopyPart-CrossOver-CrossOver-
#1979763	REDUCE cov: 2965 ft: 10911 corp: 1904/171Kb lim: 4096 exec/s: 1204 rss: 473Mb L: 4/3991 MS: 1 EraseBytes-
#1980734	REDUCE cov: 2965 ft: 10911 corp: 1904/171Kb lim: 4096 exec/s: 1205 rss: 473Mb L: 74/3991 MS: 1 EraseBytes-
#1982965	REDUCE cov: 2965 ft: 10911 corp: 1904/171Kb lim: 4096 exec/s: 1205 rss: 473Mb L: 6/3991 MS: 1 EraseBytes-
#1983336	REDUCE cov: 2965 ft: 10911 corp: 1904/171Kb lim: 4096 exec/s: 1204 rss: 473Mb L: 10/3991 MS: 1 EraseBytes-
#1983552	REDUCE cov: 2965 ft: 10911 corp: 1904/171Kb lim: 4096 exec/s: 1205 rss: 473Mb L: 50/3991 MS: 1 EraseBytes-
#1983858	REDUCE cov: 2965 ft: 10912 corp: 1905/171Kb lim: 4096 exec/s: 1205 rss: 473Mb L: 154/3991 MS: 1 CopyPart-
#1984204	REDUCE cov: 2965 ft: 10912 corp: 1905/171Kb lim: 4096 exec/s: 1205 rss: 473Mb L: 35/3991 MS: 1 EraseBytes-
#1985032	REDUCE cov: 2965 ft: 10912 corp: 1905/171Kb lim: 4096 exec/s: 1205 rss: 473Mb L: 53/3991 MS: 3 ChangeByte-ChangeASCIIInt-EraseBytes-
#1986683	NEW    cov: 2965 ft: 10913 corp: 1906/171Kb lim: 4096 exec/s: 1205 rss: 473Mb L: 61/3991 MS: 1 EraseBytes-
#1987879	REDUCE cov: 2965 ft: 10913 corp: 1906/171Kb lim: 4096 exec/s: 1205 rss: 473Mb L: 337/3991 MS: 1 EraseBytes-
#1988060	REDUCE cov: 2965 ft: 10913 corp: 1906/171Kb lim: 4096 exec/s: 1205 rss: 473Mb L: 22/3991 MS: 1 EraseBytes-
#1989926	REDUCE cov: 2965 ft: 10913 corp: 1906/171Kb lim: 4096 exec/s: 1205 rss: 473Mb L: 215/3991 MS: 1 EraseBytes-
#1992023	REDUCE cov: 2965 ft: 10913 corp: 1906/171Kb lim: 4096 exec/s: 1205 rss: 473Mb L: 200/3991 MS: 2 ChangeBinInt-EraseBytes-
#1993579	REDUCE cov: 2965 ft: 10913 corp: 1906/171Kb lim: 4096 exec/s: 1205 rss: 473Mb L: 109/3991 MS: 1 EraseBytes-
#1995635	REDUCE cov: 2965 ft: 10913 corp: 1906/171Kb lim: 4096 exec/s: 1205 rss: 473Mb L: 30/3991 MS: 1 EraseBytes-
#1997251	REDUCE cov: 2965 ft: 10913 corp: 1906/171Kb lim: 4096 exec/s: 1205 rss: 473Mb L: 29/3991 MS: 1 EraseBytes-
#1997457	REDUCE cov: 2965 ft: 10913 corp: 1906/171Kb lim: 4096 exec/s: 1205 rss: 473Mb L: 13/3991 MS: 1 EraseBytes-
#1999049	REDUCE cov: 2965 ft: 10913 corp: 1906/171Kb lim: 4096 exec/s: 1205 rss: 473Mb L: 62/3991 MS: 2 ShuffleBytes-EraseBytes-
#2000050	REDUCE cov: 2965 ft: 10916 corp: 1907/172Kb lim: 4096 exec/s: 1205 rss: 473Mb L: 71/3991 MS: 1 PersAutoDict- DE: "NOT"-
#2000177	REDUCE cov: 2965 ft: 10916 corp: 1907/171Kb lim: 4096 exec/s: 1205 rss: 473Mb L: 165/3991 MS: 2 CopyPart-EraseBytes-
#2002853	REDUCE cov: 2965 ft: 10916 corp: 1907/171Kb lim: 4096 exec/s: 1205 rss: 473Mb L: 25/3991 MS: 1 EraseBytes-
#2003949	REDUCE cov: 2965 ft: 10916 corp: 1907/171Kb lim: 4096 exec/s: 1205 rss: 473Mb L: 10/3991 MS: 1 EraseBytes-
#2005674	REDUCE cov: 2965 ft: 10916 corp: 1907/171Kb lim: 4096 exec/s: 1205 rss: 473Mb L: 178/3991 MS: 5 PersAutoDict-InsertByte-ChangeASCIIInt-ChangeByte-EraseBytes- DE: "\002\376\0335"-
#2009070	REDUCE cov: 2965 ft: 10916 corp: 1907/171Kb lim: 4096 exec/s: 1205 rss: 473Mb L: 70/3991 MS: 1 EraseBytes-
#2010961	NEW    cov: 2965 ft: 10918 corp: 1908/172Kb lim: 4096 exec/s: 1205 rss: 473Mb L: 332/3991 MS: 1 PersAutoDict- DE: "@\213\020\000\001"-
#2011332	NEW    cov: 2965 ft: 10919 corp: 1909/172Kb lim: 4096 exec/s: 1205 rss: 473Mb L: 57/3991 MS: 1 CMP- DE: "\002\000\000\000\001\000\000\000\000\000\000\000\000\000\000\000\000"-
#2011529	REDUCE cov: 2965 ft: 10919 corp: 1909/172Kb lim: 4096 exec/s: 1205 rss: 473Mb L: 43/3991 MS: 2 ShuffleBytes-EraseBytes-
#2012109	REDUCE cov: 2965 ft: 10919 corp: 1909/172Kb lim: 4096 exec/s: 1205 rss: 473Mb L: 1455/3991 MS: 5 ChangeASCIIInt-ChangeByte-PersAutoDict-ManualDict-EraseBytes- DE: "t3"-"INT"-
#2012536	NEW    cov: 2965 ft: 10920 corp: 1910/172Kb lim: 4096 exec/s: 1205 rss: 473Mb L: 57/3991 MS: 2 ShuffleBytes-PersAutoDict- DE: "REAL"-
#2012618	REDUCE cov: 2965 ft: 10920 corp: 1910/172Kb lim: 4096 exec/s: 1205 rss: 473Mb L: 36/3991 MS: 2 InsertByte-EraseBytes-
#2012773	REDUCE cov: 2965 ft: 10920 corp: 1910/172Kb lim: 4096 exec/s: 1205 rss: 473Mb L: 118/3991 MS: 5 ChangeBit-PersAutoDict-ShuffleBytes-ManualDict-EraseBytes- DE: "\001\000\000\000\001\000\000\000\000\000\000\000\000\000\370?\001a"-"REAL"-
#2012854	NEW    cov: 2967 ft: 10923 corp: 1911/172Kb lim: 4096 exec/s: 1205 rss: 473Mb L: 55/3991 MS: 1 CopyPart-
#2013150	REDUCE cov: 2967 ft: 10923 corp: 1911/172Kb lim: 4096 exec/s: 1205 rss: 473Mb L: 7/3991 MS: 1 EraseBytes-
#2014487	REDUCE cov: 2967 ft: 10923 corp: 1911/172Kb lim: 4096 exec/s: 1205 rss: 473Mb L: 42/3991 MS: 2 InsertByte-EraseBytes-
#2014523	REDUCE cov: 2967 ft: 10924 corp: 1912/172Kb lim: 4096 exec/s: 1205 rss: 473Mb L: 18/3991 MS: 1 ChangeByte-
#2015414	REDUCE cov: 2967 ft: 10924 corp: 1912/172Kb lim: 4096 exec/s: 1205 rss: 473Mb L: 24/3991 MS: 1 EraseBytes-
#2015616	REDUCE cov: 2967 ft: 10924 corp: 1912/172Kb lim: 4096 exec/s: 1205 rss: 473Mb L: 88/3991 MS: 2 ChangeByte-EraseBytes-
#2016084	REDUCE cov: 2967 ft: 10924 corp: 1912/172Kb lim: 4096 exec/s: 1205 rss: 473Mb L: 11/3991 MS: 3 CrossOver-PersAutoDict-EraseBytes- DE: "\355@k\326<V\000\000"-
#2018104	REDUCE cov: 2967 ft: 10924 corp: 1912/172Kb lim: 4096 exec/s: 1205 rss: 473Mb L: 46/3991 MS: 5 InsertByte-ChangeBinInt-InsertByte-ChangeBit-EraseBytes-
#2019452	REDUCE cov: 2967 ft: 10924 corp: 1912/172Kb lim: 4096 exec/s: 1205 rss: 473Mb L: 2008/3991 MS: 3 CopyPart-ChangeASCIIInt-EraseBytes-
#2020329	REDUCE cov: 2967 ft: 10924 corp: 1912/172Kb lim: 4096 exec/s: 1205 rss: 473Mb L: 43/3991 MS: 2 CMP-EraseBytes- DE: "\377\377U<\325]\231\307"-
#2021090	REDUCE cov: 2967 ft: 10924 corp: 1912/172Kb lim: 4096 exec/s: 1205 rss: 473Mb L: 24/3991 MS: 1 EraseBytes-
#2021436	REDUCE cov: 2967 ft: 10924 corp: 1912/172Kb lim: 4096 exec/s: 1205 rss: 473Mb L: 21/3991 MS: 1 EraseBytes-
#2023456	REDUCE cov: 2967 ft: 10926 corp: 1913/172Kb lim: 4096 exec/s: 1205 rss: 473Mb L: 24/3991 MS: 5 ChangeBit-ChangeBinInt-ChangeBinInt-CrossOver-CrossOver-
#2023617	REDUCE cov: 2967 ft: 10926 corp: 1913/172Kb lim: 4096 exec/s: 1205 rss: 473Mb L: 24/3991 MS: 1 EraseBytes-
#2023728	REDUCE cov: 2967 ft: 10926 corp: 1913/172Kb lim: 4096 exec/s: 1205 rss: 473Mb L: 10/3991 MS: 1 EraseBytes-
#2025491	REDUCE cov: 2967 ft: 10926 corp: 1913/172Kb lim: 4096 exec/s: 1205 rss: 473Mb L: 44/3991 MS: 3 InsertByte-CopyPart-EraseBytes-
#2025672	REDUCE cov: 2967 ft: 10926 corp: 1913/172Kb lim: 4096 exec/s: 1205 rss: 473Mb L: 33/3991 MS: 1 EraseBytes-
#2026023	REDUCE cov: 2967 ft: 10926 corp: 1913/172Kb lim: 4096 exec/s: 1205 rss: 473Mb L: 65/3991 MS: 1 EraseBytes-
#2026113	REDUCE cov: 2967 ft: 10926 corp: 1913/172Kb lim: 4096 exec/s: 1205 rss: 473Mb L: 28/3991 MS: 5 ChangeByte-EraseBytes-CrossOver-PersAutoDict-CMP- DE: "\001\000"-"\001\000\000\000"-
#2026609	REDUCE cov: 2967 ft: 10926 corp: 1913/172Kb lim: 4096 exec/s: 1205 rss: 473Mb L: 18/3991 MS: 1 EraseBytes-
#2027187	REDUCE cov: 2967 ft: 10926 corp: 1913/172Kb lim: 4096 exec/s: 1205 rss: 473Mb L: 199/3991 MS: 3 ManualDict-ShuffleBytes-EraseBytes- DE: "DELETE"-
#2028771	REDUCE cov: 2967 ft: 10926 corp: 1913/172Kb lim: 4096 exec/s: 1205 rss: 473Mb L: 43/3991 MS: 4 InsertByte-ChangeBinInt-CrossOver-EraseBytes-
#2029238	REDUCE cov: 2967 ft: 10926 corp: 1913/172Kb lim: 4096 exec/s: 1205 rss: 473Mb L: 14/3991 MS: 2 ChangeBit-EraseBytes-
#2029546	REDUCE cov: 2967 ft: 10926 corp: 1913/172Kb lim: 4096 exec/s: 1205 rss: 473Mb L: 1525/3991 MS: 3 CopyPart-CopyPart-CrossOver-
#2029832	REDUCE cov: 2967 ft: 10926 corp: 1913/172Kb lim: 4096 exec/s: 1205 rss: 473Mb L: 20/3991 MS: 1 EraseBytes-
#2030848	REDUCE cov: 2967 ft: 10926 corp: 1913/172Kb lim: 4096 exec/s: 1205 rss: 473Mb L: 105/3991 MS: 1 EraseBytes-
#2031209	REDUCE cov: 2967 ft: 10926 corp: 1913/172Kb lim: 4096 exec/s: 1205 rss: 473Mb L: 59/3991 MS: 1 EraseBytes-
#2031510	REDUCE cov: 2967 ft: 10926 corp: 1913/172Kb lim: 4096 exec/s: 1205 rss: 473Mb L: 901/3991 MS: 1 EraseBytes-
#2032722	REDUCE cov: 2967 ft: 10926 corp: 1913/172Kb lim: 4096 exec/s: 1205 rss: 473Mb L: 42/3991 MS: 2 ShuffleBytes-EraseBytes-
#2032733	REDUCE cov: 2967 ft: 10926 corp: 1913/172Kb lim: 4096 exec/s: 1205 rss: 473Mb L: 64/3991 MS: 1 EraseBytes-
#2032907	REDUCE cov: 2967 ft: 10926 corp: 1913/172Kb lim: 4096 exec/s: 1205 rss: 473Mb L: 130/3991 MS: 4 CrossOver-ChangeBit-PersAutoDict-EraseBytes- DE: "DESC"-
#2035266	REDUCE cov: 2967 ft: 10926 corp: 1913/172Kb lim: 4096 exec/s: 1205 rss: 473Mb L: 151/3991 MS: 4 ShuffleBytes-ShuffleBytes-ChangeByte-EraseBytes-
#2035602	REDUCE cov: 2967 ft: 10926 corp: 1913/172Kb lim: 4096 exec/s: 1205 rss: 473Mb L: 4/3991 MS: 1 EraseBytes-
#2035708	REDUCE cov: 2967 ft: 10926 corp: 1913/172Kb lim: 4096 exec/s: 1205 rss: 473Mb L: 28/3991 MS: 1 EraseBytes-
#2036302	REDUCE cov: 2967 ft: 10926 corp: 1913/172Kb lim: 4096 exec/s: 1205 rss: 473Mb L: 13/3991 MS: 4 InsertByte-InsertByte-ShuffleBytes-EraseBytes-
#2037955	REDUCE cov: 2967 ft: 10926 corp: 1913/171Kb lim: 4096 exec/s: 1205 rss: 473Mb L: 537/3991 MS: 3 CopyPart-CopyPart-EraseBytes-
#2038091	REDUCE cov: 2967 ft: 10926 corp: 1913/171Kb lim: 4096 exec/s: 1205 rss: 473Mb L: 59/3991 MS: 1 EraseBytes-
#2038692	REDUCE cov: 2967 ft: 10926 corp: 1913/171Kb lim: 4096 exec/s: 1205 rss: 473Mb L: 68/3991 MS: 1 EraseBytes-
#2038905	REDUCE cov: 2967 ft: 10926 corp: 1913/171Kb lim: 4096 exec/s: 1205 rss: 473Mb L: 91/3991 MS: 3 ChangeByte-ShuffleBytes-EraseBytes-
#2039113	REDUCE cov: 2968 ft: 10938 corp: 1914/171Kb lim: 4096 exec/s: 1205 rss: 473Mb L: 25/3991 MS: 3 PersAutoDict-CopyPart-PersAutoDict- DE: "\377\377\377\007"-"\202\3664\035c\177\000\000"-
#2039294	REDUCE cov: 2968 ft: 10938 corp: 1914/171Kb lim: 4096 exec/s: 1205 rss: 473Mb L: 812/3991 MS: 1 EraseBytes-
#2040300	REDUCE cov: 2968 ft: 10938 corp: 1914/171Kb lim: 4096 exec/s: 1205 rss: 473Mb L: 69/3991 MS: 1 EraseBytes-
#2041191	REDUCE cov: 2968 ft: 10938 corp: 1914/171Kb lim: 4096 exec/s: 1205 rss: 473Mb L: 21/3991 MS: 1 EraseBytes-
#2041327	REDUCE cov: 2968 ft: 10938 corp: 1914/171Kb lim: 4096 exec/s: 1205 rss: 473Mb L: 51/3991 MS: 1 EraseBytes-
#2041833	REDUCE cov: 2971 ft: 10943 corp: 1915/171Kb lim: 4096 exec/s: 1205 rss: 473Mb L: 57/3991 MS: 1 ManualDict- DE: "UPDATE"-
#2041991	REDUCE cov: 2971 ft: 10943 corp: 1915/171Kb lim: 4096 exec/s: 1205 rss: 473Mb L: 487/3991 MS: 3 ChangeASCIIInt-CopyPart-EraseBytes-
#2042067	REDUCE cov: 2971 ft: 10943 corp: 1915/171Kb lim: 4096 exec/s: 1205 rss: 473Mb L: 62/3991 MS: 1 EraseBytes-
#2043353	REDUCE cov: 2971 ft: 10943 corp: 1915/171Kb lim: 4096 exec/s: 1205 rss: 473Mb L: 19/3991 MS: 1 EraseBytes-
#2045669	REDUCE cov: 2971 ft: 10943 corp: 1915/171Kb lim: 4096 exec/s: 1205 rss: 473Mb L: 72/3991 MS: 1 EraseBytes-
#2045860	REDUCE cov: 2971 ft: 10943 corp: 1915/171Kb lim: 4096 exec/s: 1205 rss: 473Mb L: 11/3991 MS: 1 EraseBytes-
#2046377	REDUCE cov: 2971 ft: 10943 corp: 1915/171Kb lim: 4096 exec/s: 1205 rss: 473Mb L: 2022/3991 MS: 2 ChangeBit-EraseBytes-
#2047523	REDUCE cov: 2971 ft: 10943 corp: 1915/171Kb lim: 4096 exec/s: 1205 rss: 473Mb L: 37/3991 MS: 1 EraseBytes-
#2047529	REDUCE cov: 2971 ft: 10943 corp: 1915/171Kb lim: 4096 exec/s: 1205 rss: 473Mb L: 20/3991 MS: 1 EraseBytes-
#2047845	REDUCE cov: 2971 ft: 10943 corp: 1915/171Kb lim: 4096 exec/s: 1205 rss: 473Mb L: 83/3991 MS: 1 EraseBytes-
#2049442	NEW    cov: 2971 ft: 10944 corp: 1916/171Kb lim: 4096 exec/s: 1205 rss: 473Mb L: 27/3991 MS: 2 ChangeASCIIInt-ChangeASCIIInt-
#2050143	REDUCE cov: 2971 ft: 10944 corp: 1916/171Kb lim: 4096 exec/s: 1205 rss: 473Mb L: 15/3991 MS: 1 EraseBytes-
#2052509	REDUCE cov: 2971 ft: 10944 corp: 1916/171Kb lim: 4096 exec/s: 1205 rss: 473Mb L: 182/3991 MS: 1 EraseBytes-
#2052585	REDUCE cov: 2971 ft: 10944 corp: 1916/171Kb lim: 4096 exec/s: 1205 rss: 473Mb L: 57/3991 MS: 1 EraseBytes-
#2053191	REDUCE cov: 2971 ft: 10944 corp: 1916/171Kb lim: 4096 exec/s: 1205 rss: 473Mb L: 72/3991 MS: 1 EraseBytes-
#2054077	REDUCE cov: 2971 ft: 10944 corp: 1916/171Kb lim: 4096 exec/s: 1205 rss: 473Mb L: 7/3991 MS: 1 EraseBytes-
#2054265	REDUCE cov: 2971 ft: 10944 corp: 1916/171Kb lim: 4096 exec/s: 1205 rss: 473Mb L: 141/3991 MS: 3 ChangeASCIIInt-ManualDict-EraseBytes- DE: "value"-
#2054971	REDUCE cov: 2971 ft: 10944 corp: 1916/171Kb lim: 4096 exec/s: 1205 rss: 473Mb L: 24/3991 MS: 1 EraseBytes-
#2055703	REDUCE cov: 2971 ft: 10944 corp: 1916/171Kb lim: 4096 exec/s: 1204 rss: 473Mb L: 7/3991 MS: 2 EraseBytes-ChangeBinInt-
#2057261	REDUCE cov: 2971 ft: 10944 corp: 1916/171Kb lim: 4096 exec/s: 1205 rss: 473Mb L: 69/3991 MS: 3 ChangeByte-ChangeASCIIInt-EraseBytes-
#2057967	REDUCE cov: 2971 ft: 10944 corp: 1916/171Kb lim: 4096 exec/s: 1205 rss: 473Mb L: 7/3991 MS: 1 EraseBytes-
#2059160	REDUCE cov: 2971 ft: 10944 corp: 1916/171Kb lim: 4096 exec/s: 1205 rss: 473Mb L: 30/3991 MS: 3 CopyPart-InsertByte-EraseBytes-
#2059566	REDUCE cov: 2971 ft: 10944 corp: 1916/171Kb lim: 4096 exec/s: 1205 rss: 473Mb L: 38/3991 MS: 1 EraseBytes-
#2060787	REDUCE cov: 2971 ft: 10944 corp: 1916/171Kb lim: 4096 exec/s: 1205 rss: 473Mb L: 140/3991 MS: 1 EraseBytes-
#2061048	REDUCE cov: 2971 ft: 10944 corp: 1916/171Kb lim: 4096 exec/s: 1205 rss: 473Mb L: 42/3991 MS: 1 EraseBytes-
#2061384	REDUCE cov: 2971 ft: 10944 corp: 1916/171Kb lim: 4096 exec/s: 1205 rss: 473Mb L: 42/3991 MS: 1 EraseBytes-
#2061415	REDUCE cov: 2971 ft: 10944 corp: 1916/171Kb lim: 4096 exec/s: 1205 rss: 473Mb L: 31/3991 MS: 1 EraseBytes-
#2061731	REDUCE cov: 2971 ft: 10946 corp: 1917/171Kb lim: 4096 exec/s: 1204 rss: 473Mb L: 108/3991 MS: 1 EraseBytes-
#2061927	REDUCE cov: 2971 ft: 10946 corp: 1917/171Kb lim: 4096 exec/s: 1205 rss: 473Mb L: 75/3991 MS: 1 EraseBytes-
#2062803	REDUCE cov: 2971 ft: 10946 corp: 1917/171Kb lim: 4096 exec/s: 1205 rss: 473Mb L: 11/3991 MS: 1 EraseBytes-
#2062895	REDUCE cov: 2971 ft: 10946 corp: 1917/171Kb lim: 4096 exec/s: 1204 rss: 473Mb L: 93/3991 MS: 2 CopyPart-EraseBytes-
#2062916	REDUCE cov: 2971 ft: 10946 corp: 1917/171Kb lim: 4096 exec/s: 1204 rss: 473Mb L: 14/3991 MS: 1 EraseBytes-
#2063266	REDUCE cov: 2971 ft: 10946 corp: 1917/171Kb lim: 4096 exec/s: 1205 rss: 473Mb L: 22/3991 MS: 5 CrossOver-ShuffleBytes-EraseBytes-ChangeBinInt-EraseBytes-
#2063712	REDUCE cov: 2971 ft: 10946 corp: 1917/171Kb lim: 4096 exec/s: 1205 rss: 473Mb L: 14/3991 MS: 1 EraseBytes-
#2064118	REDUCE cov: 2971 ft: 10946 corp: 1917/171Kb lim: 4096 exec/s: 1204 rss: 473Mb L: 30/3991 MS: 1 EraseBytes-
#2064330	REDUCE cov: 2971 ft: 10946 corp: 1917/171Kb lim: 4096 exec/s: 1205 rss: 473Mb L: 16/3991 MS: 2 ChangeASCIIInt-EraseBytes-
#2064946	REDUCE cov: 2971 ft: 10946 corp: 1917/171Kb lim: 4096 exec/s: 1205 rss: 473Mb L: 27/3991 MS: 1 EraseBytes-
#2065097	REDUCE cov: 2971 ft: 10946 corp: 1917/171Kb lim: 4096 exec/s: 1205 rss: 473Mb L: 68/3991 MS: 1 EraseBytes-
#2066288	REDUCE cov: 2971 ft: 10946 corp: 1917/171Kb lim: 4096 exec/s: 1205 rss: 473Mb L: 54/3991 MS: 1 EraseBytes-
#2066779	REDUCE cov: 2971 ft: 10946 corp: 1917/171Kb lim: 4096 exec/s: 1205 rss: 473Mb L: 43/3991 MS: 1 EraseBytes-
#2067735	REDUCE cov: 2971 ft: 10946 corp: 1917/171Kb lim: 4096 exec/s: 1204 rss: 473Mb L: 26/3991 MS: 1 EraseBytes-
#2068281	REDUCE cov: 2971 ft: 10946 corp: 1917/171Kb lim: 4096 exec/s: 1205 rss: 473Mb L: 40/3991 MS: 1 EraseBytes-
#2070207	REDUCE cov: 2971 ft: 10946 corp: 1917/171Kb lim: 4096 exec/s: 1205 rss: 473Mb L: 8/3991 MS: 1 EraseBytes-
#2070578	REDUCE cov: 2971 ft: 10946 corp: 1917/171Kb lim: 4096 exec/s: 1205 rss: 473Mb L: 62/3991 MS: 1 EraseBytes-
#2071725	REDUCE cov: 2971 ft: 10946 corp: 1917/171Kb lim: 4096 exec/s: 1205 rss: 473Mb L: 22/3991 MS: 2 ChangeBinInt-EraseBytes-
#2071786	REDUCE cov: 2971 ft: 10946 corp: 1917/171Kb lim: 4096 exec/s: 1205 rss: 473Mb L: 32/3991 MS: 1 EraseBytes-
#2072173	REDUCE cov: 2971 ft: 10946 corp: 1917/171Kb lim: 4096 exec/s: 1205 rss: 473Mb L: 22/3991 MS: 2 InsertByte-EraseBytes-
#2073689	REDUCE cov: 2971 ft: 10946 corp: 1917/171Kb lim: 4096 exec/s: 1204 rss: 473Mb L: 23/3991 MS: 1 EraseBytes-
#2074445	REDUCE cov: 2971 ft: 10946 corp: 1917/171Kb lim: 4096 exec/s: 1205 rss: 473Mb L: 12/3991 MS: 1 EraseBytes-
#2074930	REDUCE cov: 2971 ft: 10946 corp: 1917/171Kb lim: 4096 exec/s: 1204 rss: 473Mb L: 3696/3991 MS: 5 ChangeBit-ShuffleBytes-ChangeASCIIInt-PersAutoDict-EraseBytes- DE: "w"-
#2075134	REDUCE cov: 2971 ft: 10946 corp: 1917/171Kb lim: 4096 exec/s: 1205 rss: 473Mb L: 1272/3991 MS: 4 ChangeByte-PersAutoDict-CopyPart-EraseBytes- DE: "DOUBLE"-
#2075715	REDUCE cov: 2971 ft: 10946 corp: 1917/171Kb lim: 4096 exec/s: 1205 rss: 473Mb L: 24/3991 MS: 1 EraseBytes-
#2076576	REDUCE cov: 2971 ft: 10946 corp: 1917/171Kb lim: 4096 exec/s: 1205 rss: 473Mb L: 66/3991 MS: 1 EraseBytes-
#2076667	REDUCE cov: 2971 ft: 10946 corp: 1917/171Kb lim: 4096 exec/s: 1205 rss: 473Mb L: 271/3991 MS: 1 EraseBytes-
#2077593	REDUCE cov: 2971 ft: 10946 corp: 1917/171Kb lim: 4096 exec/s: 1205 rss: 473Mb L: 81/3991 MS: 1 EraseBytes-
#2078094	REDUCE cov: 2971 ft: 10946 corp: 1917/171Kb lim: 4096 exec/s: 1205 rss: 473Mb L: 71/3991 MS: 1 EraseBytes-
#2078292	REDUCE cov: 2971 ft: 10946 corp: 1917/171Kb lim: 4096 exec/s: 1205 rss: 473Mb L: 17/3991 MS: 3 ChangeBit-ChangeBit-EraseBytes-
#2079161	REDUCE cov: 2971 ft: 10946 corp: 1917/171Kb lim: 4096 exec/s: 1205 rss: 473Mb L: 96/3991 MS: 4 ChangeBit-ChangeBinInt-InsertByte-EraseBytes-
#2079753	REDUCE cov: 2971 ft: 10946 corp: 1917/171Kb lim: 4096 exec/s: 1204 rss: 473Mb L: 7/3991 MS: 2 ShuffleBytes-EraseBytes-
#2080700	REDUCE cov: 2971 ft: 10946 corp: 1917/171Kb lim: 4096 exec/s: 1205 rss: 473Mb L: 22/3991 MS: 2 PersAutoDict-EraseBytes- DE: "DROP"-
#2081026	REDUCE cov: 2971 ft: 10946 corp: 1917/171Kb lim: 4096 exec/s: 1204 rss: 473Mb L: 10/3991 MS: 1 EraseBytes-
#2081092	REDUCE cov: 2971 ft: 10946 corp: 1917/171Kb lim: 4096 exec/s: 1205 rss: 473Mb L: 87/3991 MS: 1 EraseBytes-
#2081643	REDUCE cov: 2971 ft: 10946 corp: 1917/171Kb lim: 4096 exec/s: 1205 rss: 474Mb L: 14/3991 MS: 1 EraseBytes-
#2082164	NEW    cov: 2971 ft: 10947 corp: 1918/171Kb lim: 4096 exec/s: 1204 rss: 474Mb L: 57/3991 MS: 1 ManualDict- DE: "WHERE"-
#2082936	REDUCE cov: 2971 ft: 10947 corp: 1918/171Kb lim: 4096 exec/s: 1205 rss: 474Mb L: 100/3991 MS: 2 InsertByte-EraseBytes-
#2083302	REDUCE cov: 2971 ft: 10947 corp: 1918/171Kb lim: 4096 exec/s: 1204 rss: 474Mb L: 42/3991 MS: 1 EraseBytes-
#2083629	REDUCE cov: 2971 ft: 10947 corp: 1918/171Kb lim: 4096 exec/s: 1205 rss: 474Mb L: 4/3991 MS: 2 CopyPart-EraseBytes-
#2086785	REDUCE cov: 2971 ft: 10947 corp: 1918/171Kb lim: 4096 exec/s: 1205 rss: 474Mb L: 176/3991 MS: 1 EraseBytes-
#2087056	REDUCE cov: 2971 ft: 10947 corp: 1918/171Kb lim: 4096 exec/s: 1204 rss: 474Mb L: 323/3991 MS: 1 EraseBytes-
#2087307	REDUCE cov: 2971 ft: 10947 corp: 1918/171Kb lim: 4096 exec/s: 1205 rss: 474Mb L: 989/3991 MS: 1 EraseBytes-
#2089443	REDUCE cov: 2971 ft: 10947 corp: 1918/171Kb lim: 4096 exec/s: 1204 rss: 474Mb L: 34/3991 MS: 1 EraseBytes-
#2089875	NEW    cov: 2971 ft: 10948 corp: 1919/171Kb lim: 4096 exec/s: 1205 rss: 474Mb L: 165/3991 MS: 2 PersAutoDict-InsertRepeatedBytes- DE: "\005\376"-
#2090132	REDUCE cov: 2971 ft: 10948 corp: 1919/171Kb lim: 4096 exec/s: 1205 rss: 474Mb L: 14/3991 MS: 2 CrossOver-EraseBytes-
#2090778	REDUCE cov: 2971 ft: 10948 corp: 1919/171Kb lim: 4096 exec/s: 1205 rss: 474Mb L: 92/3991 MS: 1 EraseBytes-
#2091339	REDUCE cov: 2971 ft: 10948 corp: 1919/171Kb lim: 4096 exec/s: 1205 rss: 474Mb L: 265/3991 MS: 1 EraseBytes-
#2091502	REDUCE cov: 2972 ft: 10949 corp: 1920/171Kb lim: 4096 exec/s: 1205 rss: 474Mb L: 44/3991 MS: 3 ShuffleBytes-ChangeBinInt-ChangeBit-
#2092104	REDUCE cov: 2972 ft: 10949 corp: 1920/171Kb lim: 4096 exec/s: 1205 rss: 474Mb L: 100/3991 MS: 2 ShuffleBytes-EraseBytes-
#2093058	REDUCE cov: 2972 ft: 10949 corp: 1920/171Kb lim: 4096 exec/s: 1204 rss: 474Mb L: 253/3991 MS: 4 ChangeASCIIInt-ManualDict-EraseBytes-ManualDict- DE: "LIMIT"-"BIGINT"-
#2094225	REDUCE cov: 2972 ft: 10949 corp: 1920/171Kb lim: 4096 exec/s: 1204 rss: 474Mb L: 59/3991 MS: 2 ChangeByte-EraseBytes-
#2094631	REDUCE cov: 2972 ft: 10949 corp: 1920/171Kb lim: 4096 exec/s: 1205 rss: 474Mb L: 42/3991 MS: 1 EraseBytes-
#2094712	REDUCE cov: 2972 ft: 10949 corp: 1920/171Kb lim: 4096 exec/s: 1205 rss: 474Mb L: 81/3991 MS: 1 EraseBytes-
#2096668	NEW    cov: 2972 ft: 10950 corp: 1921/171Kb lim: 4096 exec/s: 1204 rss: 474Mb L: 57/3991 MS: 1 ChangeBinInt-
#2097152	pulse  cov: 2972 ft: 10950 corp: 1921/171Kb lim: 4096 exec/s: 1205 rss: 474Mb
#2098759	REDUCE cov: 2972 ft: 10950 corp: 1921/171Kb lim: 4096 exec/s: 1205 rss: 474Mb L: 35/3991 MS: 1 EraseBytes-
#2098785	REDUCE cov: 2972 ft: 10950 corp: 1921/171Kb lim: 4096 exec/s: 1205 rss: 474Mb L: 46/3991 MS: 1 EraseBytes-
#2098927	REDUCE cov: 2972 ft: 10950 corp: 1921/171Kb lim: 4096 exec/s: 1205 rss: 474Mb L: 36/3991 MS: 2 PersAutoDict-EraseBytes- DE: "z\001"-
#2098944	REDUCE cov: 2972 ft: 10950 corp: 1921/171Kb lim: 4096 exec/s: 1205 rss: 474Mb L: 45/3991 MS: 2 ChangeASCIIInt-EraseBytes-
#2099746	REDUCE cov: 2972 ft: 10950 corp: 1921/171Kb lim: 4096 exec/s: 1205 rss: 474Mb L: 197/3991 MS: 2 ChangeBit-EraseBytes-
#2100080	REDUCE cov: 2972 ft: 10950 corp: 1921/171Kb lim: 4096 exec/s: 1205 rss: 474Mb L: 527/3991 MS: 4 ChangeBit-ManualDict-PersAutoDict-EraseBytes- DE: "LENGTH("-"UPDATE"-
#2101366	REDUCE cov: 2972 ft: 10950 corp: 1921/171Kb lim: 4096 exec/s: 1204 rss: 474Mb L: 80/3991 MS: 1 EraseBytes-
#2102642	REDUCE cov: 2972 ft: 10950 corp: 1921/171Kb lim: 4096 exec/s: 1204 rss: 474Mb L: 8/3991 MS: 1 EraseBytes-
#2103238	REDUCE cov: 2972 ft: 10950 corp: 1921/171Kb lim: 4096 exec/s: 1205 rss: 474Mb L: 196/3991 MS: 1 EraseBytes-
#2104501	REDUCE cov: 2972 ft: 10950 corp: 1921/171Kb lim: 4096 exec/s: 1205 rss: 474Mb L: 18/3991 MS: 3 ChangeBinInt-ChangeBinInt-EraseBytes-
#2105287	REDUCE cov: 2972 ft: 10950 corp: 1921/171Kb lim: 4096 exec/s: 1205 rss: 474Mb L: 4/3991 MS: 1 EraseBytes-
#2106333	REDUCE cov: 2972 ft: 10950 corp: 1921/171Kb lim: 4096 exec/s: 1204 rss: 474Mb L: 57/3991 MS: 1 EraseBytes-
#2106570	REDUCE cov: 2972 ft: 10950 corp: 1921/171Kb lim: 4096 exec/s: 1205 rss: 474Mb L: 22/3991 MS: 2 ChangeBinInt-EraseBytes-
#2107127	REDUCE cov: 2972 ft: 10950 corp: 1921/171Kb lim: 4096 exec/s: 1205 rss: 474Mb L: 80/3991 MS: 2 ChangeASCIIInt-EraseBytes-
#2111033	REDUCE cov: 2972 ft: 10950 corp: 1921/171Kb lim: 4096 exec/s: 1204 rss: 474Mb L: 10/3991 MS: 1 EraseBytes-
#2111034	REDUCE cov: 2972 ft: 10950 corp: 1921/171Kb lim: 4096 exec/s: 1204 rss: 474Mb L: 1410/3991 MS: 1 EraseBytes-
#2111396	REDUCE cov: 2972 ft: 10950 corp: 1921/171Kb lim: 4096 exec/s: 1205 rss: 474Mb L: 130/3991 MS: 2 ChangeByte-EraseBytes-
#2111938	REDUCE cov: 2972 ft: 10950 corp: 1921/171Kb lim: 4096 exec/s: 1204 rss: 474Mb L: 8/3991 MS: 2 InsertByte-EraseBytes-
#2113130	REDUCE cov: 2973 ft: 10951 corp: 1922/171Kb lim: 4096 exec/s: 1205 rss: 474Mb L: 82/3991 MS: 2 ChangeBinInt-CrossOver-
#2113500	NEW    cov: 2973 ft: 10958 corp: 1923/171Kb lim: 4096 exec/s: 1204 rss: 474Mb L: 28/3991 MS: 5 ShuffleBytes-CMP-ChangeByte-CrossOver-ChangeBinInt- DE: "\000\000\000\000"-
#2114351	REDUCE cov: 2973 ft: 10961 corp: 1924/175Kb lim: 4096 exec/s: 1205 rss: 474Mb L: 3715/3991 MS: 1 CopyPart-
#2115232	REDUCE cov: 2973 ft: 10961 corp: 1924/175Kb lim: 4096 exec/s: 1205 rss: 474Mb L: 8/3991 MS: 1 EraseBytes-
#2115793	REDUCE cov: 2973 ft: 10961 corp: 1924/175Kb lim: 4096 exec/s: 1204 rss: 474Mb L: 63/3991 MS: 1 EraseBytes-
#2115882	REDUCE cov: 2973 ft: 10961 corp: 1924/175Kb lim: 4096 exec/s: 1204 rss: 474Mb L: 270/3991 MS: 4 CopyPart-ChangeASCIIInt-PersAutoDict-EraseBytes- DE: "ORDER"-
#2116398	REDUCE cov: 2973 ft: 10961 corp: 1924/175Kb lim: 4096 exec/s: 1205 rss: 474Mb L: 11/3991 MS: 1 EraseBytes-
#2116704	REDUCE cov: 2973 ft: 10961 corp: 1924/175Kb lim: 4096 exec/s: 1204 rss: 474Mb L: 48/3991 MS: 1 EraseBytes-
#2117068	REDUCE cov: 2974 ft: 10962 corp: 1925/175Kb lim: 4096 exec/s: 1204 rss: 474Mb L: 361/3991 MS: 4 ChangeByte-PersAutoDict-ManualDict-CopyPart- DE: "\005\001i\035c\177\000\000"-"LOWER("-
#2119424	REDUCE cov: 2974 ft: 10962 corp: 1925/175Kb lim: 4096 exec/s: 1204 rss: 474Mb L: 50/3991 MS: 1 EraseBytes-
#2119985	REDUCE cov: 2974 ft: 10962 corp: 1925/175Kb lim: 4096 exec/s: 1205 rss: 474Mb L: 89/3991 MS: 1 EraseBytes-
#2121297	REDUCE cov: 2974 ft: 10962 corp: 1925/175Kb lim: 4096 exec/s: 1205 rss: 474Mb L: 323/3991 MS: 2 CopyPart-EraseBytes-
#2121319	REDUCE cov: 2974 ft: 10962 corp: 1925/175Kb lim: 4096 exec/s: 1205 rss: 474Mb L: 13/3991 MS: 2 ChangeByte-EraseBytes-
#2121721	REDUCE cov: 2974 ft: 10962 corp: 1925/175Kb lim: 4096 exec/s: 1204 rss: 474Mb L: 86/3991 MS: 2 InsertByte-EraseBytes-
#2122867	REDUCE cov: 2974 ft: 10962 corp: 1925/175Kb lim: 4096 exec/s: 1204 rss: 474Mb L: 22/3991 MS: 1 EraseBytes-
#2124450	REDUCE cov: 2974 ft: 10962 corp: 1925/175Kb lim: 4096 exec/s: 1205 rss: 474Mb L: 26/3991 MS: 3 CMP-ChangeBit-EraseBytes- DE: "\003\000\000\000\007\000\000\000\000\000\000 _\240\002B\004it's"-
#2126321	REDUCE cov: 2974 ft: 10962 corp: 1925/175Kb lim: 4096 exec/s: 1205 rss: 474Mb L: 11/3991 MS: 1 EraseBytes-
#2126748	REDUCE cov: 2974 ft: 10962 corp: 1925/175Kb lim: 4096 exec/s: 1204 rss: 474Mb L: 180/3991 MS: 2 ChangeByte-EraseBytes-
#2127883	REDUCE cov: 2974 ft: 10962 corp: 1925/175Kb lim: 4096 exec/s: 1204 rss: 474Mb L: 1122/3991 MS: 5 CopyPart-ChangeASCIIInt-ChangeASCIIInt-CopyPart-EraseBytes-
#2127966	REDUCE cov: 2974 ft: 10962 corp: 1925/175Kb lim: 4096 exec/s: 1204 rss: 474Mb L: 46/3991 MS: 3 ChangeByte-InsertByte-EraseBytes-
#2128327	REDUCE cov: 2974 ft: 10962 corp: 1925/175Kb lim: 4096 exec/s: 1205 rss: 474Mb L: 66/3991 MS: 1 EraseBytes-
#2129748	REDUCE cov: 2974 ft: 10962 corp: 1925/175Kb lim: 4096 exec/s: 1205 rss: 474Mb L: 18/3991 MS: 1 EraseBytes-
#2130091	NEW    cov: 2974 ft: 10963 corp: 1926/175Kb lim: 4096 exec/s: 1205 rss: 474Mb L: 108/3991 MS: 3 CMP-CMP-CopyPart- DE: "\003\000\000\000"-"\001\000\000\000\002\000\000\000\000\000\000\000\000\000\004\300\001b"-
#2130952	REDUCE cov: 2974 ft: 10963 corp: 1926/175Kb lim: 4096 exec/s: 1205 rss: 474Mb L: 40/3991 MS: 1 EraseBytes-
#2131819	REDUCE cov: 2974 ft: 10963 corp: 1926/175Kb lim: 4096 exec/s: 1205 rss: 474Mb L: 15/3991 MS: 2 CopyPart-EraseBytes-
#2133086	REDUCE cov: 2976 ft: 10965 corp: 1927/175Kb lim: 4096 exec/s: 1205 rss: 474Mb L: 71/3991 MS: 2 ChangeBit-CopyPart-
#2133933	REDUCE cov: 2976 ft: 10965 corp: 1927/175Kb lim: 4096 exec/s: 1204 rss: 474Mb L: 50/3991 MS: 2 InsertByte-EraseBytes-
#2134938	REDUCE cov: 2976 ft: 10965 corp: 1927/175Kb lim: 4096 exec/s: 1205 rss: 474Mb L: 44/3991 MS: 5 ChangeBinInt-ShuffleBytes-ManualDict-ChangeByte-EraseBytes- DE: "t1"-
#2135079	REDUCE cov: 2976 ft: 10966 corp: 1928/175Kb lim: 4096 exec/s: 1204 rss: 474Mb L: 56/3991 MS: 1 ChangeByte-
#2135433	REDUCE cov: 2976 ft: 10966 corp: 1928/175Kb lim: 4096 exec/s: 1205 rss: 474Mb L: 1041/3991 MS: 4 CrossOver-ShuffleBytes-ChangeBit-EraseBytes-
#2135834	REDUCE cov: 2978 ft: 10968 corp: 1929/175Kb lim: 4096 exec/s: 1205 rss: 474Mb L: 51/3991 MS: 1 ChangeByte-
#2136466	REDUCE cov: 2978 ft: 10968 corp: 1929/175Kb lim: 4096 exec/s: 1205 rss: 474Mb L: 19/3991 MS: 2 CMP-EraseBytes- DE: "t1"-
#2138412	REDUCE cov: 2978 ft: 10968 corp: 1929/175Kb lim: 4096 exec/s: 1205 rss: 474Mb L: 92/3991 MS: 1 EraseBytes-
#2139260	REDUCE cov: 2978 ft: 10968 corp: 1929/175Kb lim: 4096 exec/s: 1205 rss: 474Mb L: 77/3991 MS: 3 CrossOver-ChangeBit-EraseBytes-
#2139614	REDUCE cov: 2978 ft: 10968 corp: 1929/175Kb lim: 4096 exec/s: 1205 rss: 474Mb L: 194/3991 MS: 4 ChangeBit-EraseBytes-ChangeByte-CopyPart-
#2140040	REDUCE cov: 2978 ft: 10968 corp: 1929/175Kb lim: 4096 exec/s: 1204 rss: 474Mb L: 39/3991 MS: 1 EraseBytes-
#2140191	REDUCE cov: 2978 ft: 10968 corp: 1929/175Kb lim: 4096 exec/s: 1205 rss: 474Mb L: 65/3991 MS: 1 EraseBytes-
#2141992	REDUCE cov: 2978 ft: 10968 corp: 1929/175Kb lim: 4096 exec/s: 1205 rss: 474Mb L: 52/3991 MS: 1 EraseBytes-
#2142029	REDUCE cov: 2978 ft: 10968 corp: 1929/175Kb lim: 4096 exec/s: 1205 rss: 474Mb L: 78/3991 MS: 2 InsertByte-EraseBytes-
#2144060	REDUCE cov: 2978 ft: 10968 corp: 1929/175Kb lim: 4096 exec/s: 1205 rss: 474Mb L: 73/3991 MS: 1 EraseBytes-
#2144608	REDUCE cov: 2978 ft: 10968 corp: 1929/175Kb lim: 4096 exec/s: 1205 rss: 474Mb L: 27/3991 MS: 3 ManualDict-ChangeBit-EraseBytes- DE: "k"-
#2145019	REDUCE cov: 2978 ft: 10968 corp: 1929/175Kb lim: 4096 exec/s: 1205 rss: 474Mb L: 47/3991 MS: 1 EraseBytes-
#2145102	REDUCE cov: 2978 ft: 10968 corp: 1929/175Kb lim: 4096 exec/s: 1205 rss: 474Mb L: 44/3991 MS: 3 InsertRepeatedBytes-ShuffleBytes-EraseBytes-
#2146793	REDUCE cov: 2978 ft: 10968 corp: 1929/175Kb lim: 4096 exec/s: 1205 rss: 474Mb L: 10/3991 MS: 1 EraseBytes-
#2146971	NEW    cov: 2978 ft: 10970 corp: 1930/175Kb lim: 4096 exec/s: 1205 rss: 474Mb L: 26/3991 MS: 3 ManualDict-ChangeByte-ChangeBit- DE: "kv"-
#2146982	REDUCE cov: 2978 ft: 10970 corp: 1930/175Kb lim: 4096 exec/s: 1205 rss: 474Mb L: 294/3991 MS: 1 EraseBytes-
#2148273	REDUCE cov: 2978 ft: 10970 corp: 1930/175Kb lim: 4096 exec/s: 1204 rss: 474Mb L: 42/3991 MS: 1 EraseBytes-
#2148919	REDUCE cov: 2978 ft: 10970 corp: 1930/175Kb lim: 4096 exec/s: 1205 rss: 474Mb L: 53/3991 MS: 1 EraseBytes-
#2149381	REDUCE cov: 2978 ft: 10970 corp: 1930/175Kb lim: 4096 exec/s: 1205 rss: 474Mb L: 333/3991 MS: 2 ChangeBit-EraseBytes-
#2149942	REDUCE cov: 2978 ft: 10970 corp: 1930/175Kb lim: 4096 exec/s: 1205 rss: 474Mb L: 33/3991 MS: 1 EraseBytes-
#2151783	REDUCE cov: 2978 ft: 10970 corp: 1930/175Kb lim: 4096 exec/s: 1205 rss: 474Mb L: 22/3991 MS: 1 EraseBytes-
#2152334	REDUCE cov: 2978 ft: 10970 corp: 1930/175Kb lim: 4096 exec/s: 1205 rss: 474Mb L: 45/3991 MS: 1 EraseBytes-
#2152391	REDUCE cov: 2978 ft: 10970 corp: 1930/175Kb lim: 4096 exec/s: 1205 rss: 474Mb L: 19/3991 MS: 2 ChangeBinInt-EraseBytes-
#2152867	REDUCE cov: 2978 ft: 10970 corp: 1930/175Kb lim: 4096 exec/s: 1205 rss: 474Mb L: 25/3991 MS: 1 EraseBytes-
#2153193	REDUCE cov: 2978 ft: 10970 corp: 1930/175Kb lim: 4096 exec/s: 1204 rss: 474Mb L: 47/3991 MS: 1 EraseBytes-
#2153545	REDUCE cov: 2978 ft: 10970 corp: 1930/175Kb lim: 4096 exec/s: 1205 rss: 474Mb L: 168/3991 MS: 2 ManualDict-EraseBytes- DE: "DOUBLE"-
#2154066	REDUCE cov: 2978 ft: 10972 corp: 1931/175Kb lim: 4096 exec/s: 1205 rss: 474Mb L: 73/3991 MS: 1 ChangeBinInt-
#2155317	REDUCE cov: 2978 ft: 10972 corp: 1931/175Kb lim: 4096 exec/s: 1205 rss: 474Mb L: 76/3991 MS: 1 EraseBytes-
#2155534	REDUCE cov: 2978 ft: 10972 corp: 1931/175Kb lim: 4096 exec/s: 1204 rss: 474Mb L: 66/3991 MS: 2 InsertRepeatedBytes-EraseBytes-
#2156780	REDUCE cov: 2978 ft: 10972 corp: 1931/175Kb lim: 4096 exec/s: 1204 rss: 474Mb L: 50/3991 MS: 1 EraseBytes-
#2157346	REDUCE cov: 2978 ft: 10972 corp: 1931/175Kb lim: 4096 exec/s: 1205 rss: 474Mb L: 54/3991 MS: 1 EraseBytes-
#2157617	REDUCE cov: 2978 ft: 10972 corp: 1931/175Kb lim: 4096 exec/s: 1205 rss: 474Mb L: 49/3991 MS: 1 EraseBytes-
#2158085	REDUCE cov: 2978 ft: 10972 corp: 1931/175Kb lim: 4096 exec/s: 1204 rss: 474Mb L: 162/3991 MS: 3 ChangeBinInt-ShuffleBytes-EraseBytes-
#2158411	REDUCE cov: 2978 ft: 10972 corp: 1931/175Kb lim: 4096 exec/s: 1205 rss: 474Mb L: 130/3991 MS: 1 EraseBytes-
#2158773	REDUCE cov: 2978 ft: 10972 corp: 1931/175Kb lim: 4096 exec/s: 1205 rss: 474Mb L: 48/3991 MS: 1 EraseBytes-
#2158924	REDUCE cov: 2978 ft: 10972 corp: 1931/175Kb lim: 4096 exec/s: 1205 rss: 474Mb L: 52/3991 MS: 1 EraseBytes-
#2160103	NEW    cov: 2978 ft: 10973 corp: 1932/175Kb lim: 4096 exec/s: 1205 rss: 474Mb L: 66/3991 MS: 4 InsertByte-ManualDict-ChangeBit-CMP- DE: "DESC"-"\000\331\000\251"-
#2160189	REDUCE cov: 2978 ft: 10973 corp: 1932/175Kb lim: 4096 exec/s: 1205 rss: 474Mb L: 52/3991 MS: 1 EraseBytes-
#2160764	REDUCE cov: 2978 ft: 10973 corp: 1932/175Kb lim: 4096 exec/s: 1205 rss: 474Mb L: 123/3991 MS: 5 PersAutoDict-ShuffleBytes-ManualDict-InsertByte-EraseBytes- DE: "c"-"a"-
#2161491	REDUCE cov: 2978 ft: 10973 corp: 1932/175Kb lim: 4096 exec/s: 1205 rss: 474Mb L: 47/3991 MS: 2 ShuffleBytes-EraseBytes-
#2162253	REDUCE cov: 2978 ft: 10973 corp: 1932/175Kb lim: 4096 exec/s: 1205 rss: 474Mb L: 144/3991 MS: 2 ChangeByte-EraseBytes-
#2162369	REDUCE cov: 2978 ft: 10973 corp: 1932/175Kb lim: 4096 exec/s: 1205 rss: 474Mb L: 4/3991 MS: 1 EraseBytes-
#2164691	REDUCE cov: 2978 ft: 10973 corp: 1932/175Kb lim: 4096 exec/s: 1205 rss: 474Mb L: 33/3991 MS: 2 ChangeBinInt-EraseBytes-
#2164937	REDUCE cov: 2978 ft: 10973 corp: 1932/175Kb lim: 4096 exec/s: 1205 rss: 474Mb L: 29/3991 MS: 1 EraseBytes-
#2165253	REDUCE cov: 2978 ft: 10973 corp: 1932/175Kb lim: 4096 exec/s: 1205 rss: 474Mb L: 53/3991 MS: 1 EraseBytes-
#2165835	REDUCE cov: 2978 ft: 10973 corp: 1932/175Kb lim: 4096 exec/s: 1205 rss: 474Mb L: 28/3991 MS: 2 ShuffleBytes-EraseBytes-
#2166032	REDUCE cov: 2978 ft: 10973 corp: 1932/175Kb lim: 4096 exec/s: 1205 rss: 474Mb L: 10/3991 MS: 2 ChangeBinInt-EraseBytes-
#2167083	REDUCE cov: 2978 ft: 10973 corp: 1932/175Kb lim: 4096 exec/s: 1205 rss: 474Mb L: 210/3991 MS: 1 EraseBytes-
#2167679	REDUCE cov: 2978 ft: 10973 corp: 1932/175Kb lim: 4096 exec/s: 1204 rss: 474Mb L: 44/3991 MS: 1 EraseBytes-
#2168828	REDUCE cov: 2978 ft: 10973 corp: 1932/175Kb lim: 4096 exec/s: 1204 rss: 474Mb L: 13/3991 MS: 4 InsertByte-ChangeBinInt-ChangeBit-EraseBytes-
#2169154	REDUCE cov: 2978 ft: 10974 corp: 1933/175Kb lim: 4096 exec/s: 1205 rss: 474Mb L: 76/3991 MS: 1 ManualDict- DE: "t3"-
#2169230	REDUCE cov: 2978 ft: 10974 corp: 1933/175Kb lim: 4096 exec/s: 1205 rss: 474Mb L: 9/3991 MS: 1 EraseBytes-
#2169896	REDUCE cov: 2978 ft: 10974 corp: 1933/175Kb lim: 4096 exec/s: 1204 rss: 474Mb L: 18/3991 MS: 1 EraseBytes-
#2170198	REDUCE cov: 2978 ft: 10974 corp: 1933/175Kb lim: 4096 exec/s: 1204 rss: 474Mb L: 122/3991 MS: 2 InsertByte-EraseBytes-
#2171274	REDUCE cov: 2978 ft: 10975 corp: 1934/175Kb lim: 4096 exec/s: 1204 rss: 474Mb L: 98/3991 MS: 1 CopyPart-
#2171890	REDUCE cov: 2978 ft: 10975 corp: 1934/175Kb lim: 4096 exec/s: 1205 rss: 474Mb L: 87/3991 MS: 1 EraseBytes-
#2171931	REDUCE cov: 2979 ft: 10976 corp: 1935/175Kb lim: 4096 exec/s: 1205 rss: 474Mb L: 78/3991 MS: 1 PersAutoDict- DE: "IN"-
#2172879	REDUCE cov: 2979 ft: 10976 corp: 1935/175Kb lim: 4096 exec/s: 1205 rss: 474Mb L: 55/3991 MS: 3 InsertRepeatedBytes-ChangeBit-EraseBytes-
#2173715	REDUCE cov: 2979 ft: 10976 corp: 1935/175Kb lim: 4096 exec/s: 1204 rss: 474Mb L: 332/3991 MS: 1 EraseBytes-
#2174896	REDUCE cov: 2979 ft: 10976 corp: 1935/175Kb lim: 4096 exec/s: 1204 rss: 474Mb L: 14/3991 MS: 1 EraseBytes-
#2175303	REDUCE cov: 2979 ft: 10976 corp: 1935/175Kb lim: 4096 exec/s: 1205 rss: 474Mb L: 57/3991 MS: 2 EraseBytes-ChangeBinInt-
#2175519	REDUCE cov: 2979 ft: 10976 corp: 1935/175Kb lim: 4096 exec/s: 1205 rss: 474Mb L: 34/3991 MS: 1 EraseBytes-
#2175850	NEW    cov: 2979 ft: 10977 corp: 1936/175Kb lim: 4096 exec/s: 1204 rss: 474Mb L: 108/3991 MS: 1 ManualDict- DE: "temps"-
#2176401	REDUCE cov: 2979 ft: 10977 corp: 1936/175Kb lim: 4096 exec/s: 1205 rss: 474Mb L: 64/3991 MS: 1 EraseBytes-
#2177582	REDUCE cov: 2979 ft: 10977 corp: 1936/175Kb lim: 4096 exec/s: 1205 rss: 474Mb L: 16/3991 MS: 1 EraseBytes-
#2178276	REDUCE cov: 2979 ft: 10977 corp: 1936/175Kb lim: 4096 exec/s: 1204 rss: 474Mb L: 14/3991 MS: 4 CrossOver-InsertByte-ManualDict-EraseBytes- DE: ";"-
#2178448	REDUCE cov: 2979 ft: 10977 corp: 1936/175Kb lim: 4096 exec/s: 1204 rss: 474Mb L: 5/3991 MS: 2 EraseBytes-CopyPart-
#2178709	REDUCE cov: 2979 ft: 10977 corp: 1936/175Kb lim: 4096 exec/s: 1205 rss: 474Mb L: 321/3991 MS: 1 EraseBytes-
#2179022	NEW    cov: 2979 ft: 10978 corp: 1937/175Kb lim: 4096 exec/s: 1205 rss: 474Mb L: 83/3991 MS: 3 CrossOver-ShuffleBytes-ManualDict- DE: "1e308"-
#2179674	REDUCE cov: 2979 ft: 10978 corp: 1937/175Kb lim: 4096 exec/s: 1204 rss: 474Mb L: 798/3991 MS: 2 ChangeBinInt-EraseBytes-
#2179730	REDUCE cov: 2979 ft: 10978 corp: 1937/175Kb lim: 4096 exec/s: 1204 rss: 474Mb L: 708/3991 MS: 1 EraseBytes-
#2179732	REDUCE cov: 2979 ft: 10978 corp: 1937/175Kb lim: 4096 exec/s: 1204 rss: 474Mb L: 17/3991 MS: 2 ShuffleBytes-EraseBytes-
#2179828	REDUCE cov: 2979 ft: 10978 corp: 1937/175Kb lim: 4096 exec/s: 1204 rss: 474Mb L: 115/3991 MS: 1 EraseBytes-
#2180859	REDUCE cov: 2979 ft: 10978 corp: 1937/175Kb lim: 4096 exec/s: 1204 rss: 474Mb L: 35/3991 MS: 1 EraseBytes-
#2181202	REDUCE cov: 2979 ft: 10978 corp: 1937/175Kb lim: 4096 exec/s: 1205 rss: 474Mb L: 73/3991 MS: 3 CMP-ChangeByte-EraseBytes- DE: "\001\000V<\326k@\340"-
#2181870	REDUCE cov: 2979 ft: 10978 corp: 1937/175Kb lim: 4096 exec/s: 1204 rss: 474Mb L: 85/3991 MS: 3 ChangeBit-ChangeByte-EraseBytes-
#2182621	REDUCE cov: 2979 ft: 10978 corp: 1937/175Kb lim: 4096 exec/s: 1205 rss: 474Mb L: 308/3991 MS: 1 EraseBytes-
#2182732	REDUCE cov: 2979 ft: 10978 corp: 1937/175Kb lim: 4096 exec/s: 1205 rss: 474Mb L: 707/3991 MS: 1 EraseBytes-
#2184029	REDUCE cov: 2979 ft: 10978 corp: 1937/175Kb lim: 4096 exec/s: 1205 rss: 474Mb L: 79/3991 MS: 2 CrossOver-EraseBytes-
#2185150	REDUCE cov: 2979 ft: 10978 corp: 1937/175Kb lim: 4096 exec/s: 1205 rss: 474Mb L: 233/3991 MS: 1 EraseBytes-
#2185166	REDUCE cov: 2979 ft: 10978 corp: 1937/175Kb lim: 4096 exec/s: 1205 rss: 474Mb L: 997/3991 MS: 1 EraseBytes-
#2187253	REDUCE cov: 2979 ft: 10978 corp: 1937/175Kb lim: 4096 exec/s: 1205 rss: 474Mb L: 488/3991 MS: 2 ManualDict-EraseBytes- DE: "SUM("-
#2189690	REDUCE cov: 2979 ft: 10978 corp: 1937/175Kb lim: 4096 exec/s: 1205 rss: 474Mb L: 3977/3977 MS: 2 ChangeByte-EraseBytes-
#2190496	REDUCE cov: 2979 ft: 10978 corp: 1937/175Kb lim: 4096 exec/s: 1204 rss: 474Mb L: 7/3977 MS: 1 EraseBytes-
#2190712	REDUCE cov: 2979 ft: 10978 corp: 1937/175Kb lim: 4096 exec/s: 1205 rss: 474Mb L: 51/3977 MS: 1 EraseBytes-
#2191953	REDUCE cov: 2979 ft: 10978 corp: 1937/175Kb lim: 4096 exec/s: 1205 rss: 474Mb L: 60/3977 MS: 1 EraseBytes-
#2192559	REDUCE cov: 2979 ft: 10978 corp: 1937/175Kb lim: 4096 exec/s: 1204 rss: 474Mb L: 26/3977 MS: 1 EraseBytes-
#2193095	REDUCE cov: 2979 ft: 10978 corp: 1937/175Kb lim: 4096 exec/s: 1204 rss: 474Mb L: 215/3977 MS: 1 EraseBytes-
#2194151	REDUCE cov: 2979 ft: 10978 corp: 1937/175Kb lim: 4096 exec/s: 1204 rss: 474Mb L: 11/3977 MS: 1 EraseBytes-
#2195322	REDUCE cov: 2979 ft: 10978 corp: 1937/175Kb lim: 4096 exec/s: 1204 rss: 474Mb L: 101/3977 MS: 1 EraseBytes-
#2195373	REDUCE cov: 2979 ft: 10978 corp: 1937/175Kb lim: 4096 exec/s: 1204 rss: 474Mb L: 65/3977 MS: 1 EraseBytes-
#2195735	REDUCE cov: 2979 ft: 10978 corp: 1937/175Kb lim: 4096 exec/s: 1205 rss: 474Mb L: 20/3977 MS: 2 ChangeBit-EraseBytes-
#2196422	REDUCE cov: 2979 ft: 10979 corp: 1938/175Kb lim: 4096 exec/s: 1204 rss: 474Mb L: 73/3977 MS: 2 CopyPart-ChangeByte-
#2196944	NEW    cov: 2979 ft: 10980 corp: 1939/175Kb lim: 4096 exec/s: 1205 rss: 474Mb L: 65/3977 MS: 2 InsertByte-ChangeBinInt-
#2197467	REDUCE cov: 2979 ft: 10980 corp: 1939/175Kb lim: 4096 exec/s: 1204 rss: 474Mb L: 329/3977 MS: 3 ChangeBit-ChangeBinInt-EraseBytes-
#2200993	REDUCE cov: 2979 ft: 10980 corp: 1939/175Kb lim: 4096 exec/s: 1205 rss: 474Mb L: 36/3977 MS: 1 EraseBytes-
#2202069	REDUCE cov: 2979 ft: 10980 corp: 1939/175Kb lim: 4096 exec/s: 1205 rss: 474Mb L: 7/3977 MS: 1 EraseBytes-
#2202151	NEW    cov: 2979 ft: 10981 corp: 1940/175Kb lim: 4096 exec/s: 1205 rss: 474Mb L: 58/3977 MS: 2 CopyPart-InsertByte-
#2203592	REDUCE cov: 2979 ft: 10981 corp: 1940/175Kb lim: 4096 exec/s: 1204 rss: 474Mb L: 347/3977 MS: 1 EraseBytes-
#2203773	REDUCE cov: 2979 ft: 10981 corp: 1940/175Kb lim: 4096 exec/s: 1204 rss: 474Mb L: 3441/3977 MS: 1 EraseBytes-
#2205104	REDUCE cov: 2979 ft: 10981 corp: 1940/175Kb lim: 4096 exec/s: 1204 rss: 474Mb L: 18/3977 MS: 1 EraseBytes-
#2205266	REDUCE cov: 2979 ft: 10981 corp: 1940/175Kb lim: 4096 exec/s: 1205 rss: 474Mb L: 94/3977 MS: 2 InsertRepeatedBytes-EraseBytes-
#2205415	REDUCE cov: 2979 ft: 10981 corp: 1940/175Kb lim: 4096 exec/s: 1205 rss: 474Mb L: 12/3977 MS: 4 ChangeBit-ShuffleBytes-InsertByte-EraseBytes-
#2205967	REDUCE cov: 2979 ft: 10981 corp: 1940/175Kb lim: 4096 exec/s: 1204 rss: 474Mb L: 3658/3977 MS: 2 ChangeASCIIInt-EraseBytes-
#2207201	REDUCE cov: 2979 ft: 10981 corp: 1940/175Kb lim: 4096 exec/s: 1204 rss: 474Mb L: 12/3977 MS: 4 InsertByte-ShuffleBytes-ChangeBinInt-EraseBytes-
#2207432	REDUCE cov: 2979 ft: 10981 corp: 1940/175Kb lim: 4096 exec/s: 1204 rss: 474Mb L: 45/3977 MS: 1 EraseBytes-
#2209993	REDUCE cov: 2979 ft: 10981 corp: 1940/175Kb lim: 4096 exec/s: 1205 rss: 474Mb L: 30/3977 MS: 1 EraseBytes-
#2212530	REDUCE cov: 2979 ft: 10981 corp: 1940/175Kb lim: 4096 exec/s: 1205 rss: 474Mb L: 209/3977 MS: 2 ManualDict-EraseBytes- DE: "IF"-
#2212621	REDUCE cov: 2979 ft: 10981 corp: 1940/175Kb lim: 4096 exec/s: 1205 rss: 474Mb L: 42/3977 MS: 1 EraseBytes-
#2212708	REDUCE cov: 2979 ft: 10981 corp: 1940/175Kb lim: 4096 exec/s: 1205 rss: 474Mb L: 83/3977 MS: 2 ChangeByte-EraseBytes-
#2212889	REDUCE cov: 2979 ft: 10981 corp: 1940/175Kb lim: 4096 exec/s: 1205 rss: 474Mb L: 7/3977 MS: 1 EraseBytes-
#2213140	REDUCE cov: 2979 ft: 10981 corp: 1940/175Kb lim: 4096 exec/s: 1205 rss: 474Mb L: 13/3977 MS: 1 EraseBytes-
#2213146	REDUCE cov: 2979 ft: 10981 corp: 1940/175Kb lim: 4096 exec/s: 1205 rss: 474Mb L: 23/3977 MS: 1 EraseBytes-
#2214752	REDUCE cov: 2979 ft: 10981 corp: 1940/175Kb lim: 4096 exec/s: 1204 rss: 474Mb L: 8/3977 MS: 1 EraseBytes-
#2214909	REDUCE cov: 2979 ft: 10981 corp: 1940/175Kb lim: 4096 exec/s: 1205 rss: 474Mb L: 97/3977 MS: 2 ShuffleBytes-EraseBytes-
#2216231	REDUCE cov: 2979 ft: 10981 corp: 1940/175Kb lim: 4096 exec/s: 1205 rss: 474Mb L: 22/3977 MS: 2 ChangeBit-EraseBytes-
#2216848	REDUCE cov: 2979 ft: 10981 corp: 1940/175Kb lim: 4096 exec/s: 1204 rss: 474Mb L: 288/3977 MS: 2 ManualDict-EraseBytes- DE: "TABLE"-
#2217494	REDUCE cov: 2979 ft: 10981 corp: 1940/175Kb lim: 4096 exec/s: 1205 rss: 474Mb L: 43/3977 MS: 1 EraseBytes-
#2217960	REDUCE cov: 2979 ft: 10981 corp: 1940/175Kb lim: 4096 exec/s: 1204 rss: 474Mb L: 74/3977 MS: 1 EraseBytes-
#2219927	REDUCE cov: 2979 ft: 10981 corp: 1940/175Kb lim: 4096 exec/s: 1205 rss: 474Mb L: 60/3977 MS: 2 ManualDict-EraseBytes- DE: "ROUND("-
#2222219	REDUCE cov: 2979 ft: 10981 corp: 1940/175Kb lim: 4096 exec/s: 1205 rss: 474Mb L: 14/3977 MS: 2 ChangeBit-EraseBytes-
#2223215	REDUCE cov: 2979 ft: 10981 corp: 1940/175Kb lim: 4096 exec/s: 1204 rss: 474Mb L: 57/3977 MS: 1 EraseBytes-
#2225467	REDUCE cov: 2979 ft: 10981 corp: 1940/175Kb lim: 4096 exec/s: 1204 rss: 474Mb L: 512/3977 MS: 2 InsertByte-EraseBytes-
#2226215	REDUCE cov: 2979 ft: 10981 corp: 1940/175Kb lim: 4096 exec/s: 1205 rss: 474Mb L: 10/3977 MS: 3 ChangeBit-EraseBytes-CopyPart-
#2228887	REDUCE cov: 2979 ft: 10981 corp: 1940/175Kb lim: 4096 exec/s: 1205 rss: 474Mb L: 98/3977 MS: 2 CMP-EraseBytes- DE: "\377\377U<\326k@\340"-
#2229213	REDUCE cov: 2979 ft: 10981 corp: 1940/175Kb lim: 4096 exec/s: 1204 rss: 474Mb L: 59/3977 MS: 1 EraseBytes-
#2229536	REDUCE cov: 2979 ft: 10981 corp: 1940/175Kb lim: 4096 exec/s: 1205 rss: 474Mb L: 4/3977 MS: 3 ChangeBinInt-InsertByte-EraseBytes-
#2229597	REDUCE cov: 2979 ft: 10981 corp: 1940/175Kb lim: 4096 exec/s: 1205 rss: 474Mb L: 19/3977 MS: 1 EraseBytes-
#2229888	NEW    cov: 2980 ft: 10983 corp: 1941/175Kb lim: 4096 exec/s: 1205 rss: 474Mb L: 26/3977 MS: 1 ManualDict- DE: "0.1"-
#2231634	REDUCE cov: 2980 ft: 10983 corp: 1941/175Kb lim: 4096 exec/s: 1204 rss: 474Mb L: 26/3977 MS: 1 EraseBytes-
#2231828	REDUCE cov: 2980 ft: 10984 corp: 1942/178Kb lim: 4096 exec/s: 1205 rss: 474Mb L: 3785/3977 MS: 4 CrossOver-ChangeBit-PersAutoDict-CopyPart- DE: "DELETE"-
#2232424	REDUCE cov: 2980 ft: 10984 corp: 1942/178Kb lim: 4096 exec/s: 1205 rss: 474Mb L: 77/3977 MS: 1 EraseBytes-
#2232732	REDUCE cov: 2980 ft: 10984 corp: 1942/178Kb lim: 4096 exec/s: 1204 rss: 474Mb L: 99/3977 MS: 3 InsertByte-ManualDict-EraseBytes- DE: "v"-
#2232995	REDUCE cov: 2980 ft: 10984 corp: 1942/178Kb lim: 4096 exec/s: 1205 rss: 474Mb L: 106/3977 MS: 3 ShuffleBytes-ShuffleBytes-EraseBytes-
#2233491	REDUCE cov: 2980 ft: 10984 corp: 1942/178Kb lim: 4096 exec/s: 1205 rss: 474Mb L: 38/3977 MS: 1 EraseBytes-
#2234193	REDUCE cov: 2980 ft: 10984 corp: 1942/178Kb lim: 4096 exec/s: 1205 rss: 474Mb L: 12/3977 MS: 2 ShuffleBytes-EraseBytes-
#2234539	REDUCE cov: 2980 ft: 10984 corp: 1942/178Kb lim: 4096 exec/s: 1205 rss: 474Mb L: 32/3977 MS: 1 EraseBytes-
#2234775	REDUCE cov: 2980 ft: 10985 corp: 1943/178Kb lim: 4096 exec/s: 1205 rss: 474Mb L: 44/3977 MS: 1 CopyPart-
#2235016	REDUCE cov: 2981 ft: 10986 corp: 1944/179Kb lim: 4096 exec/s: 1205 rss: 474Mb L: 44/3977 MS: 1 ChangeBit-
#2235977	REDUCE cov: 2981 ft: 10986 corp: 1944/178Kb lim: 4096 exec/s: 1205 rss: 474Mb L: 110/3977 MS: 1 EraseBytes-
#2237649	REDUCE cov: 2981 ft: 10986 corp: 1944/178Kb lim: 4096 exec/s: 1204 rss: 474Mb L: 25/3977 MS: 2 ShuffleBytes-EraseBytes-
#2237865	NEW    cov: 2981 ft: 10988 corp: 1945/179Kb lim: 4096 exec/s: 1205 rss: 474Mb L: 25/3977 MS: 1 CopyPart-
#2238082	REDUCE cov: 2981 ft: 10988 corp: 1945/179Kb lim: 4096 exec/s: 1205 rss: 474Mb L: 17/3977 MS: 2 ChangeByte-EraseBytes-
#2238104	REDUCE cov: 2981 ft: 10988 corp: 1945/179Kb lim: 4096 exec/s: 1205 rss: 474Mb L: 10/3977 MS: 2 ChangeBinInt-EraseBytes-
#2238476	REDUCE cov: 2981 ft: 10988 corp: 1945/179Kb lim: 4096 exec/s: 1205 rss: 474Mb L: 32/3977 MS: 2 ChangeByte-EraseBytes-
#2239855	REDUCE cov: 2981 ft: 10988 corp: 1945/178Kb lim: 4096 exec/s: 1205 rss: 474Mb L: 167/3977 MS: 4 InsertRepeatedBytes-ManualDict-EraseBytes-CopyPart- DE: "b"-
#2239906	REDUCE cov: 2981 ft: 10988 corp: 1945/178Kb lim: 4096 exec/s: 1204 rss: 474Mb L: 42/3977 MS: 1 EraseBytes-
#2239986	REDUCE cov: 2981 ft: 10988 corp: 1945/178Kb lim: 4096 exec/s: 1204 rss: 474Mb L: 307/3977 MS: 5 InsertByte-CrossOver-ChangeBinInt-InsertByte-EraseBytes-
#2240199	REDUCE cov: 2981 ft: 10988 corp: 1945/178Kb lim: 4096 exec/s: 1205 rss: 474Mb L: 257/3977 MS: 3 ChangeBinInt-ChangeByte-EraseBytes-
#2240415	REDUCE cov: 2981 ft: 10988 corp: 1945/178Kb lim: 4096 exec/s: 1205 rss: 474Mb L: 36/3977 MS: 1 EraseBytes-
#2242047	REDUCE cov: 2981 ft: 10988 corp: 1945/178Kb lim: 4096 exec/s: 1205 rss: 474Mb L: 7/3977 MS: 2 ChangeByte-EraseBytes-
#2242138	REDUCE cov: 2981 ft: 10988 corp: 1945/178Kb lim: 4096 exec/s: 1205 rss: 474Mb L: 24/3977 MS: 1 EraseBytes-
#2243969	REDUCE cov: 2981 ft: 10988 corp: 1945/178Kb lim: 4096 exec/s: 1205 rss: 474Mb L: 31/3977 MS: 1 EraseBytes-
#2244780	REDUCE cov: 2981 ft: 10988 corp: 1945/178Kb lim: 4096 exec/s: 1204 rss: 474Mb L: 61/3977 MS: 1 EraseBytes-
#2246581	REDUCE cov: 2981 ft: 10988 corp: 1945/178Kb lim: 4096 exec/s: 1205 rss: 474Mb L: 31/3977 MS: 1 EraseBytes-
#2246732	REDUCE cov: 2981 ft: 10988 corp: 1945/178Kb lim: 4096 exec/s: 1205 rss: 474Mb L: 967/3977 MS: 1 EraseBytes-
#2247074	REDUCE cov: 2981 ft: 10988 corp: 1945/178Kb lim: 4096 exec/s: 1204 rss: 474Mb L: 47/3977 MS: 2 InsertByte-EraseBytes-
#2247800	REDUCE cov: 2981 ft: 10988 corp: 1945/178Kb lim: 4096 exec/s: 1205 rss: 474Mb L: 67/3977 MS: 1 EraseBytes-
#2249356	NEW    cov: 2981 ft: 10989 corp: 1946/178Kb lim: 4096 exec/s: 1205 rss: 474Mb L: 99/3977 MS: 1 CrossOver-
#2250894	REDUCE cov: 2981 ft: 10990 corp: 1947/178Kb lim: 4096 exec/s: 1204 rss: 474Mb L: 105/3977 MS: 3 ShuffleBytes-InsertByte-ChangeBinInt-
#2252250	REDUCE cov: 2981 ft: 10990 corp: 1947/178Kb lim: 4096 exec/s: 1205 rss: 474Mb L: 19/3977 MS: 1 EraseBytes-
#2252512	REDUCE cov: 2981 ft: 10990 corp: 1947/178Kb lim: 4096 exec/s: 1205 rss: 474Mb L: 46/3977 MS: 2 ChangeBit-EraseBytes-
#2253034	REDUCE cov: 2981 ft: 10990 corp: 1947/178Kb lim: 4096 exec/s: 1205 rss: 474Mb L: 30/3977 MS: 2 ShuffleBytes-EraseBytes-
#2253510	REDUCE cov: 2981 ft: 10990 corp: 1947/178Kb lim: 4096 exec/s: 1205 rss: 474Mb L: 299/3977 MS: 1 EraseBytes-
#2255686	REDUCE cov: 2981 ft: 10990 corp: 1947/178Kb lim: 4096 exec/s: 1205 rss: 474Mb L: 7/3977 MS: 1 EraseBytes-
#2255815	REDUCE cov: 2981 ft: 10990 corp: 1947/178Kb lim: 4096 exec/s: 1205 rss: 474Mb L: 65/3977 MS: 4 ChangeBit-ShuffleBytes-ChangeASCIIInt-EraseBytes-
#2256057	REDUCE cov: 2981 ft: 10990 corp: 1947/178Kb lim: 4096 exec/s: 1205 rss: 474Mb L: 99/3977 MS: 2 ShuffleBytes-EraseBytes-
#2258068	REDUCE cov: 2981 ft: 10990 corp: 1947/178Kb lim: 4096 exec/s: 1205 rss: 474Mb L: 51/3977 MS: 1 EraseBytes-
#2259354	REDUCE cov: 2981 ft: 10990 corp: 1947/178Kb lim: 4096 exec/s: 1205 rss: 474Mb L: 13/3977 MS: 1 EraseBytes-
#2259361	REDUCE cov: 2981 ft: 10990 corp: 1947/178Kb lim: 4096 exec/s: 1205 rss: 474Mb L: 14/3977 MS: 2 ChangeBit-EraseBytes-
#2259413	REDUCE cov: 2981 ft: 10990 corp: 1947/178Kb lim: 4096 exec/s: 1205 rss: 474Mb L: 9/3977 MS: 2 PersAutoDict-EraseBytes- DE: "SUM("-
#2259444	NEW    cov: 2981 ft: 10991 corp: 1948/178Kb lim: 4096 exec/s: 1205 rss: 474Mb L: 36/3977 MS: 1 ChangeASCIIInt-
#2259788	REDUCE cov: 2981 ft: 10991 corp: 1948/178Kb lim: 4096 exec/s: 1205 rss: 474Mb L: 51/3977 MS: 4 InsertByte-EraseBytes-ShuffleBytes-CopyPart-
#2261615	REDUCE cov: 2981 ft: 10991 corp: 1948/178Kb lim: 4096 exec/s: 1205 rss: 474Mb L: 904/3977 MS: 2 CrossOver-EraseBytes-
#2262086	REDUCE cov: 2981 ft: 10991 corp: 1948/178Kb lim: 4096 exec/s: 1205 rss: 474Mb L: 36/3977 MS: 1 EraseBytes-
#2262598	REDUCE cov: 2981 ft: 10991 corp: 1948/178Kb lim: 4096 exec/s: 1205 rss: 474Mb L: 62/3977 MS: 2 ShuffleBytes-EraseBytes-
#2263639	NEW    cov: 2981 ft: 10992 corp: 1949/178Kb lim: 4096 exec/s: 1205 rss: 474Mb L: 99/3977 MS: 1 ChangeByte-
#2264090	REDUCE cov: 2981 ft: 10992 corp: 1949/178Kb lim: 4096 exec/s: 1205 rss: 474Mb L: 92/3977 MS: 1 EraseBytes-
#2265282	REDUCE cov: 2981 ft: 10992 corp: 1949/178Kb lim: 4096 exec/s: 1205 rss: 474Mb L: 52/3977 MS: 2 ChangeASCIIInt-EraseBytes-
#2265804	REDUCE cov: 2981 ft: 10992 corp: 1949/178Kb lim: 4096 exec/s: 1205 rss: 474Mb L: 2953/3977 MS: 2 InsertByte-EraseBytes-
#2265996	REDUCE cov: 2981 ft: 10992 corp: 1949/178Kb lim: 4096 exec/s: 1205 rss: 474Mb L: 11/3977 MS: 2 CrossOver-EraseBytes-
#2266569	REDUCE cov: 2981 ft: 10992 corp: 1949/178Kb lim: 4096 exec/s: 1205 rss: 474Mb L: 43/3977 MS: 3 EraseBytes-InsertByte-PersAutoDict- DE: "\377\377\377\002"-
#2266665	REDUCE cov: 2981 ft: 10992 corp: 1949/177Kb lim: 4096 exec/s: 1205 rss: 474Mb L: 2639/3977 MS: 1 EraseBytes-
#2266826	REDUCE cov: 2981 ft: 10992 corp: 1949/177Kb lim: 4096 exec/s: 1205 rss: 474Mb L: 26/3977 MS: 1 EraseBytes-
#2267237	REDUCE cov: 2981 ft: 10992 corp: 1949/177Kb lim: 4096 exec/s: 1205 rss: 474Mb L: 7/3977 MS: 1 EraseBytes-
#2267268	REDUCE cov: 2981 ft: 10992 corp: 1949/177Kb lim: 4096 exec/s: 1205 rss: 474Mb L: 33/3977 MS: 1 EraseBytes-
#2268090	REDUCE cov: 2981 ft: 10992 corp: 1949/177Kb lim: 4096 exec/s: 1205 rss: 474Mb L: 119/3977 MS: 2 CopyPart-EraseBytes-
#2268461	REDUCE cov: 2981 ft: 10992 corp: 1949/177Kb lim: 4096 exec/s: 1205 rss: 474Mb L: 159/3977 MS: 1 EraseBytes-
#2269082	REDUCE cov: 2981 ft: 10992 corp: 1949/177Kb lim: 4096 exec/s: 1205 rss: 474Mb L: 13/3977 MS: 1 EraseBytes-
#2269343	REDUCE cov: 2981 ft: 10992 corp: 1949/177Kb lim: 4096 exec/s: 1205 rss: 474Mb L: 198/3977 MS: 1 EraseBytes-
#2269704	REDUCE cov: 2981 ft: 10992 corp: 1949/177Kb lim: 4096 exec/s: 1205 rss: 474Mb L: 37/3977 MS: 1 EraseBytes-
#2271425	REDUCE cov: 2981 ft: 10992 corp: 1949/177Kb lim: 4096 exec/s: 1205 rss: 474Mb L: 37/3977 MS: 1 EraseBytes-
#2272176	REDUCE cov: 2981 ft: 10992 corp: 1949/177Kb lim: 4096 exec/s: 1205 rss: 474Mb L: 46/3977 MS: 1 EraseBytes-
#2273282	REDUCE cov: 2981 ft: 10992 corp: 1949/177Kb lim: 4096 exec/s: 1205 rss: 474Mb L: 10/3977 MS: 1 EraseBytes-
#2274878	REDUCE cov: 2981 ft: 10992 corp: 1949/177Kb lim: 4096 exec/s: 1205 rss: 476Mb L: 14/3977 MS: 1 EraseBytes-
#2274929	REDUCE cov: 2981 ft: 10992 corp: 1949/177Kb lim: 4096 exec/s: 1205 rss: 476Mb L: 6/3977 MS: 1 EraseBytes-
#2275003	NEW    cov: 2983 ft: 10995 corp: 1950/177Kb lim: 4096 exec/s: 1205 rss: 476Mb L: 53/3977 MS: 4 ChangeBinInt-PersAutoDict-CrossOver-EraseBytes- DE: "t3"-
#2275357	REDUCE cov: 2983 ft: 10995 corp: 1950/177Kb lim: 4096 exec/s: 1205 rss: 476Mb L: 907/3977 MS: 4 ChangeByte-ShuffleBytes-ChangeByte-EraseBytes-
#2276733	REDUCE cov: 2983 ft: 10995 corp: 1950/177Kb lim: 4096 exec/s: 1205 rss: 476Mb L: 23/3977 MS: 1 EraseBytes-
#2278269	REDUCE cov: 2983 ft: 10995 corp: 1950/177Kb lim: 4096 exec/s: 1205 rss: 476Mb L: 62/3977 MS: 1 EraseBytes-
#2279260	REDUCE cov: 2983 ft: 10995 corp: 1950/177Kb lim: 4096 exec/s: 1205 rss: 476Mb L: 52/3977 MS: 1 EraseBytes-
#2280398	REDUCE cov: 2983 ft: 10995 corp: 1950/177Kb lim: 4096 exec/s: 1205 rss: 476Mb L: 43/3977 MS: 3 ShuffleBytes-EraseBytes-PersAutoDict- DE: "8SQLTREE"-
#2281227	REDUCE cov: 2983 ft: 10995 corp: 1950/177Kb lim: 4096 exec/s: 1205 rss: 476Mb L: 1632/3977 MS: 4 PersAutoDict-ShuffleBytes-InsertByte-EraseBytes- DE: "<>"-
#2282739	NEW    cov: 2984 ft: 10996 corp: 1951/177Kb lim: 4096 exec/s: 1205 rss: 476Mb L: 86/3977 MS: 2 ChangeASCIIInt-InsertByte-
#2282807	REDUCE cov: 2984 ft: 10996 corp: 1951/177Kb lim: 4096 exec/s: 1205 rss: 476Mb L: 263/3977 MS: 3 ShuffleBytes-ChangeASCIIInt-EraseBytes-
#2282988	REDUCE cov: 2984 ft: 10997 corp: 1952/177Kb lim: 4096 exec/s: 1205 rss: 476Mb L: 36/3977 MS: 1 CopyPart-
#2283835	REDUCE cov: 2984 ft: 10997 corp: 1952/177Kb lim: 4096 exec/s: 1205 rss: 476Mb L: 98/3977 MS: 2 ShuffleBytes-EraseBytes-
#2285392	REDUCE cov: 2984 ft: 10998 corp: 1953/177Kb lim: 4096 exec/s: 1205 rss: 476Mb L: 13/3977 MS: 2 PersAutoDict-CMP- DE: "\001\000V<\326k@\360"-"\350\003\000\000"-
#2286685	REDUCE cov: 2984 ft: 10998 corp: 1953/177Kb lim: 4096 exec/s: 1205 rss: 476Mb L: 144/3977 MS: 3 ShuffleBytes-CrossOver-EraseBytes-
#2288761	REDUCE cov: 2984 ft: 10998 corp: 1953/177Kb lim: 4096 exec/s: 1205 rss: 476Mb L: 270/3977 MS: 1 EraseBytes-
#2291133	REDUCE cov: 2984 ft: 10998 corp: 1953/177Kb lim: 4096 exec/s: 1205 rss: 476Mb L: 60/3977 MS: 2 ChangeBinInt-EraseBytes-
#2293155	REDUCE cov: 2984 ft: 10998 corp: 1953/177Kb lim: 4096 exec/s: 1205 rss: 476Mb L: 60/3977 MS: 2 CMP-EraseBytes- DE: "ASQLTREE"-
#2295006	NEW    cov: 2984 ft: 11003 corp: 1954/177Kb lim: 4096 exec/s: 1205 rss: 476Mb L: 28/3977 MS: 1 ChangeBit-
#2296276	REDUCE cov: 2984 ft: 11003 corp: 1954/177Kb lim: 4096 exec/s: 1205 rss: 476Mb L: 67/3977 MS: 5 ShuffleBytes-ChangeBit-ChangeByte-InsertByte-EraseBytes-
#2297580	NEW    cov: 2984 ft: 11005 corp: 1955/178Kb lim: 4096 exec/s: 1205 rss: 476Mb L: 147/3977 MS: 4 InsertRepeatedBytes-InsertByte-CMP-InsertRepeatedBytes- DE: "\003\000\000\000\007\000\000\000\000\000\010 _\240\002B\004it's"-
#2299966	REDUCE cov: 2984 ft: 11005 corp: 1955/178Kb lim: 4096 exec/s: 1205 rss: 476Mb L: 48/3977 MS: 1 EraseBytes-
#2300687	REDUCE cov: 2984 ft: 11005 corp: 1955/177Kb lim: 4096 exec/s: 1205 rss: 476Mb L: 51/3977 MS: 1 EraseBytes-
#2301903	REDUCE cov: 2984 ft: 11005 corp: 1955/177Kb lim: 4096 exec/s: 1205 rss: 476Mb L: 59/3977 MS: 1 EraseBytes-
#2302759	REDUCE cov: 2984 ft: 11005 corp: 1955/177Kb lim: 4096 exec/s: 1205 rss: 476Mb L: 10/3977 MS: 1 EraseBytes-
#2302822	REDUCE cov: 2984 ft: 11005 corp: 1955/177Kb lim: 4096 exec/s: 1205 rss: 476Mb L: 96/3977 MS: 3 ManualDict-EraseBytes-CrossOver- DE: "w"-
#2302868	REDUCE cov: 2984 ft: 11005 corp: 1955/177Kb lim: 4096 exec/s: 1205 rss: 476Mb L: 23/3977 MS: 1 EraseBytes-
#2303295	REDUCE cov: 2984 ft: 11005 corp: 1955/177Kb lim: 4096 exec/s: 1205 rss: 476Mb L: 65/3977 MS: 2 CopyPart-EraseBytes-
#2305471	REDUCE cov: 2984 ft: 11005 corp: 1955/177Kb lim: 4096 exec/s: 1205 rss: 476Mb L: 51/3977 MS: 1 EraseBytes-
#2307893	REDUCE cov: 2984 ft: 11005 corp: 1955/177Kb lim: 4096 exec/s: 1205 rss: 476Mb L: 59/3977 MS: 2 CrossOver-EraseBytes-
#2308405	REDUCE cov: 2984 ft: 11005 corp: 1955/177Kb lim: 4096 exec/s: 1205 rss: 476Mb L: 238/3977 MS: 2 ChangeBinInt-EraseBytes-
#2309974	REDUCE cov: 2984 ft: 11005 corp: 1955/177Kb lim: 4096 exec/s: 1205 rss: 476Mb L: 2614/3977 MS: 4 ChangeBit-InsertByte-InsertByte-EraseBytes-
#2310006	NEW    cov: 2984 ft: 11006 corp: 1956/178Kb lim: 4096 exec/s: 1205 rss: 476Mb L: 99/3977 MS: 2 CMP-CopyPart- DE: "\357@k\326<V\000\000"-
#2310202	REDUCE cov: 2984 ft: 11006 corp: 1956/178Kb lim: 4096 exec/s: 1205 rss: 476Mb L: 115/3977 MS: 1 EraseBytes-
#2310734	REDUCE cov: 2984 ft: 11006 corp: 1956/177Kb lim: 4096 exec/s: 1205 rss: 476Mb L: 1946/3977 MS: 2 InsertByte-EraseBytes-
#2314240	REDUCE cov: 2984 ft: 11006 corp: 1956/177Kb lim: 4096 exec/s: 1205 rss: 476Mb L: 22/3977 MS: 1 EraseBytes-
#2314491	REDUCE cov: 2984 ft: 11006 corp: 1956/177Kb lim: 4096 exec/s: 1205 rss: 476Mb L: 57/3977 MS: 1 EraseBytes-
#2314568	REDUCE cov: 2984 ft: 11006 corp: 1956/177Kb lim: 4096 exec/s: 1205 rss: 476Mb L: 16/3977 MS: 2 ChangeASCIIInt-EraseBytes-
#2317024	REDUCE cov: 2984 ft: 11006 corp: 1956/177Kb lim: 4096 exec/s: 1205 rss: 476Mb L: 664/3977 MS: 1 EraseBytes-
#2317116	REDUCE cov: 2984 ft: 11006 corp: 1956/177Kb lim: 4096 exec/s: 1205 rss: 476Mb L: 30/3977 MS: 2 ChangeBinInt-EraseBytes-
#2317682	REDUCE cov: 2984 ft: 11006 corp: 1956/177Kb lim: 4096 exec/s: 1205 rss: 476Mb L: 43/3977 MS: 1 EraseBytes-
#2318203	REDUCE cov: 2984 ft: 11006 corp: 1956/177Kb lim: 4096 exec/s: 1205 rss: 476Mb L: 86/3977 MS: 1 EraseBytes-
#2322434	REDUCE cov: 2984 ft: 11006 corp: 1956/177Kb lim: 4096 exec/s: 1205 rss: 476Mb L: 12/3977 MS: 1 EraseBytes-
#2322665	NEW    cov: 2984 ft: 11007 corp: 1957/177Kb lim: 4096 exec/s: 1205 rss: 476Mb L: 79/3977 MS: 1 ChangeByte-
#2324547	REDUCE cov: 2984 ft: 11008 corp: 1958/178Kb lim: 4096 exec/s: 1205 rss: 476Mb L: 86/3977 MS: 2 CrossOver-EraseBytes-
#2326750	REDUCE cov: 2984 ft: 11008 corp: 1958/178Kb lim: 4096 exec/s: 1205 rss: 476Mb L: 37/3977 MS: 3 ShuffleBytes-ChangeASCIIInt-EraseBytes-
#2327643	REDUCE cov: 2984 ft: 11008 corp: 1958/178Kb lim: 4096 exec/s: 1205 rss: 476Mb L: 45/3977 MS: 3 ChangeBinInt-InsertByte-EraseBytes-
#2328660	REDUCE cov: 2984 ft: 11008 corp: 1958/178Kb lim: 4096 exec/s: 1205 rss: 476Mb L: 99/3977 MS: 2 InsertByte-EraseBytes-
#2329916	REDUCE cov: 2984 ft: 11008 corp: 1958/178Kb lim: 4096 exec/s: 1205 rss: 476Mb L: 183/3977 MS: 1 EraseBytes-
#2330270	REDUCE cov: 2984 ft: 11009 corp: 1959/178Kb lim: 4096 exec/s: 1205 rss: 476Mb L: 42/3977 MS: 4 CopyPart-PersAutoDict-ChangeBit-ShuffleBytes- DE: "SET"-
#2332096	REDUCE cov: 2984 ft: 11009 corp: 1959/178Kb lim: 4096 exec/s: 1205 rss: 476Mb L: 35/3977 MS: 1 EraseBytes-
#2332272	REDUCE cov: 2984 ft: 11009 corp: 1959/178Kb lim: 4096 exec/s: 1205 rss: 476Mb L: 8/3977 MS: 1 EraseBytes-
#2334383	REDUCE cov: 2984 ft: 11009 corp: 1959/178Kb lim: 4096 exec/s: 1205 rss: 476Mb L: 10/3977 MS: 1 EraseBytes-
#2336744	REDUCE cov: 2984 ft: 11009 corp: 1959/178Kb lim: 4096 exec/s: 1205 rss: 476Mb L: 17/3977 MS: 1 EraseBytes-
#2338141	REDUCE cov: 2984 ft: 11009 corp: 1959/178Kb lim: 4096 exec/s: 1205 rss: 476Mb L: 16/3977 MS: 2 ChangeBinInt-EraseBytes-
#2338382	REDUCE cov: 2984 ft: 11009 corp: 1959/178Kb lim: 4096 exec/s: 1205 rss: 476Mb L: 7/3977 MS: 1 EraseBytes-
#2338590	NEW    cov: 2984 ft: 11010 corp: 1960/178Kb lim: 4096 exec/s: 1205 rss: 476Mb L: 129/3977 MS: 3 InsertRepeatedBytes-CMP-CrossOver- DE: "\"\000"-
#2339251	REDUCE cov: 2984 ft: 11010 corp: 1960/178Kb lim: 4096 exec/s: 1205 rss: 476Mb L: 148/3977 MS: 1 EraseBytes-
#2339701	REDUCE cov: 2984 ft: 11011 corp: 1961/182Kb lim: 4096 exec/s: 1205 rss: 476Mb L: 3943/3977 MS: 5 InsertRepeatedBytes-ChangeBit-ChangeBit-ChangeASCIIInt-CopyPart-
#2340188	REDUCE cov: 2984 ft: 11011 corp: 1961/181Kb lim: 4096 exec/s: 1205 rss: 476Mb L: 2943/3977 MS: 2 ShuffleBytes-EraseBytes-
#2340549	REDUCE cov: 2984 ft: 11013 corp: 1962/181Kb lim: 4096 exec/s: 1205 rss: 476Mb L: 159/3977 MS: 1 CopyPart-
#2340857	REDUCE cov: 2984 ft: 11013 corp: 1962/181Kb lim: 4096 exec/s: 1205 rss: 476Mb L: 27/3977 MS: 3 InsertRepeatedBytes-ChangeASCIIInt-EraseBytes-
#2341653	REDUCE cov: 2984 ft: 11013 corp: 1962/181Kb lim: 4096 exec/s: 1205 rss: 476Mb L: 71/3977 MS: 1 EraseBytes-
#2342120	REDUCE cov: 2984 ft: 11013 corp: 1962/181Kb lim: 4096 exec/s: 1205 rss: 476Mb L: 16/3977 MS: 2 EraseBytes-CopyPart-
#2343891	REDUCE cov: 2984 ft: 11013 corp: 1962/181Kb lim: 4096 exec/s: 1205 rss: 476Mb L: 38/3977 MS: 1 EraseBytes-
#2344522	REDUCE cov: 2984 ft: 11013 corp: 1962/181Kb lim: 4096 exec/s: 1205 rss: 476Mb L: 33/3977 MS: 1 EraseBytes-
#2345854	REDUCE cov: 2984 ft: 11013 corp: 1962/181Kb lim: 4096 exec/s: 1205 rss: 477Mb L: 16/3977 MS: 2 ChangeASCIIInt-EraseBytes-
#2346385	REDUCE cov: 2984 ft: 11015 corp: 1963/181Kb lim: 4096 exec/s: 1205 rss: 477Mb L: 78/3977 MS: 1 ManualDict- DE: "NOT"-
#2348983	REDUCE cov: 2984 ft: 11015 corp: 1963/181Kb lim: 4096 exec/s: 1205 rss: 477Mb L: 8/3977 MS: 3 CopyPart-ShuffleBytes-EraseBytes-
#2349189	REDUCE cov: 2984 ft: 11015 corp: 1963/181Kb lim: 4096 exec/s: 1205 rss: 477Mb L: 18/3977 MS: 1 EraseBytes-
#2350815	REDUCE cov: 2984 ft: 11015 corp: 1963/181Kb lim: 4096 exec/s: 1205 rss: 477Mb L: 22/3977 MS: 1 EraseBytes-
#2351476	REDUCE cov: 2984 ft: 11015 corp: 1963/181Kb lim: 4096 exec/s: 1205 rss: 477Mb L: 55/3977 MS: 1 EraseBytes-
#2352248	REDUCE cov: 2984 ft: 11015 corp: 1963/181Kb lim: 4096 exec/s: 1205 rss: 477Mb L: 1108/3977 MS: 2 ManualDict-EraseBytes- DE: "TABLE"-
#2352715	REDUCE cov: 2984 ft: 11015 corp: 1963/180Kb lim: 4096 exec/s: 1205 rss: 477Mb L: 2205/3977 MS: 2 ShuffleBytes-EraseBytes-
#2353086	REDUCE cov: 2984 ft: 11015 corp: 1963/180Kb lim: 4096 exec/s: 1205 rss: 477Mb L: 31/3977 MS: 1 EraseBytes-
#2353202	REDUCE cov: 2984 ft: 11016 corp: 1964/180Kb lim: 4096 exec/s: 1205 rss: 477Mb L: 14/3977 MS: 1 EraseBytes-
#2354309	REDUCE cov: 2984 ft: 11016 corp: 1964/180Kb lim: 4096 exec/s: 1205 rss: 477Mb L: 97/3977 MS: 2 InsertByte-EraseBytes-
#2355475	REDUCE cov: 2984 ft: 11016 corp: 1964/180Kb lim: 4096 exec/s: 1205 rss: 477Mb L: 44/3977 MS: 1 EraseBytes-
#2355642	REDUCE cov: 2984 ft: 11016 corp: 1964/180Kb lim: 4096 exec/s: 1205 rss: 477Mb L: 1702/3977 MS: 2 ShuffleBytes-EraseBytes-
#2355729	REDUCE cov: 2984 ft: 11016 corp: 1964/180Kb lim: 4096 exec/s: 1205 rss: 477Mb L: 36/3977 MS: 2 ShuffleBytes-EraseBytes-
#2356145	REDUCE cov: 2984 ft: 11016 corp: 1964/179Kb lim: 4096 exec/s: 1205 rss: 477Mb L: 382/3977 MS: 1 EraseBytes-
#2357296	REDUCE cov: 2984 ft: 11016 corp: 1964/179Kb lim: 4096 exec/s: 1205 rss: 477Mb L: 30/3977 MS: 1 EraseBytes-
#2358052	REDUCE cov: 2984 ft: 11016 corp: 1964/179Kb lim: 4096 exec/s: 1205 rss: 477Mb L: 112/3977 MS: 1 EraseBytes-
#2358448	REDUCE cov: 2984 ft: 11016 corp: 1964/179Kb lim: 4096 exec/s: 1205 rss: 477Mb L: 13/3977 MS: 1 EraseBytes-
#2358749	REDUCE cov: 2984 ft: 11016 corp: 1964/179Kb lim: 4096 exec/s: 1205 rss: 477Mb L: 13/3977 MS: 1 EraseBytes-
#2359596	REDUCE cov: 2984 ft: 11016 corp: 1964/179Kb lim: 4096 exec/s: 1205 rss: 477Mb L: 138/3977 MS: 2 ChangeByte-EraseBytes-
#2360580	REDUCE cov: 2984 ft: 11016 corp: 1964/179Kb lim: 4096 exec/s: 1205 rss: 477Mb L: 22/3977 MS: 4 ChangeBit-CopyPart-PersAutoDict-EraseBytes- DE: "d"-
#2361121	REDUCE cov: 2984 ft: 11016 corp: 1964/179Kb lim: 4096 exec/s: 1205 rss: 477Mb L: 7/3977 MS: 1 EraseBytes-
#2362177	REDUCE cov: 2984 ft: 11016 corp: 1964/179Kb lim: 4096 exec/s: 1205 rss: 478Mb L: 82/3977 MS: 1 EraseBytes-
#2362565	REDUCE cov: 2984 ft: 11016 corp: 1964/179Kb lim: 4096 exec/s: 1205 rss: 478Mb L: 288/3977 MS: 3 ShuffleBytes-EraseBytes-InsertRepeatedBytes-
#2362962	REDUCE cov: 2984 ft: 11017 corp: 1965/180Kb lim: 4096 exec/s: 1205 rss: 478Mb L: 160/3977 MS: 2 CopyPart-InsertRepeatedBytes-
#2363578	REDUCE cov: 2984 ft: 11017 corp: 1965/180Kb lim: 4096 exec/s: 1205 rss: 478Mb L: 105/3977 MS: 1 EraseBytes-
#2364119	REDUCE cov: 2984 ft: 11017 corp: 1965/180Kb lim: 4096 exec/s: 1205 rss: 478Mb L: 104/3977 MS: 1 EraseBytes-
#2365375	REDUCE cov: 2984 ft: 11017 corp: 1965/180Kb lim: 4096 exec/s: 1205 rss: 478Mb L: 77/3977 MS: 1 EraseBytes-
#2365991	REDUCE cov: 2984 ft: 11017 corp: 1965/180Kb lim: 4096 exec/s: 1205 rss: 478Mb L: 32/3977 MS: 1 EraseBytes-
#2366312	REDUCE cov: 2984 ft: 11017 corp: 1965/179Kb lim: 4096 exec/s: 1205 rss: 478Mb L: 35/3977 MS: 1 EraseBytes-
#2367029	REDUCE cov: 2984 ft: 11017 corp: 1965/179Kb lim: 4096 exec/s: 1205 rss: 478Mb L: 38/3977 MS: 2 ChangeByte-EraseBytes-
#2367060	NEW    cov: 2984 ft: 11018 corp: 1966/180Kb lim: 4096 exec/s: 1205 rss: 478Mb L: 591/3977 MS: 1 CopyPart-
#2368826	REDUCE cov: 2984 ft: 11018 corp: 1966/180Kb lim: 4096 exec/s: 1205 rss: 478Mb L: 26/3977 MS: 1 EraseBytes-
#2369097	NEW    cov: 2984 ft: 11019 corp: 1967/180Kb lim: 4096 exec/s: 1205 rss: 478Mb L: 27/3977 MS: 1 ChangeBit-
#2369190	REDUCE cov: 2984 ft: 11019 corp: 1967/180Kb lim: 4096 exec/s: 1205 rss: 478Mb L: 39/3977 MS: 3 ChangeBinInt-ChangeBinInt-EraseBytes-
#2369521	REDUCE cov: 2984 ft: 11019 corp: 1967/180Kb lim: 4096 exec/s: 1205 rss: 478Mb L: 120/3977 MS: 1 EraseBytes-
#2370822	REDUCE cov: 2984 ft: 11019 corp: 1967/180Kb lim: 4096 exec/s: 1205 rss: 478Mb L: 43/3977 MS: 1 EraseBytes-
#2371343	REDUCE cov: 2984 ft: 11019 corp: 1967/180Kb lim: 4096 exec/s: 1205 rss: 478Mb L: 9/3977 MS: 1 EraseBytes-
#2373399	REDUCE cov: 2984 ft: 11019 corp: 1967/180Kb lim: 4096 exec/s: 1205 rss: 478Mb L: 9/3977 MS: 1 EraseBytes-
#2374555	REDUCE cov: 2984 ft: 11019 corp: 1967/180Kb lim: 4096 exec/s: 1205 rss: 478Mb L: 9/3977 MS: 1 EraseBytes-
#2376449	REDUCE cov: 2984 ft: 11019 corp: 1967/180Kb lim: 4096 exec/s: 1205 rss: 478Mb L: 107/3977 MS: 4 ChangeBit-ChangeASCIIInt-ChangeBit-EraseBytes-
#2377000	REDUCE cov: 2984 ft: 11019 corp: 1967/180Kb lim: 4096 exec/s: 1205 rss: 478Mb L: 97/3977 MS: 1 EraseBytes-
#2381192	REDUCE cov: 2984 ft: 11021 corp: 1968/180Kb lim: 4096 exec/s: 1205 rss: 478Mb L: 113/3977 MS: 2 InsertByte-PersAutoDict- DE: "EXPLAIN"-
#2381369	REDUCE cov: 2984 ft: 11021 corp: 1968/180Kb lim: 4096 exec/s: 1205 rss: 478Mb L: 40/3977 MS: 2 ChangeBinInt-EraseBytes-
#2381405	REDUCE cov: 2984 ft: 11021 corp: 1968/180Kb lim: 4096 exec/s: 1205 rss: 478Mb L: 36/3977 MS: 1 EraseBytes-
#2382071	NEW    cov: 2984 ft: 11025 corp: 1969/180Kb lim: 4096 exec/s: 1205 rss: 478Mb L: 64/3977 MS: 1 ChangeBinInt-
#2385472	REDUCE cov: 2984 ft: 11025 corp: 1969/180Kb lim: 4096 exec/s: 1205 rss: 478Mb L: 12/3977 MS: 1 EraseBytes-
#2385853	REDUCE cov: 2984 ft: 11025 corp: 1969/180Kb lim: 4096 exec/s: 1205 rss: 478Mb L: 45/3977 MS: 1 EraseBytes-
#2386706	REDUCE cov: 2984 ft: 11025 corp: 1969/180Kb lim: 4096 exec/s: 1205 rss: 478Mb L: 1575/3977 MS: 3 InsertByte-PersAutoDict-EraseBytes- DE: "LIMIT"-
#2389318	REDUCE cov: 2984 ft: 11025 corp: 1969/180Kb lim: 4096 exec/s: 1205 rss: 478Mb L: 215/3977 MS: 2 ShuffleBytes-EraseBytes-
#2390469	REDUCE cov: 2984 ft: 11025 corp: 1969/180Kb lim: 4096 exec/s: 1205 rss: 478Mb L: 16/3977 MS: 1 EraseBytes-
#2391300	REDUCE cov: 2984 ft: 11025 corp: 1969/180Kb lim: 4096 exec/s: 1205 rss: 478Mb L: 17/3977 MS: 1 EraseBytes-
#2392507	REDUCE cov: 2984 ft: 11025 corp: 1969/180Kb lim: 4096 exec/s: 1205 rss: 478Mb L: 65/3977 MS: 2 PersAutoDict-EraseBytes- DE: "8SQLTREE"-
#2393109	REDUCE cov: 2984 ft: 11025 corp: 1969/180Kb lim: 4096 exec/s: 1205 rss: 478Mb L: 16/3977 MS: 2 CopyPart-EraseBytes-
#2393168	REDUCE cov: 2984 ft: 11025 corp: 1969/180Kb lim: 4096 exec/s: 1205 rss: 478Mb L: 150/3977 MS: 4 ChangeBinInt-ChangeASCIIInt-CopyPart-EraseBytes-
#2393434	REDUCE cov: 2984 ft: 11025 corp: 1969/180Kb lim: 4096 exec/s: 1205 rss: 478Mb L: 359/3977 MS: 1 EraseBytes-
#2393886	REDUCE cov: 2984 ft: 11025 corp: 1969/180Kb lim: 4096 exec/s: 1205 rss: 478Mb L: 159/3977 MS: 2 EraseBytes-ChangeByte-
#2396373	REDUCE cov: 2984 ft: 11025 corp: 1969/180Kb lim: 4096 exec/s: 1205 rss: 478Mb L: 67/3977 MS: 2 ChangeBinInt-EraseBytes-
#2397229	REDUCE cov: 2984 ft: 11025 corp: 1969/180Kb lim: 4096 exec/s: 1205 rss: 478Mb L: 25/3977 MS: 1 EraseBytes-
#2398420	REDUCE cov: 2984 ft: 11025 corp: 1969/180Kb lim: 4096 exec/s: 1205 rss: 478Mb L: 157/3977 MS: 1 EraseBytes-
#2398544	REDUCE cov: 2984 ft: 11025 corp: 1969/180Kb lim: 4096 exec/s: 1205 rss: 478Mb L: 85/3977 MS: 4 ChangeBit-ChangeBit-ManualDict-EraseBytes- DE: "INT"-
#2399225	REDUCE cov: 2984 ft: 11025 corp: 1969/180Kb lim: 4096 exec/s: 1205 rss: 478Mb L: 54/3977 MS: 1 EraseBytes-
#2399406	REDUCE cov: 2984 ft: 11025 corp: 1969/180Kb lim: 4096 exec/s: 1205 rss: 478Mb L: 59/3977 MS: 1 EraseBytes-
#2402118	REDUCE cov: 2984 ft: 11025 corp: 1969/180Kb lim: 4096 exec/s: 1205 rss: 478Mb L: 41/3977 MS: 2 ShuffleBytes-EraseBytes-
#2403539	REDUCE cov: 2984 ft: 11025 corp: 1969/180Kb lim: 4096 exec/s: 1205 rss: 478Mb L: 102/3977 MS: 1 EraseBytes-
#2404255	REDUCE cov: 2984 ft: 11025 corp: 1969/180Kb lim: 4096 exec/s: 1205 rss: 478Mb L: 26/3977 MS: 1 EraseBytes-
#2404626	REDUCE cov: 2984 ft: 11025 corp: 1969/180Kb lim: 4096 exec/s: 1205 rss: 478Mb L: 1175/3977 MS: 1 EraseBytes-
#2404726	REDUCE cov: 2984 ft: 11025 corp: 1969/180Kb lim: 4096 exec/s: 1205 rss: 478Mb L: 28/3977 MS: 5 ChangeBinInt-EraseBytes-ChangeASCIIInt-ChangeBit-CopyPart-
#2405209	REDUCE cov: 2984 ft: 11025 corp: 1969/180Kb lim: 4096 exec/s: 1205 rss: 478Mb L: 29/3977 MS: 3 EraseBytes-EraseBytes-InsertByte-
#2405390	REDUCE cov: 2984 ft: 11025 corp: 1969/180Kb lim: 4096 exec/s: 1205 rss: 478Mb L: 13/3977 MS: 1 EraseBytes-
#2405508	REDUCE cov: 2984 ft: 11025 corp: 1969/180Kb lim: 4096 exec/s: 1205 rss: 478Mb L: 1480/3977 MS: 3 InsertByte-ManualDict-EraseBytes- DE: "TEXT"-
#2406899	REDUCE cov: 2984 ft: 11025 corp: 1969/180Kb lim: 4096 exec/s: 1205 rss: 478Mb L: 62/3977 MS: 1 EraseBytes-
#2409420	REDUCE cov: 2984 ft: 11025 corp: 1969/180Kb lim: 4096 exec/s: 1205 rss: 478Mb L: 7/3977 MS: 1 EraseBytes-
#2409902	REDUCE cov: 2984 ft: 11029 corp: 1970/180Kb lim: 4096 exec/s: 1205 rss: 478Mb L: 127/3977 MS: 2 InsertByte-CopyPart-
#2413943	REDUCE cov: 2984 ft: 11029 corp: 1970/180Kb lim: 4096 exec/s: 1205 rss: 478Mb L: 15/3977 MS: 1 EraseBytes-
#2415065	REDUCE cov: 2984 ft: 11029 corp: 1970/180Kb lim: 4096 exec/s: 1205 rss: 478Mb L: 63/3977 MS: 2 PersAutoDict-EraseBytes- DE: "=="-
#2415656	REDUCE cov: 2984 ft: 11029 corp: 1970/180Kb lim: 4096 exec/s: 1205 rss: 478Mb L: 18/3977 MS: 1 EraseBytes-
#2416322	REDUCE cov: 2984 ft: 11029 corp: 1970/180Kb lim: 4096 exec/s: 1205 rss: 478Mb L: 4/3977 MS: 1 EraseBytes-
#2416933	REDUCE cov: 2984 ft: 11029 corp: 1970/180Kb lim: 4096 exec/s: 1205 rss: 478Mb L: 20/3977 MS: 1 EraseBytes-
#2417789	REDUCE cov: 2984 ft: 11029 corp: 1970/180Kb lim: 4096 exec/s: 1205 rss: 478Mb L: 44/3977 MS: 1 EraseBytes-
#2420103	REDUCE cov: 2984 ft: 11029 corp: 1970/180Kb lim: 4096 exec/s: 1205 rss: 478Mb L: 109/3977 MS: 4 CrossOver-CMP-CopyPart-EraseBytes- DE: "\002\377\000\000"-
#2420519	REDUCE cov: 2984 ft: 11029 corp: 1970/180Kb lim: 4096 exec/s: 1205 rss: 478Mb L: 15/3977 MS: 1 EraseBytes-
#2420696	REDUCE cov: 2984 ft: 11029 corp: 1970/180Kb lim: 4096 exec/s: 1205 rss: 478Mb L: 96/3977 MS: 2 ChangeBit-EraseBytes-
#2420787	REDUCE cov: 2984 ft: 11029 corp: 1970/180Kb lim: 4096 exec/s: 1205 rss: 478Mb L: 26/3977 MS: 1 EraseBytes-
#2421410	REDUCE cov: 2984 ft: 11029 corp: 1970/180Kb lim: 4096 exec/s: 1205 rss: 478Mb L: 2220/3977 MS: 3 CopyPart-CopyPart-EraseBytes-
#2423906	REDUCE cov: 2984 ft: 11029 corp: 1970/180Kb lim: 4096 exec/s: 1205 rss: 478Mb L: 51/3977 MS: 1 EraseBytes-
#2426047	REDUCE cov: 2984 ft: 11029 corp: 1970/180Kb lim: 4096 exec/s: 1205 rss: 478Mb L: 380/3977 MS: 1 EraseBytes-
#2426574	REDUCE cov: 2984 ft: 11029 corp: 1970/180Kb lim: 4096 exec/s: 1205 rss: 478Mb L: 3/3977 MS: 2 InsertByte-EraseBytes-
#2428286	REDUCE cov: 2984 ft: 11029 corp: 1970/180Kb lim: 4096 exec/s: 1205 rss: 478Mb L: 93/3977 MS: 2 ChangeBit-EraseBytes-
#2428737	REDUCE cov: 2984 ft: 11029 corp: 1970/180Kb lim: 4096 exec/s: 1205 rss: 478Mb L: 24/3977 MS: 1 EraseBytes-
#2431004	REDUCE cov: 2984 ft: 11029 corp: 1970/180Kb lim: 4096 exec/s: 1205 rss: 478Mb L: 658/3977 MS: 2 ChangeBit-EraseBytes-
#2431400	REDUCE cov: 2984 ft: 11029 corp: 1970/180Kb lim: 4096 exec/s: 1205 rss: 478Mb L: 59/3977 MS: 1 EraseBytes-
#2431457	REDUCE cov: 2984 ft: 11029 corp: 1970/180Kb lim: 4096 exec/s: 1205 rss: 478Mb L: 126/3977 MS: 2 InsertRepeatedBytes-EraseBytes-
#2431613	REDUCE cov: 2984 ft: 11029 corp: 1970/180Kb lim: 4096 exec/s: 1205 rss: 478Mb L: 61/3977 MS: 1 EraseBytes-
#2432613	REDUCE cov: 2984 ft: 11029 corp: 1970/180Kb lim: 4096 exec/s: 1205 rss: 479Mb L: 96/3977 MS: 5 ShuffleBytes-ChangeBit-CopyPart-CopyPart-EraseBytes-
#2432813	REDUCE cov: 2984 ft: 11029 corp: 1970/180Kb lim: 4096 exec/s: 1205 rss: 479Mb L: 154/3977 MS: 5 CopyPart-ManualDict-ShuffleBytes-PersAutoDict-EraseBytes- DE: "AVG("-"\377\377U<\326k@\342"-
#2433580	REDUCE cov: 2984 ft: 11030 corp: 1971/180Kb lim: 4096 exec/s: 1205 rss: 479Mb L: 126/3977 MS: 2 CopyPart-ChangeByte-
#2433741	REDUCE cov: 2984 ft: 11030 corp: 1971/180Kb lim: 4096 exec/s: 1205 rss: 479Mb L: 37/3977 MS: 1 EraseBytes-
#2434767	REDUCE cov: 2984 ft: 11030 corp: 1971/180Kb lim: 4096 exec/s: 1205 rss: 479Mb L: 58/3977 MS: 1 EraseBytes-
#2436234	REDUCE cov: 2984 ft: 11030 corp: 1971/180Kb lim: 4096 exec/s: 1205 rss: 479Mb L: 41/3977 MS: 2 ShuffleBytes-EraseBytes-
#2436445	REDUCE cov: 2984 ft: 11030 corp: 1971/179Kb lim: 4096 exec/s: 1205 rss: 479Mb L: 2687/3977 MS: 1 EraseBytes-
#2436698	REDUCE cov: 2984 ft: 11030 corp: 1971/179Kb lim: 4096 exec/s: 1205 rss: 479Mb L: 90/3977 MS: 3 CopyPart-PersAutoDict-EraseBytes- DE: "BIGINT"-
#2437535	REDUCE cov: 2984 ft: 11030 corp: 1971/179Kb lim: 4096 exec/s: 1205 rss: 479Mb L: 243/3977 MS: 2 ShuffleBytes-EraseBytes-
#2437651	REDUCE cov: 2984 ft: 11030 corp: 1971/179Kb lim: 4096 exec/s: 1205 rss: 479Mb L: 55/3977 MS: 1 EraseBytes-
#2437827	REDUCE cov: 2984 ft: 11030 corp: 1971/179Kb lim: 4096 exec/s: 1205 rss: 479Mb L: 39/3977 MS: 1 EraseBytes-
#2439029	REDUCE cov: 2984 ft: 11030 corp: 1971/179Kb lim: 4096 exec/s: 1205 rss: 479Mb L: 37/3977 MS: 2 ChangeASCIIInt-EraseBytes-
#2439080	REDUCE cov: 2984 ft: 11030 corp: 1971/179Kb lim: 4096 exec/s: 1205 rss: 479Mb L: 320/3977 MS: 1 EraseBytes-
#2439376	REDUCE cov: 2984 ft: 11031 corp: 1972/179Kb lim: 4096 exec/s: 1205 rss: 479Mb L: 74/3977 MS: 1 ChangeByte-
#2440107	REDUCE cov: 2984 ft: 11031 corp: 1972/179Kb lim: 4096 exec/s: 1205 rss: 479Mb L: 27/3977 MS: 1 EraseBytes-
#2440713	REDUCE cov: 2984 ft: 11031 corp: 1972/179Kb lim: 4096 exec/s: 1205 rss: 479Mb L: 156/3977 MS: 1 EraseBytes-
#2441314	REDUCE cov: 2984 ft: 11031 corp: 1972/179Kb lim: 4096 exec/s: 1205 rss: 479Mb L: 7/3977 MS: 1 EraseBytes-
#2442365	REDUCE cov: 2984 ft: 11031 corp: 1972/179Kb lim: 4096 exec/s: 1205 rss: 479Mb L: 29/3977 MS: 1 EraseBytes-
#2445261	REDUCE cov: 2984 ft: 11035 corp: 1973/180Kb lim: 4096 exec/s: 1205 rss: 479Mb L: 145/3977 MS: 1 ChangeBinInt-
#2447495	REDUCE cov: 2984 ft: 11035 corp: 1973/180Kb lim: 4096 exec/s: 1205 rss: 479Mb L: 172/3977 MS: 4 ChangeBit-ChangeASCIIInt-ChangeASCIIInt-EraseBytes-
#2450408	REDUCE cov: 2984 ft: 11035 corp: 1973/180Kb lim: 4096 exec/s: 1205 rss: 479Mb L: 47/3977 MS: 3 ShuffleBytes-ChangeBit-EraseBytes-
#2450898	REDUCE cov: 2984 ft: 11035 corp: 1973/180Kb lim: 4096 exec/s: 1205 rss: 479Mb L: 3954/3954 MS: 5 InsertRepeatedBytes-EraseBytes-ChangeBinInt-ChangeBinInt-CopyPart-
#2451979	REDUCE cov: 2984 ft: 11035 corp: 1973/180Kb lim: 4096 exec/s: 1205 rss: 479Mb L: 54/3954 MS: 1 EraseBytes-
#2452426	REDUCE cov: 2984 ft: 11035 corp: 1973/180Kb lim: 4096 exec/s: 1205 rss: 479Mb L: 12/3954 MS: 2 CopyPart-EraseBytes-
#2453722	REDUCE cov: 2984 ft: 11035 corp: 1973/180Kb lim: 4096 exec/s: 1205 rss: 479Mb L: 15/3954 MS: 1 EraseBytes-
#2454131	REDUCE cov: 2984 ft: 11035 corp: 1973/180Kb lim: 4096 exec/s: 1205 rss: 479Mb L: 122/3954 MS: 4 ChangeBit-ChangeBit-InsertRepeatedBytes-EraseBytes-
#2454537	REDUCE cov: 2984 ft: 11035 corp: 1973/180Kb lim: 4096 exec/s: 1205 rss: 479Mb L: 39/3954 MS: 1 EraseBytes-
#2456158	REDUCE cov: 2984 ft: 11035 corp: 1973/180Kb lim: 4096 exec/s: 1205 rss: 479Mb L: 16/3954 MS: 1 EraseBytes-
#2457002	REDUCE cov: 2984 ft: 11035 corp: 1973/179Kb lim: 4096 exec/s: 1205 rss: 479Mb L: 1331/3954 MS: 4 ManualDict-ShuffleBytes-ShuffleBytes-EraseBytes- DE: "d"-
#2457013	REDUCE cov: 2984 ft: 11035 corp: 1973/179Kb lim: 4096 exec/s: 1205 rss: 479Mb L: 3373/3954 MS: 1 EraseBytes-
#2458215	REDUCE cov: 2984 ft: 11035 corp: 1973/179Kb lim: 4096 exec/s: 1205 rss: 479Mb L: 288/3954 MS: 2 ChangeBit-EraseBytes-
#2459137	REDUCE cov: 2984 ft: 11035 corp: 1973/179Kb lim: 4096 exec/s: 1205 rss: 479Mb L: 10/3954 MS: 2 ChangeBit-EraseBytes-
#2460258	REDUCE cov: 2984 ft: 11035 corp: 1973/179Kb lim: 4096 exec/s: 1205 rss: 479Mb L: 34/3954 MS: 1 EraseBytes-
#2461529	REDUCE cov: 2984 ft: 11035 corp: 1973/179Kb lim: 4096 exec/s: 1205 rss: 479Mb L: 83/3954 MS: 1 EraseBytes-
#2462035	REDUCE cov: 2984 ft: 11035 corp: 1973/179Kb lim: 4096 exec/s: 1205 rss: 479Mb L: 66/3954 MS: 1 EraseBytes-
#2462916	REDUCE cov: 2984 ft: 11035 corp: 1973/179Kb lim: 4096 exec/s: 1204 rss: 479Mb L: 95/3954 MS: 1 EraseBytes-
#2463327	REDUCE cov: 2984 ft: 11035 corp: 1973/179Kb lim: 4096 exec/s: 1205 rss: 479Mb L: 28/3954 MS: 1 EraseBytes-
#2468908	REDUCE cov: 2984 ft: 11035 corp: 1973/179Kb lim: 4096 exec/s: 1204 rss: 479Mb L: 4/3954 MS: 1 EraseBytes-
#2469720	REDUCE cov: 2984 ft: 11035 corp: 1973/179Kb lim: 4096 exec/s: 1205 rss: 479Mb L: 47/3954 MS: 2 CrossOver-EraseBytes-
#2469757	REDUCE cov: 2984 ft: 11035 corp: 1973/179Kb lim: 4096 exec/s: 1205 rss: 479Mb L: 18/3954 MS: 2 ChangeByte-EraseBytes-
#2469833	REDUCE cov: 2984 ft: 11035 corp: 1973/179Kb lim: 4096 exec/s: 1205 rss: 479Mb L: 18/3954 MS: 1 EraseBytes-
#2471445	REDUCE cov: 2984 ft: 11035 corp: 1973/179Kb lim: 4096 exec/s: 1204 rss: 479Mb L: 38/3954 MS: 2 ChangeBinInt-EraseBytes-
#2472071	REDUCE cov: 2984 ft: 11035 corp: 1973/179Kb lim: 4096 exec/s: 1205 rss: 479Mb L: 7/3954 MS: 1 EraseBytes-
#2472522	REDUCE cov: 2984 ft: 11035 corp: 1973/179Kb lim: 4096 exec/s: 1204 rss: 479Mb L: 77/3954 MS: 1 EraseBytes-
#2472565	REDUCE cov: 2984 ft: 11035 corp: 1973/179Kb lim: 4096 exec/s: 1204 rss: 479Mb L: 70/3954 MS: 3 ChangeBit-CMP-EraseBytes- DE: "\000\000\000\027"-
#2474042	REDUCE cov: 2985 ft: 11036 corp: 1974/179Kb lim: 4096 exec/s: 1205 rss: 479Mb L: 65/3954 MS: 2 ChangeBinInt-PersAutoDict- DE: "LIKE"-
#2475523	REDUCE cov: 2985 ft: 11036 corp: 1974/179Kb lim: 4096 exec/s: 1205 rss: 479Mb L: 57/3954 MS: 1 EraseBytes-
#2475954	REDUCE cov: 2985 ft: 11036 corp: 1974/179Kb lim: 4096 exec/s: 1205 rss: 479Mb L: 13/3954 MS: 1 EraseBytes-
#2476606	REDUCE cov: 2985 ft: 11036 corp: 1974/179Kb lim: 4096 exec/s: 1205 rss: 479Mb L: 96/3954 MS: 2 ChangeASCIIInt-EraseBytes-
#2477732	REDUCE cov: 2985 ft: 11036 corp: 1974/179Kb lim: 4096 exec/s: 1205 rss: 479Mb L: 275/3954 MS: 1 EraseBytes-
#2479778	NEW    cov: 2985 ft: 11037 corp: 1975/179Kb lim: 4096 exec/s: 1204 rss: 479Mb L: 37/3954 MS: 1 ChangeBit-
#2479860	REDUCE cov: 2985 ft: 11037 corp: 1975/179Kb lim: 4096 exec/s: 1204 rss: 479Mb L: 86/3954 MS: 2 ShuffleBytes-EraseBytes-
#2480111	REDUCE cov: 2985 ft: 11038 corp: 1976/180Kb lim: 4096 exec/s: 1205 rss: 479Mb L: 126/3954 MS: 1 ManualDict- DE: "time"-
#2481739	REDUCE cov: 2985 ft: 11039 corp: 1977/181Kb lim: 4096 exec/s: 1205 rss: 479Mb L: 1456/3954 MS: 3 ChangeBit-ChangeASCIIInt-CopyPart-
#2483280	REDUCE cov: 2985 ft: 11039 corp: 1977/181Kb lim: 4096 exec/s: 1204 rss: 479Mb L: 85/3954 MS: 1 EraseBytes-
#2483387	REDUCE cov: 2985 ft: 11039 corp: 1977/181Kb lim: 4096 exec/s: 1204 rss: 479Mb L: 7/3954 MS: 2 ChangeBinInt-EraseBytes-
#2483429	REDUCE cov: 2985 ft: 11039 corp: 1977/181Kb lim: 4096 exec/s: 1204 rss: 479Mb L: 45/3954 MS: 2 InsertByte-EraseBytes-
#2485465	REDUCE cov: 2985 ft: 11039 corp: 1977/181Kb lim: 4096 exec/s: 1204 rss: 479Mb L: 59/3954 MS: 1 EraseBytes-
#2487371	REDUCE cov: 2985 ft: 11039 corp: 1977/181Kb lim: 4096 exec/s: 1205 rss: 479Mb L: 111/3954 MS: 1 EraseBytes-
#2489250	REDUCE cov: 2985 ft: 11039 corp: 1977/181Kb lim: 4096 exec/s: 1204 rss: 479Mb L: 81/3954 MS: 4 CrossOver-ChangeBit-PersAutoDict-EraseBytes- DE: "\305\000"-
#2489381	REDUCE cov: 2985 ft: 11039 corp: 1977/181Kb lim: 4096 exec/s: 1204 rss: 479Mb L: 65/3954 MS: 1 EraseBytes-
#2489382	REDUCE cov: 2985 ft: 11039 corp: 1977/181Kb lim: 4096 exec/s: 1204 rss: 479Mb L: 65/3954 MS: 1 EraseBytes-
#2489588	REDUCE cov: 2985 ft: 11039 corp: 1977/181Kb lim: 4096 exec/s: 1205 rss: 479Mb L: 20/3954 MS: 1 EraseBytes-
#2489594	REDUCE cov: 2985 ft: 11039 corp: 1977/181Kb lim: 4096 exec/s: 1205 rss: 479Mb L: 88/3954 MS: 1 EraseBytes-
#2489745	REDUCE cov: 2985 ft: 11039 corp: 1977/181Kb lim: 4096 exec/s: 1205 rss: 479Mb L: 220/3954 MS: 1 EraseBytes-
#2490306	REDUCE cov: 2985 ft: 11039 corp: 1977/181Kb lim: 4096 exec/s: 1204 rss: 479Mb L: 31/3954 MS: 1 EraseBytes-
#2490475	REDUCE cov: 2985 ft: 11040 corp: 1978/183Kb lim: 4096 exec/s: 1204 rss: 479Mb L: 2140/3954 MS: 4 ShuffleBytes-EraseBytes-ChangeBit-CopyPart-
#2491041	REDUCE cov: 2985 ft: 11040 corp: 1978/183Kb lim: 4096 exec/s: 1205 rss: 479Mb L: 18/3954 MS: 1 EraseBytes-
#2493827	REDUCE cov: 2985 ft: 11040 corp: 1978/183Kb lim: 4096 exec/s: 1204 rss: 479Mb L: 2592/3954 MS: 1 EraseBytes-
#2494758	REDUCE cov: 2985 ft: 11040 corp: 1978/183Kb lim: 4096 exec/s: 1205 rss: 479Mb L: 19/3954 MS: 1 EraseBytes-
#2497251	REDUCE cov: 2985 ft: 11042 corp: 1979/183Kb lim: 4096 exec/s: 1204 rss: 479Mb L: 160/3954 MS: 3 PersAutoDict-ManualDict-InsertRepeatedBytes- DE: "'"-"BETWEEN"-
#2497412	REDUCE cov: 2985 ft: 11042 corp: 1979/183Kb lim: 4096 exec/s: 1204 rss: 479Mb L: 7/3954 MS: 1 EraseBytes-
#2498023	REDUCE cov: 2985 ft: 11042 corp: 1979/183Kb lim: 4096 exec/s: 1205 rss: 479Mb L: 77/3954 MS: 1 EraseBytes-
#2498744	REDUCE cov: 2985 ft: 11042 corp: 1979/183Kb lim: 4096 exec/s: 1204 rss: 479Mb L: 9/3954 MS: 1 EraseBytes-
#2499065	REDUCE cov: 2985 ft: 11042 corp: 1979/183Kb lim: 4096 exec/s: 1204 rss: 479Mb L: 93/3954 MS: 1 EraseBytes-
#2499487	REDUCE cov: 2985 ft: 11042 corp: 1979/183Kb lim: 4096 exec/s: 1204 rss: 479Mb L: 27/3954 MS: 2 ChangeByte-EraseBytes-
#2500853	REDUCE cov: 2985 ft: 11042 corp: 1979/183Kb lim: 4096 exec/s: 1204 rss: 479Mb L: 44/3954 MS: 1 EraseBytes-
#2500929	REDUCE cov: 2985 ft: 11042 corp: 1979/183Kb lim: 4096 exec/s: 1204 rss: 479Mb L: 289/3954 MS: 1 EraseBytes-
#2501026	REDUCE cov: 2985 ft: 11042 corp: 1979/183Kb lim: 4096 exec/s: 1204 rss: 479Mb L: 42/3954 MS: 2 EraseBytes-CrossOver-
#2503206	REDUCE cov: 2985 ft: 11042 corp: 1979/183Kb lim: 4096 exec/s: 1204 rss: 479Mb L: 3498/3954 MS: 5 ChangeBit-ManualDict-CopyPart-EraseBytes-CopyPart- DE: "INTEGER"-
#2503705	REDUCE cov: 2985 ft: 11042 corp: 1979/183Kb lim: 4096 exec/s: 1204 rss: 479Mb L: 4/3954 MS: 4 CopyPart-ChangeByte-EraseBytes-EraseBytes-
#2504036	REDUCE cov: 2985 ft: 11042 corp: 1979/183Kb lim: 4096 exec/s: 1205 rss: 479Mb L: 43/3954 MS: 1 EraseBytes-
#2504397	REDUCE cov: 2985 ft: 11042 corp: 1979/183Kb lim: 4096 exec/s: 1204 rss: 479Mb L: 619/3954 MS: 1 EraseBytes-
#2506018	REDUCE cov: 2985 ft: 11042 corp: 1979/183Kb lim: 4096 exec/s: 1204 rss: 479Mb L: 328/3954 MS: 1 EraseBytes-
#2506274	REDUCE cov: 2985 ft: 11042 corp: 1979/183Kb lim: 4096 exec/s: 1204 rss: 479Mb L: 59/3954 MS: 1 EraseBytes-
#2506435	REDUCE cov: 2985 ft: 11042 corp: 1979/183Kb lim: 4096 exec/s: 1205 rss: 479Mb L: 20/3954 MS: 1 EraseBytes-
#2506872	REDUCE cov: 2985 ft: 11042 corp: 1979/183Kb lim: 4096 exec/s: 1204 rss: 479Mb L: 42/3954 MS: 2 ShuffleBytes-EraseBytes-
#2507633	REDUCE cov: 2985 ft: 11042 corp: 1979/183Kb lim: 4096 exec/s: 1205 rss: 479Mb L: 67/3954 MS: 1 EraseBytes-
#2510179	REDUCE cov: 2985 ft: 11042 corp: 1979/183Kb lim: 4096 exec/s: 1205 rss: 479Mb L: 11/3954 MS: 1 EraseBytes-
#2510641	REDUCE cov: 2985 ft: 11042 corp: 1979/182Kb lim: 4096 exec/s: 1204 rss: 479Mb L: 1823/3954 MS: 2 InsertRepeatedBytes-EraseBytes-
#2511869	REDUCE cov: 2985 ft: 11042 corp: 1979/182Kb lim: 4096 exec/s: 1204 rss: 479Mb L: 24/3954 MS: 3 ChangeBinInt-ShuffleBytes-EraseBytes-
#2512720	REDUCE cov: 2985 ft: 11042 corp: 1979/182Kb lim: 4096 exec/s: 1204 rss: 479Mb L: 9/3954 MS: 1 EraseBytes-
#2512731	REDUCE cov: 2985 ft: 11042 corp: 1979/182Kb lim: 4096 exec/s: 1204 rss: 479Mb L: 330/3954 MS: 1 EraseBytes-
#2514134	REDUCE cov: 2985 ft: 11042 corp: 1979/182Kb lim: 4096 exec/s: 1204 rss: 479Mb L: 89/3954 MS: 3 ShuffleBytes-ShuffleBytes-EraseBytes-
#2514662	REDUCE cov: 2985 ft: 11042 corp: 1979/182Kb lim: 4096 exec/s: 1204 rss: 479Mb L: 78/3954 MS: 3 ChangeASCIIInt-ChangeASCIIInt-EraseBytes-
#2515016	REDUCE cov: 2985 ft: 11042 corp: 1979/182Kb lim: 4096 exec/s: 1204 rss: 479Mb L: 46/3954 MS: 4 CMP-ShuffleBytes-InsertByte-EraseBytes- DE: "\000\000\000\275"-
#2516660	REDUCE cov: 2985 ft: 11042 corp: 1979/182Kb lim: 4096 exec/s: 1204 rss: 479Mb L: 33/3954 MS: 4 PersAutoDict-ChangeByte-InsertRepeatedBytes-EraseBytes- DE: "TIME"-
#2517672	REDUCE cov: 2985 ft: 11042 corp: 1979/182Kb lim: 4096 exec/s: 1204 rss: 479Mb L: 54/3954 MS: 2 ManualDict-EraseBytes- DE: "MAX("-
#2518083	REDUCE cov: 2985 ft: 11042 corp: 1979/182Kb lim: 4096 exec/s: 1204 rss: 479Mb L: 10/3954 MS: 1 EraseBytes-
#2519601	REDUCE cov: 2985 ft: 11042 corp: 1979/182Kb lim: 4096 exec/s: 1204 rss: 479Mb L: 153/3954 MS: 3 ShuffleBytes-ChangeBit-EraseBytes-
#2519649	REDUCE cov: 2985 ft: 11042 corp: 1979/182Kb lim: 4096 exec/s: 1204 rss: 479Mb L: 66/3954 MS: 3 CopyPart-ChangeByte-EraseBytes-
#2520396	REDUCE cov: 2985 ft: 11042 corp: 1979/182Kb lim: 4096 exec/s: 1204 rss: 479Mb L: 286/3954 MS: 2 ManualDict-EraseBytes- DE: "w"-
#2522518	REDUCE cov: 2985 ft: 11042 corp: 1979/182Kb lim: 4096 exec/s: 1204 rss: 479Mb L: 14/3954 MS: 2 InsertByte-EraseBytes-
#2522834	NEW    cov: 2985 ft: 11044 corp: 1980/182Kb lim: 4096 exec/s: 1204 rss: 479Mb L: 73/3954 MS: 1 CopyPart-
#2524204	REDUCE cov: 2985 ft: 11044 corp: 1980/182Kb lim: 4096 exec/s: 1204 rss: 479Mb L: 155/3954 MS: 5 InsertByte-CopyPart-EraseBytes-ShuffleBytes-EraseBytes-
#2524550	REDUCE cov: 2985 ft: 11044 corp: 1980/182Kb lim: 4096 exec/s: 1205 rss: 479Mb L: 25/3954 MS: 1 EraseBytes-
#2527276	REDUCE cov: 2985 ft: 11044 corp: 1980/182Kb lim: 4096 exec/s: 1204 rss: 479Mb L: 50/3954 MS: 1 EraseBytes-
#2527313	REDUCE cov: 2985 ft: 11044 corp: 1980/182Kb lim: 4096 exec/s: 1204 rss: 479Mb L: 2308/3954 MS: 2 ChangeBit-EraseBytes-
#2527464	REDUCE cov: 2985 ft: 11044 corp: 1980/182Kb lim: 4096 exec/s: 1204 rss: 479Mb L: 879/3954 MS: 1 EraseBytes-
#2528400	REDUCE cov: 2985 ft: 11044 corp: 1980/182Kb lim: 4096 exec/s: 1204 rss: 479Mb L: 12/3954 MS: 1 EraseBytes-
#2528796	REDUCE cov: 2985 ft: 11044 corp: 1980/182Kb lim: 4096 exec/s: 1204 rss: 479Mb L: 35/3954 MS: 1 EraseBytes-
#2529542	NEW    cov: 2985 ft: 11045 corp: 1981/182Kb lim: 4096 exec/s: 1204 rss: 479Mb L: 87/3954 MS: 1 ChangeByte-
#2529750	REDUCE cov: 2985 ft: 11045 corp: 1981/182Kb lim: 4096 exec/s: 1204 rss: 479Mb L: 9/3954 MS: 3 ChangeBit-ChangeBinInt-EraseBytes-
#2530072	REDUCE cov: 2985 ft: 11045 corp: 1981/182Kb lim: 4096 exec/s: 1204 rss: 479Mb L: 296/3954 MS: 2 CopyPart-EraseBytes-
#2530093	REDUCE cov: 2985 ft: 11045 corp: 1981/182Kb lim: 4096 exec/s: 1204 rss: 479Mb L: 77/3954 MS: 1 EraseBytes-
#2530859	REDUCE cov: 2985 ft: 11045 corp: 1981/182Kb lim: 4096 exec/s: 1204 rss: 479Mb L: 107/3954 MS: 1 EraseBytes-
#2531181	REDUCE cov: 2985 ft: 11045 corp: 1981/182Kb lim: 4096 exec/s: 1204 rss: 479Mb L: 34/3954 MS: 2 ChangeBit-EraseBytes-
#2531322	REDUCE cov: 2985 ft: 11045 corp: 1981/182Kb lim: 4096 exec/s: 1204 rss: 479Mb L: 12/3954 MS: 1 EraseBytes-
#2532809	REDUCE cov: 2985 ft: 11045 corp: 1981/182Kb lim: 4096 exec/s: 1204 rss: 479Mb L: 622/3954 MS: 2 ChangeASCIIInt-EraseBytes-
#2532905	REDUCE cov: 2985 ft: 11045 corp: 1981/182Kb lim: 4096 exec/s: 1204 rss: 479Mb L: 55/3954 MS: 1 EraseBytes-
#2533673	REDUCE cov: 2985 ft: 11045 corp: 1981/182Kb lim: 4096 exec/s: 1204 rss: 479Mb L: 2183/3954 MS: 3 ChangeBit-ChangeByte-EraseBytes-
#2534599	REDUCE cov: 2985 ft: 11045 corp: 1981/182Kb lim: 4096 exec/s: 1204 rss: 479Mb L: 9/3954 MS: 1 EraseBytes-
#2535975	REDUCE cov: 2985 ft: 11045 corp: 1981/182Kb lim: 4096 exec/s: 1204 rss: 479Mb L: 42/3954 MS: 1 EraseBytes-
#2535997	REDUCE cov: 2985 ft: 11045 corp: 1981/182Kb lim: 4096 exec/s: 1204 rss: 479Mb L: 49/3954 MS: 2 ChangeASCIIInt-EraseBytes-
#2536544	REDUCE cov: 2985 ft: 11045 corp: 1981/182Kb lim: 4096 exec/s: 1205 rss: 479Mb L: 52/3954 MS: 2 InsertRepeatedBytes-EraseBytes-
#2537440	REDUCE cov: 2985 ft: 11046 corp: 1982/182Kb lim: 4096 exec/s: 1204 rss: 479Mb L: 170/3954 MS: 1 InsertRepeatedBytes-
#2538516	REDUCE cov: 2986 ft: 11047 corp: 1983/182Kb lim: 4096 exec/s: 1204 rss: 479Mb L: 65/3954 MS: 1 PersAutoDict- DE: "\001\000\000\002"-
#2538843	REDUCE cov: 2986 ft: 11047 corp: 1983/182Kb lim: 4096 exec/s: 1204 rss: 479Mb L: 55/3954 MS: 2 CopyPart-EraseBytes-
#2539589	REDUCE cov: 2986 ft: 11047 corp: 1983/182Kb lim: 4096 exec/s: 1204 rss: 479Mb L: 15/3954 MS: 1 EraseBytes-
#2540592	REDUCE cov: 2986 ft: 11047 corp: 1983/182Kb lim: 4096 exec/s: 1204 rss: 479Mb L: 49/3954 MS: 3 ChangeByte-CrossOver-EraseBytes-
#2543637	REDUCE cov: 2986 ft: 11047 corp: 1983/182Kb lim: 4096 exec/s: 1204 rss: 479Mb L: 169/3954 MS: 5 ManualDict-CopyPart-ChangeBinInt-ChangeASCIIInt-EraseBytes- DE: "t2"-
#2544213	REDUCE cov: 2986 ft: 11047 corp: 1983/182Kb lim: 4096 exec/s: 1204 rss: 479Mb L: 63/3954 MS: 1 EraseBytes-
#2545815	REDUCE cov: 2986 ft: 11047 corp: 1983/182Kb lim: 4096 exec/s: 1204 rss: 479Mb L: 136/3954 MS: 2 ChangeBit-EraseBytes-
#2546537	REDUCE cov: 2986 ft: 11047 corp: 1983/182Kb lim: 4096 exec/s: 1204 rss: 479Mb L: 84/3954 MS: 2 ChangeBinInt-EraseBytes-
#2547144	REDUCE cov: 2986 ft: 11047 corp: 1983/182Kb lim: 4096 exec/s: 1204 rss: 479Mb L: 17/3954 MS: 2 EraseBytes-InsertByte-
#2547436	REDUCE cov: 2986 ft: 11047 corp: 1983/182Kb lim: 4096 exec/s: 1205 rss: 479Mb L: 52/3954 MS: 2 InsertByte-EraseBytes-
#2547793	REDUCE cov: 2986 ft: 11047 corp: 1983/182Kb lim: 4096 exec/s: 1204 rss: 479Mb L: 31/3954 MS: 2 CopyPart-EraseBytes-
#2548484	REDUCE cov: 2986 ft: 11047 corp: 1983/182Kb lim: 4096 exec/s: 1204 rss: 479Mb L: 59/3954 MS: 1 EraseBytes-
#2548855	REDUCE cov: 2986 ft: 11047 corp: 1983/182Kb lim: 4096 exec/s: 1204 rss: 479Mb L: 25/3954 MS: 1 EraseBytes-
#2549141	REDUCE cov: 2986 ft: 11047 corp: 1983/182Kb lim: 4096 exec/s: 1204 rss: 479Mb L: 163/3954 MS: 1 EraseBytes-
#2549547	REDUCE cov: 2986 ft: 11047 corp: 1983/182Kb lim: 4096 exec/s: 1204 rss: 479Mb L: 93/3954 MS: 1 EraseBytes-
#2551163	REDUCE cov: 2986 ft: 11047 corp: 1983/182Kb lim: 4096 exec/s: 1205 rss: 479Mb L: 67/3954 MS: 1 EraseBytes-
#2552284	REDUCE cov: 2986 ft: 11047 corp: 1983/182Kb lim: 4096 exec/s: 1205 rss: 479Mb L: 21/3954 MS: 1 EraseBytes-
#2552570	REDUCE cov: 2986 ft: 11047 corp: 1983/182Kb lim: 4096 exec/s: 1204 rss: 479Mb L: 37/3954 MS: 1 EraseBytes-
#2554236	REDUCE cov: 2986 ft: 11047 corp: 1983/182Kb lim: 4096 exec/s: 1204 rss: 479Mb L: 26/3954 MS: 1 EraseBytes-
#2555706	REDUCE cov: 2986 ft: 11047 corp: 1983/182Kb lim: 4096 exec/s: 1204 rss: 479Mb L: 92/3954 MS: 5 InsertByte-EraseBytes-ChangeBit-CopyPart-ManualDict- DE: "EXISTS"-
#2556077	REDUCE cov: 2986 ft: 11047 corp: 1983/182Kb lim: 4096 exec/s: 1204 rss: 479Mb L: 71/3954 MS: 1 EraseBytes-
#2557323	REDUCE cov: 2986 ft: 11047 corp: 1983/182Kb lim: 4096 exec/s: 1204 rss: 479Mb L: 18/3954 MS: 1 EraseBytes-
#2559119	REDUCE cov: 2986 ft: 11047 corp: 1983/182Kb lim: 4096 exec/s: 1204 rss: 479Mb L: 135/3954 MS: 1 EraseBytes-
#2559566	REDUCE cov: 2986 ft: 11047 corp: 1983/182Kb lim: 4096 exec/s: 1205 rss: 479Mb L: 355/3954 MS: 2 ShuffleBytes-EraseBytes-
#2559697	REDUCE cov: 2986 ft: 11047 corp: 1983/182Kb lim: 4096 exec/s: 1204 rss: 479Mb L: 91/3954 MS: 1 EraseBytes-
#2559973	REDUCE cov: 2986 ft: 11047 corp: 1983/182Kb lim: 4096 exec/s: 1204 rss: 479Mb L: 7/3954 MS: 1 EraseBytes-
#2560250	REDUCE cov: 2986 ft: 11047 corp: 1983/182Kb lim: 4096 exec/s: 1204 rss: 479Mb L: 55/3954 MS: 2 PersAutoDict-EraseBytes- DE: "UPPER("-
#2560662	REDUCE cov: 2986 ft: 11047 corp: 1983/182Kb lim: 4096 exec/s: 1205 rss: 479Mb L: 1941/3954 MS: 2 InsertByte-EraseBytes-
#2561153	REDUCE cov: 2986 ft: 11047 corp: 1983/182Kb lim: 4096 exec/s: 1204 rss: 479Mb L: 324/3954 MS: 1 EraseBytes-
#2562966	REDUCE cov: 2986 ft: 11047 corp: 1983/182Kb lim: 4096 exec/s: 1204 rss: 479Mb L: 71/3954 MS: 3 EraseBytes-CMP-ChangeBit- DE: "\001\000"-
#2563217	REDUCE cov: 2986 ft: 11047 corp: 1983/182Kb lim: 4096 exec/s: 1204 rss: 479Mb L: 14/3954 MS: 1 EraseBytes-
#2566123	REDUCE cov: 2986 ft: 11047 corp: 1983/182Kb lim: 4096 exec/s: 1204 rss: 479Mb L: 62/3954 MS: 1 EraseBytes-
#2566678	REDUCE cov: 2991 ft: 11059 corp: 1984/182Kb lim: 4096 exec/s: 1205 rss: 479Mb L: 282/3954 MS: 5 EraseBytes-EraseBytes-InsertRepeatedBytes-CrossOver-CrossOver-
#2567469	REDUCE cov: 2991 ft: 11059 corp: 1984/182Kb lim: 4096 exec/s: 1204 rss: 479Mb L: 135/3954 MS: 1 EraseBytes-
#2568056	REDUCE cov: 2991 ft: 11059 corp: 1984/182Kb lim: 4096 exec/s: 1204 rss: 479Mb L: 77/3954 MS: 2 CrossOver-EraseBytes-
#2568207	REDUCE cov: 2991 ft: 11059 corp: 1984/182Kb lim: 4096 exec/s: 1204 rss: 479Mb L: 7/3954 MS: 1 EraseBytes-
#2568279	REDUCE cov: 2991 ft: 11059 corp: 1984/182Kb lim: 4096 exec/s: 1204 rss: 479Mb L: 73/3954 MS: 2 ShuffleBytes-EraseBytes-
#2568965	REDUCE cov: 2991 ft: 11059 corp: 1984/182Kb lim: 4096 exec/s: 1204 rss: 479Mb L: 105/3954 MS: 1 EraseBytes-
#2569407	REDUCE cov: 2991 ft: 11059 corp: 1984/182Kb lim: 4096 exec/s: 1204 rss: 479Mb L: 1324/3954 MS: 2 ChangeBit-EraseBytes-
#2569433	REDUCE cov: 2991 ft: 11059 corp: 1984/182Kb lim: 4096 exec/s: 1204 rss: 479Mb L: 13/3954 MS: 1 EraseBytes-
#2570174	REDUCE cov: 2991 ft: 11059 corp: 1984/182Kb lim: 4096 exec/s: 1204 rss: 479Mb L: 12/3954 MS: 1 EraseBytes-
#2570185	REDUCE cov: 2991 ft: 11059 corp: 1984/182Kb lim: 4096 exec/s: 1204 rss: 479Mb L: 38/3954 MS: 1 EraseBytes-
#2570628	REDUCE cov: 2991 ft: 11059 corp: 1984/182Kb lim: 4096 exec/s: 1204 rss: 479Mb L: 46/3954 MS: 3 PersAutoDict-InsertByte-EraseBytes- DE: "?"-
#2571040	REDUCE cov: 2991 ft: 11059 corp: 1984/181Kb lim: 4096 exec/s: 1204 rss: 479Mb L: 1522/3954 MS: 2 ChangeBit-EraseBytes-
#2573446	REDUCE cov: 2991 ft: 11059 corp: 1984/181Kb lim: 4096 exec/s: 1204 rss: 479Mb L: 10/3954 MS: 1 EraseBytes-
#2573617	REDUCE cov: 2991 ft: 11059 corp: 1984/181Kb lim: 4096 exec/s: 1204 rss: 479Mb L: 31/3954 MS: 1 EraseBytes-
#2575778	REDUCE cov: 2991 ft: 11059 corp: 1984/181Kb lim: 4096 exec/s: 1204 rss: 479Mb L: 30/3954 MS: 1 EraseBytes-
#2576443	REDUCE cov: 2991 ft: 11059 corp: 1984/181Kb lim: 4096 exec/s: 1205 rss: 479Mb L: 54/3954 MS: 5 InsertByte-ChangeBinInt-ShuffleBytes-ChangeByte-EraseBytes-
#2578744	REDUCE cov: 2991 ft: 11059 corp: 1984/181Kb lim: 4096 exec/s: 1205 rss: 479Mb L: 19/3954 MS: 1 EraseBytes-
#2578790	REDUCE cov: 2991 ft: 11059 corp: 1984/181Kb lim: 4096 exec/s: 1205 rss: 479Mb L: 34/3954 MS: 1 EraseBytes-
#2579151	REDUCE cov: 2991 ft: 11059 corp: 1984/181Kb lim: 4096 exec/s: 1204 rss: 479Mb L: 41/3954 MS: 1 EraseBytes-
#2579237	REDUCE cov: 2991 ft: 11059 corp: 1984/181Kb lim: 4096 exec/s: 1204 rss: 479Mb L: 17/3954 MS: 1 EraseBytes-
#2581159	REDUCE cov: 2991 ft: 11059 corp: 1984/181Kb lim: 4096 exec/s: 1205 rss: 479Mb L: 45/3954 MS: 2 CMP-EraseBytes- DE: "\000\331\000\251"-
#2582340	REDUCE cov: 2991 ft: 11059 corp: 1984/181Kb lim: 4096 exec/s: 1204 rss: 479Mb L: 61/3954 MS: 1 EraseBytes-
#2582471	REDUCE cov: 2991 ft: 11062 corp: 1985/181Kb lim: 4096 exec/s: 1204 rss: 479Mb L: 105/3954 MS: 1 CopyPart-
#2583232	NEW    cov: 2991 ft: 11064 corp: 1986/181Kb lim: 4096 exec/s: 1204 rss: 479Mb L: 31/3954 MS: 1 InsertByte-
#2583329	REDUCE cov: 2991 ft: 11064 corp: 1986/181Kb lim: 4096 exec/s: 1204 rss: 479Mb L: 573/3954 MS: 2 ChangeBinInt-EraseBytes-
#2584215	REDUCE cov: 2991 ft: 11064 corp: 1986/181Kb lim: 4096 exec/s: 1204 rss: 479Mb L: 28/3954 MS: 1 EraseBytes-
#2584971	REDUCE cov: 2992 ft: 11066 corp: 1987/181Kb lim: 4096 exec/s: 1204 rss: 479Mb L: 115/3954 MS: 1 ManualDict- DE: "TEXT"-
#2586762	REDUCE cov: 2992 ft: 11066 corp: 1987/181Kb lim: 4096 exec/s: 1204 rss: 479Mb L: 35/3954 MS: 1 EraseBytes-
#2587473	REDUCE cov: 2992 ft: 11066 corp: 1987/181Kb lim: 4096 exec/s: 1204 rss: 479Mb L: 193/3954 MS: 1 EraseBytes-
#2588169	REDUCE cov: 2992 ft: 11066 corp: 1987/181Kb lim: 4096 exec/s: 1204 rss: 479Mb L: 122/3954 MS: 1 EraseBytes-
#2588315	REDUCE cov: 2992 ft: 11066 corp: 1987/181Kb lim: 4096 exec/s: 1204 rss: 479Mb L: 10/3954 MS: 1 EraseBytes-
#2588586	REDUCE cov: 2992 ft: 11066 corp: 1987/181Kb lim: 4096 exec/s: 1204 rss: 479Mb L: 19/3954 MS: 1 EraseBytes-
#2589482	REDUCE cov: 2992 ft: 11066 corp: 1987/181Kb lim: 4096 exec/s: 1204 rss: 479Mb L: 26/3954 MS: 1 EraseBytes-
#2590529	REDUCE cov: 2992 ft: 11066 corp: 1987/181Kb lim: 4096 exec/s: 1204 rss: 479Mb L: 104/3954 MS: 2 CrossOver-EraseBytes-
#2590708	REDUCE cov: 2992 ft: 11066 corp: 1987/181Kb lim: 4096 exec/s: 1204 rss: 479Mb L: 43/3954 MS: 4 InsertByte-PersAutoDict-PersAutoDict-EraseBytes- DE: "AVG("-"\000\000\000\177"-
#2592389	REDUCE cov: 2992 ft: 11066 corp: 1987/181Kb lim: 4096 exec/s: 1204 rss: 479Mb L: 20/3954 MS: 1 EraseBytes-
#2592632	REDUCE cov: 2992 ft: 11066 corp: 1987/181Kb lim: 4096 exec/s: 1204 rss: 479Mb L: 16/3954 MS: 3 ShuffleBytes-ChangeBit-EraseBytes-
#2594885	REDUCE cov: 2992 ft: 11066 corp: 1987/181Kb lim: 4096 exec/s: 1204 rss: 479Mb L: 25/3954 MS: 3 InsertByte-ChangeByte-EraseBytes-
#2595771	REDUCE cov: 2992 ft: 11066 corp: 1987/181Kb lim: 4096 exec/s: 1204 rss: 479Mb L: 6/3954 MS: 1 EraseBytes-
#2597452	REDUCE cov: 2992 ft: 11066 corp: 1987/181Kb lim: 4096 exec/s: 1204 rss: 479Mb L: 12/3954 MS: 1 EraseBytes-
#2598348	REDUCE cov: 2992 ft: 11066 corp: 1987/181Kb lim: 4096 exec/s: 1204 rss: 479Mb L: 14/3954 MS: 1 EraseBytes-
#2598524	REDUCE cov: 2992 ft: 11066 corp: 1987/181Kb lim: 4096 exec/s: 1204 rss: 479Mb L: 27/3954 MS: 1 EraseBytes-
#2598942	REDUCE cov: 2992 ft: 11066 corp: 1987/181Kb lim: 4096 exec/s: 1204 rss: 479Mb L: 64/3954 MS: 3 ShuffleBytes-InsertByte-EraseBytes-
#2600008	REDUCE cov: 2992 ft: 11066 corp: 1987/181Kb lim: 4096 exec/s: 1204 rss: 479Mb L: 50/3954 MS: 1 EraseBytes-
#2600965	REDUCE cov: 2992 ft: 11066 corp: 1987/181Kb lim: 4096 exec/s: 1204 rss: 479Mb L: 116/3954 MS: 2 ManualDict-EraseBytes- DE: "b"-
#2601156	REDUCE cov: 2992 ft: 11066 corp: 1987/181Kb lim: 4096 exec/s: 1204 rss: 479Mb L: 16/3954 MS: 1 EraseBytes-
#2601187	REDUCE cov: 2992 ft: 11066 corp: 1987/181Kb lim: 4096 exec/s: 1204 rss: 479Mb L: 63/3954 MS: 1 EraseBytes-
#2601328	REDUCE cov: 2992 ft: 11066 corp: 1987/181Kb lim: 4096 exec/s: 1204 rss: 479Mb L: 69/3954 MS: 1 EraseBytes-
#2602077	REDUCE cov: 2992 ft: 11066 corp: 1987/181Kb lim: 4096 exec/s: 1204 rss: 479Mb L: 37/3954 MS: 4 PersAutoDict-EraseBytes-ChangeASCIIInt-CopyPart- DE: "\003\000\000\000"-
#2602154	REDUCE cov: 2992 ft: 11066 corp: 1987/181Kb lim: 4096 exec/s: 1204 rss: 479Mb L: 477/3954 MS: 2 ChangeASCIIInt-EraseBytes-
#2602240	REDUCE cov: 2992 ft: 11066 corp: 1987/181Kb lim: 4096 exec/s: 1204 rss: 479Mb L: 7/3954 MS: 1 EraseBytes-
#2602741	REDUCE cov: 2992 ft: 11066 corp: 1987/181Kb lim: 4096 exec/s: 1204 rss: 479Mb L: 82/3954 MS: 1 EraseBytes-
#2603332	REDUCE cov: 2992 ft: 11066 corp: 1987/181Kb lim: 4096 exec/s: 1204 rss: 479Mb L: 48/3954 MS: 1 EraseBytes-
#2603628	REDUCE cov: 2992 ft: 11066 corp: 1987/181Kb lim: 4096 exec/s: 1204 rss: 479Mb L: 53/3954 MS: 1 EraseBytes-
#2603694	REDUCE cov: 2992 ft: 11066 corp: 1987/181Kb lim: 4096 exec/s: 1204 rss: 479Mb L: 92/3954 MS: 1 EraseBytes-
#2603950	REDUCE cov: 2992 ft: 11066 corp: 1987/181Kb lim: 4096 exec/s: 1204 rss: 479Mb L: 78/3954 MS: 1 EraseBytes-
#2606372	REDUCE cov: 2992 ft: 11066 corp: 1987/181Kb lim: 4096 exec/s: 1204 rss: 479Mb L: 64/3954 MS: 2 CrossOver-EraseBytes-
#2606743	REDUCE cov: 2992 ft: 11066 corp: 1987/181Kb lim: 4096 exec/s: 1204 rss: 479Mb L: 10/3954 MS: 1 EraseBytes-
#2607735	REDUCE cov: 2993 ft: 11067 corp: 1988/181Kb lim: 4096 exec/s: 1204 rss: 479Mb L: 88/3954 MS: 2 ChangeBit-CrossOver-
#2609221	REDUCE cov: 2993 ft: 11067 corp: 1988/181Kb lim: 4096 exec/s: 1204 rss: 479Mb L: 63/3954 MS: 1 EraseBytes-
#2609253	REDUCE cov: 2993 ft: 11067 corp: 1988/181Kb lim: 4096 exec/s: 1204 rss: 479Mb L: 399/3954 MS: 2 CMP-EraseBytes- DE: "\000\267"-
#2609826	REDUCE cov: 2993 ft: 11067 corp: 1988/181Kb lim: 4096 exec/s: 1204 rss: 479Mb L: 43/3954 MS: 3 ShuffleBytes-EraseBytes-InsertByte-
#2611927	REDUCE cov: 2993 ft: 11067 corp: 1988/181Kb lim: 4096 exec/s: 1204 rss: 479Mb L: 37/3954 MS: 1 EraseBytes-
#2612349	REDUCE cov: 2993 ft: 11067 corp: 1988/181Kb lim: 4096 exec/s: 1204 rss: 479Mb L: 84/3954 MS: 2 PersAutoDict-EraseBytes- DE: "k1"-
#2612350	REDUCE cov: 2993 ft: 11067 corp: 1988/181Kb lim: 4096 exec/s: 1204 rss: 479Mb L: 28/3954 MS: 1 EraseBytes-
#2612816	REDUCE cov: 2993 ft: 11067 corp: 1988/181Kb lim: 4096 exec/s: 1204 rss: 479Mb L: 154/3954 MS: 1 EraseBytes-
#2614753	REDUCE cov: 2993 ft: 11067 corp: 1988/181Kb lim: 4096 exec/s: 1204 rss: 479Mb L: 19/3954 MS: 2 EraseBytes-CMP- DE: "~\000\000\000"-
#2615034	REDUCE cov: 2993 ft: 11067 corp: 1988/181Kb lim: 4096 exec/s: 1204 rss: 479Mb L: 47/3954 MS: 1 EraseBytes-
#2615280	REDUCE cov: 2993 ft: 11067 corp: 1988/181Kb lim: 4096 exec/s: 1204 rss: 479Mb L: 24/3954 MS: 1 EraseBytes-
#2615581	REDUCE cov: 2993 ft: 11067 corp: 1988/181Kb lim: 4096 exec/s: 1204 rss: 479Mb L: 7/3954 MS: 1 EraseBytes-
#2615662	REDUCE cov: 2993 ft: 11067 corp: 1988/181Kb lim: 4096 exec/s: 1204 rss: 479Mb L: 52/3954 MS: 1 EraseBytes-
#2616120	REDUCE cov: 2993 ft: 11067 corp: 1988/181Kb lim: 4096 exec/s: 1205 rss: 479Mb L: 70/3954 MS: 3 PersAutoDict-CrossOver-EraseBytes- DE: "\000\000V<\326k@\351"-
#2616144	REDUCE cov: 2993 ft: 11067 corp: 1988/181Kb lim: 4096 exec/s: 1205 rss: 479Mb L: 72/3954 MS: 4 InsertByte-ChangeASCIIInt-EraseBytes-ShuffleBytes-
#2618713	REDUCE cov: 2993 ft: 11067 corp: 1988/181Kb lim: 4096 exec/s: 1205 rss: 479Mb L: 72/3954 MS: 4 InsertByte-InsertRepeatedBytes-ChangeByte-EraseBytes-
#2618735	REDUCE cov: 2993 ft: 11067 corp: 1988/181Kb lim: 4096 exec/s: 1205 rss: 479Mb L: 71/3954 MS: 2 ChangeBinInt-EraseBytes-
#2619036	REDUCE cov: 2993 ft: 11067 corp: 1988/181Kb lim: 4096 exec/s: 1204 rss: 479Mb L: 29/3954 MS: 1 EraseBytes-
#2619552	REDUCE cov: 2993 ft: 11067 corp: 1988/181Kb lim: 4096 exec/s: 1204 rss: 479Mb L: 132/3954 MS: 1 EraseBytes-
#2622268	NEW    cov: 2993 ft: 11068 corp: 1989/181Kb lim: 4096 exec/s: 1205 rss: 479Mb L: 40/3954 MS: 1 CopyPart-
#2622625	REDUCE cov: 2993 ft: 11068 corp: 1989/181Kb lim: 4096 exec/s: 1204 rss: 479Mb L: 78/3954 MS: 2 CrossOver-EraseBytes-
#2623059	REDUCE cov: 2993 ft: 11068 corp: 1989/181Kb lim: 4096 exec/s: 1204 rss: 479Mb L: 868/3954 MS: 4 ChangeBit-ChangeBinInt-PersAutoDict-EraseBytes- DE: "\000\306"-
#2623110	REDUCE cov: 2993 ft: 11068 corp: 1989/181Kb lim: 4096 exec/s: 1204 rss: 479Mb L: 4/3954 MS: 1 EraseBytes-
#2623153	REDUCE cov: 2993 ft: 11068 corp: 1989/181Kb lim: 4096 exec/s: 1204 rss: 479Mb L: 1047/3954 MS: 3 ShuffleBytes-EraseBytes-CopyPart-
#2624084	REDUCE cov: 2993 ft: 11068 corp: 1989/181Kb lim: 4096 exec/s: 1204 rss: 479Mb L: 63/3954 MS: 1 EraseBytes-
#2625415	REDUCE cov: 2993 ft: 11068 corp: 1989/181Kb lim: 4096 exec/s: 1204 rss: 479Mb L: 32/3954 MS: 1 EraseBytes-
#2626698	REDUCE cov: 2993 ft: 11068 corp: 1989/181Kb lim: 4096 exec/s: 1204 rss: 479Mb L: 1068/3954 MS: 3 InsertByte-EraseBytes-CopyPart-
#2626971	REDUCE cov: 2993 ft: 11068 corp: 1989/181Kb lim: 4096 exec/s: 1205 rss: 479Mb L: 152/3954 MS: 3 ShuffleBytes-ChangeByte-EraseBytes-
#2629107	NEW    cov: 2993 ft: 11069 corp: 1990/181Kb lim: 4096 exec/s: 1204 rss: 479Mb L: 27/3954 MS: 1 ChangeByte-
#2629353	REDUCE cov: 2993 ft: 11069 corp: 1990/181Kb lim: 4096 exec/s: 1205 rss: 479Mb L: 27/3954 MS: 1 EraseBytes-
#2631110	REDUCE cov: 2993 ft: 11069 corp: 1990/181Kb lim: 4096 exec/s: 1204 rss: 479Mb L: 18/3954 MS: 2 ChangeBinInt-EraseBytes-
#2631576	REDUCE cov: 2993 ft: 11069 corp: 1990/181Kb lim: 4096 exec/s: 1204 rss: 479Mb L: 129/3954 MS: 1 EraseBytes-
#2632092	REDUCE cov: 2993 ft: 11069 corp: 1990/181Kb lim: 4096 exec/s: 1205 rss: 479Mb L: 156/3954 MS: 1 EraseBytes-
#2633713	REDUCE cov: 2993 ft: 11069 corp: 1990/181Kb lim: 4096 exec/s: 1204 rss: 479Mb L: 7/3954 MS: 1 EraseBytes-
#2633984	NEW    cov: 2993 ft: 11076 corp: 1991/181Kb lim: 4096 exec/s: 1204 rss: 479Mb L: 182/3954 MS: 1 InsertByte-
#2634404	REDUCE cov: 2993 ft: 11076 corp: 1991/181Kb lim: 4096 exec/s: 1205 rss: 479Mb L: 1269/3954 MS: 5 CMP-ChangeBinInt-ChangeBinInt-CopyPart-EraseBytes- DE: "\377SQLTREE"-
#2634421	REDUCE cov: 2993 ft: 11076 corp: 1991/181Kb lim: 4096 exec/s: 1205 rss: 479Mb L: 152/3954 MS: 2 ChangeASCIIInt-CrossOver-
#2635108	REDUCE cov: 2993 ft: 11076 corp: 1991/181Kb lim: 4096 exec/s: 1204 rss: 479Mb L: 3647/3954 MS: 2 EraseBytes-CopyPart-
#2636599	REDUCE cov: 2993 ft: 11076 corp: 1991/181Kb lim: 4096 exec/s: 1205 rss: 479Mb L: 13/3954 MS: 1 EraseBytes-
#2639070	REDUCE cov: 2993 ft: 11076 corp: 1991/181Kb lim: 4096 exec/s: 1205 rss: 479Mb L: 53/3954 MS: 1 EraseBytes-
#2639908	REDUCE cov: 2993 ft: 11076 corp: 1991/181Kb lim: 4096 exec/s: 1204 rss: 480Mb L: 43/3954 MS: 3 ChangeByte-EraseBytes-PersAutoDict- DE: "J\000\000\000"-
#2640344	REDUCE cov: 2993 ft: 11076 corp: 1991/181Kb lim: 4096 exec/s: 1205 rss: 480Mb L: 48/3954 MS: 1 EraseBytes-
#2641975	NEW    cov: 2993 ft: 11081 corp: 1992/182Kb lim: 4096 exec/s: 1204 rss: 480Mb L: 211/3954 MS: 1 CopyPart-
#2642272	REDUCE cov: 2993 ft: 11081 corp: 1992/182Kb lim: 4096 exec/s: 1204 rss: 480Mb L: 162/3954 MS: 2 InsertByte-EraseBytes-
#2644123	REDUCE cov: 2993 ft: 11084 corp: 1993/182Kb lim: 4096 exec/s: 1205 rss: 480Mb L: 103/3954 MS: 1 InsertRepeatedBytes-
#2644361	REDUCE cov: 2993 ft: 11084 corp: 1993/182Kb lim: 4096 exec/s: 1204 rss: 480Mb L: 34/3954 MS: 3 ChangeBit-ChangeBit-EraseBytes-
#2645898	REDUCE cov: 2993 ft: 11084 corp: 1993/182Kb lim: 4096 exec/s: 1204 rss: 480Mb L: 1519/3954 MS: 2 ChangeASCIIInt-EraseBytes-
#2646064	REDUCE cov: 2993 ft: 11084 corp: 1993/182Kb lim: 4096 exec/s: 1204 rss: 480Mb L: 77/3954 MS: 1 EraseBytes-
#2647333	REDUCE cov: 2993 ft: 11084 corp: 1993/182Kb lim: 4096 exec/s: 1204 rss: 480Mb L: 113/3954 MS: 4 ManualDict-ChangeBit-ShuffleBytes-EraseBytes- DE: "w"-
#2647425	REDUCE cov: 2993 ft: 11084 corp: 1993/182Kb lim: 4096 exec/s: 1205 rss: 480Mb L: 27/3954 MS: 2 ShuffleBytes-EraseBytes-
#2648621	REDUCE cov: 2993 ft: 11084 corp: 1993/182Kb lim: 4096 exec/s: 1205 rss: 480Mb L: 45/3954 MS: 1 EraseBytes-
#2651710	REDUCE cov: 2993 ft: 11084 corp: 1993/181Kb lim: 4096 exec/s: 1204 rss: 480Mb L: 1594/3954 MS: 4 InsertByte-ChangeASCIIInt-CopyPart-EraseBytes-
#2653032	REDUCE cov: 2993 ft: 11084 corp: 1993/181Kb lim: 4096 exec/s: 1204 rss: 480Mb L: 15/3954 MS: 2 ChangeBinInt-EraseBytes-
#2653270	REDUCE cov: 2993 ft: 11084 corp: 1993/181Kb lim: 4096 exec/s: 1204 rss: 480Mb L: 157/3954 MS: 3 ShuffleBytes-CopyPart-EraseBytes-
#2654652	REDUCE cov: 2993 ft: 11084 corp: 1993/181Kb lim: 4096 exec/s: 1205 rss: 480Mb L: 61/3954 MS: 2 EraseBytes-PersAutoDict- DE: "b"-
#2655739	REDUCE cov: 2993 ft: 11084 corp: 1993/181Kb lim: 4096 exec/s: 1204 rss: 480Mb L: 22/3954 MS: 2 CopyPart-EraseBytes-
#2655862	REDUCE cov: 2993 ft: 11084 corp: 1993/181Kb lim: 4096 exec/s: 1205 rss: 480Mb L: 21/3954 MS: 3 ChangeASCIIInt-ChangeASCIIInt-EraseBytes-
#2656033	REDUCE cov: 2993 ft: 11084 corp: 1993/181Kb lim: 4096 exec/s: 1205 rss: 480Mb L: 30/3954 MS: 1 EraseBytes-
#2658069	REDUCE cov: 2993 ft: 11084 corp: 1993/181Kb lim: 4096 exec/s: 1204 rss: 480Mb L: 29/3954 MS: 1 EraseBytes-
#2658370	REDUCE cov: 2993 ft: 11084 corp: 1993/181Kb lim: 4096 exec/s: 1205 rss: 480Mb L: 28/3954 MS: 1 EraseBytes-
#2658486	REDUCE cov: 2993 ft: 11084 corp: 1993/181Kb lim: 4096 exec/s: 1205 rss: 480Mb L: 55/3954 MS: 1 EraseBytes-
#2658687	REDUCE cov: 2993 ft: 11084 corp: 1993/181Kb lim: 4096 exec/s: 1205 rss: 480Mb L: 44/3954 MS: 1 EraseBytes-
#2658978	REDUCE cov: 2993 ft: 11084 corp: 1993/181Kb lim: 4096 exec/s: 1204 rss: 480Mb L: 17/3954 MS: 1 EraseBytes-
#2660689	REDUCE cov: 2993 ft: 11084 corp: 1993/181Kb lim: 4096 exec/s: 1205 rss: 480Mb L: 4/3954 MS: 1 EraseBytes-
#2660868	REDUCE cov: 2993 ft: 11084 corp: 1993/181Kb lim: 4096 exec/s: 1205 rss: 480Mb L: 183/3954 MS: 4 ChangeASCIIInt-CMP-CopyPart-EraseBytes- DE: "\003\000"-
#2663369	REDUCE cov: 2993 ft: 11084 corp: 1993/181Kb lim: 4096 exec/s: 1205 rss: 480Mb L: 69/3954 MS: 1 EraseBytes-
#2664240	REDUCE cov: 2993 ft: 11084 corp: 1993/181Kb lim: 4096 exec/s: 1204 rss: 480Mb L: 24/3954 MS: 1 EraseBytes-
#2665128	REDUCE cov: 2993 ft: 11084 corp: 1993/181Kb lim: 4096 exec/s: 1205 rss: 480Mb L: 39/3954 MS: 3 CMP-CMP-EraseBytes- DE: "\026\000\000\000"-"\001\000\000\000\001\000\000\000\000\000\000\000\000\000\360?\001a"-
#2666896	REDUCE cov: 2993 ft: 11086 corp: 1994/181Kb lim: 4096 exec/s: 1205 rss: 480Mb L: 19/3954 MS: 3 CopyPart-ChangeBinInt-ChangeASCIIInt-
#2667797	REDUCE cov: 2993 ft: 11086 corp: 1994/181Kb lim: 4096 exec/s: 1204 rss: 480Mb L: 22/3954 MS: 1 EraseBytes-
#2668253	REDUCE cov: 2993 ft: 11086 corp: 1994/181Kb lim: 4096 exec/s: 1205 rss: 480Mb L: 434/3954 MS: 1 EraseBytes-
#2668479	REDUCE cov: 2993 ft: 11086 corp: 1994/181Kb lim: 4096 exec/s: 1205 rss: 480Mb L: 166/3954 MS: 1 EraseBytes-
#2669275	REDUCE cov: 2993 ft: 11086 corp: 1994/181Kb lim: 4096 exec/s: 1205 rss: 480Mb L: 30/3954 MS: 1 EraseBytes-
#2669906	REDUCE cov: 2993 ft: 11086 corp: 1994/181Kb lim: 4096 exec/s: 1205 rss: 480Mb L: 59/3954 MS: 1 EraseBytes-
#2671293	REDUCE cov: 2993 ft: 11086 corp: 1994/181Kb lim: 4096 exec/s: 1205 rss: 480Mb L: 310/3954 MS: 2 ChangeBit-EraseBytes-
#2671762	REDUCE cov: 2993 ft: 11086 corp: 1994/181Kb lim: 4096 exec/s: 1205 rss: 480Mb L: 830/3954 MS: 4 CrossOver-ChangeASCIIInt-InsertByte-EraseBytes-
#2672236	REDUCE cov: 2993 ft: 11086 corp: 1994/181Kb lim: 4096 exec/s: 1205 rss: 480Mb L: 121/3954 MS: 4 PersAutoDict-ManualDict-CopyPart-EraseBytes- DE: "device"-"UPPER("-
#2673102	REDUCE cov: 2993 ft: 11086 corp: 1994/181Kb lim: 4096 exec/s: 1205 rss: 480Mb L: 109/3954 MS: 1 EraseBytes-
#2675784	REDUCE cov: 2993 ft: 11086 corp: 1994/181Kb lim: 4096 exec/s: 1205 rss: 480Mb L: 15/3954 MS: 1 EraseBytes-
#2675846	REDUCE cov: 2993 ft: 11086 corp: 1994/181Kb lim: 4096 exec/s: 1205 rss: 480Mb L: 115/3954 MS: 2 CopyPart-EraseBytes-
#2677983	REDUCE cov: 2993 ft: 11086 corp: 1994/181Kb lim: 4096 exec/s: 1205 rss: 480Mb L: 14/3954 MS: 2 ShuffleBytes-EraseBytes-
#2679184	REDUCE cov: 2993 ft: 11086 corp: 1994/180Kb lim: 4096 exec/s: 1205 rss: 480Mb L: 21/3954 MS: 1 EraseBytes-
#2680377	REDUCE cov: 2993 ft: 11087 corp: 1995/181Kb lim: 4096 exec/s: 1205 rss: 480Mb L: 89/3954 MS: 3 ShuffleBytes-CopyPart-InsertRepeatedBytes-
#2681043	REDUCE cov: 2993 ft: 11087 corp: 1995/181Kb lim: 4096 exec/s: 1205 rss: 480Mb L: 20/3954 MS: 1 EraseBytes-
#2684079	REDUCE cov: 2993 ft: 11087 corp: 1995/181Kb lim: 4096 exec/s: 1205 rss: 480Mb L: 11/3954 MS: 1 EraseBytes-
#2684252	REDUCE cov: 2993 ft: 11087 corp: 1995/181Kb lim: 4096 exec/s: 1205 rss: 480Mb L: 21/3954 MS: 3 EraseBytes-InsertByte-InsertByte-
#2685072	REDUCE cov: 2993 ft: 11087 corp: 1995/181Kb lim: 4096 exec/s: 1205 rss: 480Mb L: 193/3954 MS: 5 ChangeBinInt-EraseBytes-ChangeByte-CrossOver-InsertByte-
#2685108	REDUCE cov: 2993 ft: 11087 corp: 1995/181Kb lim: 4096 exec/s: 1205 rss: 480Mb L: 88/3954 MS: 1 CrossOver-
#2685215	REDUCE cov: 2993 ft: 11087 corp: 1995/181Kb lim: 4096 exec/s: 1205 rss: 480Mb L: 143/3954 MS: 2 CMP-EraseBytes- DE: "ASQLTREE"-
#2685668	REDUCE cov: 2993 ft: 11087 corp: 1995/181Kb lim: 4096 exec/s: 1205 rss: 480Mb L: 105/3954 MS: 3 CrossOver-ChangeBit-EraseBytes-
#2686924	REDUCE cov: 2993 ft: 11087 corp: 1995/181Kb lim: 4096 exec/s: 1205 rss: 480Mb L: 29/3954 MS: 1 EraseBytes-
#2689690	REDUCE cov: 2993 ft: 11087 corp: 1995/181Kb lim: 4096 exec/s: 1205 rss: 480Mb L: 773/3954 MS: 1 EraseBytes-
#2689692	REDUCE cov: 2993 ft: 11087 corp: 1995/181Kb lim: 4096 exec/s: 1205 rss: 480Mb L: 13/3954 MS: 2 ChangeBit-EraseBytes-
#2690448	REDUCE cov: 2993 ft: 11087 corp: 1995/181Kb lim: 4096 exec/s: 1205 rss: 480Mb L: 46/3954 MS: 1 EraseBytes-
#2692114	REDUCE cov: 2993 ft: 11087 corp: 1995/181Kb lim: 4096 exec/s: 1205 rss: 480Mb L: 33/3954 MS: 1 EraseBytes-
#2693236	REDUCE cov: 2993 ft: 11087 corp: 1995/180Kb lim: 4096 exec/s: 1205 rss: 480Mb L: 89/3954 MS: 2 InsertByte-EraseBytes-
#2693712	REDUCE cov: 2993 ft: 11087 corp: 1995/180Kb lim: 4096 exec/s: 1205 rss: 480Mb L: 185/3954 MS: 1 EraseBytes-
#2694313	REDUCE cov: 2993 ft: 11087 corp: 1995/180Kb lim: 4096 exec/s: 1205 rss: 480Mb L: 17/3954 MS: 1 EraseBytes-
#2695279	REDUCE cov: 2993 ft: 11087 corp: 1995/180Kb lim: 4096 exec/s: 1205 rss: 480Mb L: 20/3954 MS: 1 EraseBytes-
#2695750	REDUCE cov: 2993 ft: 11087 corp: 1995/180Kb lim: 4096 exec/s: 1205 rss: 480Mb L: 26/3954 MS: 1 EraseBytes-
#2698047	REDUCE cov: 2993 ft: 11087 corp: 1995/180Kb lim: 4096 exec/s: 1205 rss: 480Mb L: 38/3954 MS: 2 ShuffleBytes-EraseBytes-
#2699374	REDUCE cov: 2993 ft: 11087 corp: 1995/180Kb lim: 4096 exec/s: 1205 rss: 480Mb L: 18/3954 MS: 2 ChangeBit-EraseBytes-
#2701626	REDUCE cov: 2993 ft: 11087 corp: 1995/180Kb lim: 4096 exec/s: 1205 rss: 480Mb L: 6/3954 MS: 2 ChangeBit-EraseBytes-
#2702087	REDUCE cov: 2993 ft: 11087 corp: 1995/180Kb lim: 4096 exec/s: 1205 rss: 480Mb L: 75/3954 MS: 1 EraseBytes-
#2703548	REDUCE cov: 2993 ft: 11087 corp: 1995/180Kb lim: 4096 exec/s: 1205 rss: 480Mb L: 12/3954 MS: 1 EraseBytes-
#2703759	REDUCE cov: 2993 ft: 11087 corp: 1995/180Kb lim: 4096 exec/s: 1205 rss: 480Mb L: 10/3954 MS: 1 EraseBytes-
#2705141	REDUCE cov: 2993 ft: 11087 corp: 1995/180Kb lim: 4096 exec/s: 1204 rss: 480Mb L: 1436/3954 MS: 2 ChangeASCIIInt-EraseBytes-
#2707568	REDUCE cov: 2993 ft: 11087 corp: 1995/180Kb lim: 4096 exec/s: 1204 rss: 480Mb L: 428/3954 MS: 2 CrossOver-EraseBytes-
#2708020	REDUCE cov: 2993 ft: 11087 corp: 1995/180Kb lim: 4096 exec/s: 1205 rss: 480Mb L: 108/3954 MS: 2 ChangeByte-EraseBytes-
#2709077	REDUCE cov: 2993 ft: 11087 corp: 1995/180Kb lim: 4096 exec/s: 1205 rss: 480Mb L: 631/3954 MS: 2 ChangeBinInt-EraseBytes-
#2709534	REDUCE cov: 2993 ft: 11087 corp: 1995/180Kb lim: 4096 exec/s: 1204 rss: 480Mb L: 43/3954 MS: 2 ChangeByte-EraseBytes-
#2709677	REDUCE cov: 2993 ft: 11087 corp: 1995/180Kb lim: 4096 exec/s: 1204 rss: 480Mb L: 138/3954 MS: 3 CMP-EraseBytes-EraseBytes- DE: "ASQLT\004EE"-
#2711093	REDUCE cov: 2993 ft: 11087 corp: 1995/180Kb lim: 4096 exec/s: 1204 rss: 480Mb L: 97/3954 MS: 1 EraseBytes-
#2711811	REDUCE cov: 2993 ft: 11087 corp: 1995/180Kb lim: 4096 exec/s: 1204 rss: 480Mb L: 108/3954 MS: 3 ChangeByte-InsertByte-EraseBytes-
#2712139	REDUCE cov: 2993 ft: 11087 corp: 1995/180Kb lim: 4096 exec/s: 1204 rss: 480Mb L: 95/3954 MS: 3 ChangeBit-ChangeByte-EraseBytes-
#2712752	REDUCE cov: 2993 ft: 11087 corp: 1995/180Kb lim: 4096 exec/s: 1205 rss: 480Mb L: 45/3954 MS: 3 ManualDict-ManualDict-EraseBytes- DE: "SELECT"-"IS"-
#2713175	REDUCE cov: 2993 ft: 11087 corp: 1995/180Kb lim: 4096 exec/s: 1204 rss: 480Mb L: 9/3954 MS: 3 CMP-ChangeBit-EraseBytes- DE: "zz"-
#2713938	REDUCE cov: 2993 ft: 11087 corp: 1995/180Kb lim: 4096 exec/s: 1205 rss: 480Mb L: 752/3954 MS: 3 InsertRepeatedBytes-ChangeASCIIInt-EraseBytes-
#2714103	REDUCE cov: 2993 ft: 11087 corp: 1995/180Kb lim: 4096 exec/s: 1205 rss: 480Mb L: 50/3954 MS: 5 InsertByte-ChangeASCIIInt-CMP-ChangeBit-EraseBytes- DE: "\011\000"-
#2715804	REDUCE cov: 2993 ft: 11087 corp: 1995/180Kb lim: 4096 exec/s: 1204 rss: 480Mb L: 50/3954 MS: 1 EraseBytes-
#2716070	REDUCE cov: 2993 ft: 11088 corp: 1996/180Kb lim: 4096 exec/s: 1205 rss: 480Mb L: 271/3954 MS: 1 InsertByte-
#2717726	REDUCE cov: 2993 ft: 11089 corp: 1997/180Kb lim: 4096 exec/s: 1205 rss: 480Mb L: 14/3954 MS: 1 ChangeByte-
#2718842	REDUCE cov: 2993 ft: 11089 corp: 1997/180Kb lim: 4096 exec/s: 1205 rss: 482Mb L: 41/3954 MS: 1 EraseBytes-
#2722974	REDUCE cov: 2993 ft: 11089 corp: 1997/180Kb lim: 4096 exec/s: 1204 rss: 482Mb L: 3641/3954 MS: 2 CopyPart-EraseBytes-
#2723825	REDUCE cov: 2993 ft: 11089 corp: 1997/180Kb lim: 4096 exec/s: 1204 rss: 482Mb L: 43/3954 MS: 1 EraseBytes-
#2724405	REDUCE cov: 2993 ft: 11089 corp: 1997/180Kb lim: 4096 exec/s: 1204 rss: 482Mb L: 775/3954 MS: 5 PersAutoDict-ShuffleBytes-ShuffleBytes-ChangeASCIIInt-EraseBytes- DE: "b"-
#2725132	REDUCE cov: 2993 ft: 11089 corp: 1997/180Kb lim: 4096 exec/s: 1204 rss: 482Mb L: 89/3954 MS: 2 PersAutoDict-EraseBytes- DE: "time"-
#2725163	REDUCE cov: 2993 ft: 11089 corp: 1997/180Kb lim: 4096 exec/s: 1204 rss: 482Mb L: 4/3954 MS: 1 EraseBytes-
#2725264	REDUCE cov: 2993 ft: 11089 corp: 1997/180Kb lim: 4096 exec/s: 1204 rss: 482Mb L: 198/3954 MS: 1 EraseBytes-
#2725575	REDUCE cov: 2993 ft: 11089 corp: 1997/180Kb lim: 4096 exec/s: 1204 rss: 482Mb L: 11/3954 MS: 1 EraseBytes-
#2725871	NEW    cov: 2993 ft: 11090 corp: 1998/180Kb lim: 4096 exec/s: 1204 rss: 482Mb L: 55/3954 MS: 1 EraseBytes-
#2725987	REDUCE cov: 2993 ft: 11090 corp: 1998/180Kb lim: 4096 exec/s: 1204 rss: 482Mb L: 33/3954 MS: 1 EraseBytes-
#2726028	REDUCE cov: 2993 ft: 11090 corp: 1998/180Kb lim: 4096 exec/s: 1204 rss: 482Mb L: 14/3954 MS: 1 EraseBytes-
#2726564	REDUCE cov: 2993 ft: 11090 corp: 1998/180Kb lim: 4096 exec/s: 1204 rss: 482Mb L: 64/3954 MS: 1 EraseBytes-
#2727180	REDUCE cov: 2993 ft: 11091 corp: 1999/180Kb lim: 4096 exec/s: 1204 rss: 482Mb L: 61/3954 MS: 1 ManualDict- DE: "*"-
#2727536	REDUCE cov: 2993 ft: 11091 corp: 1999/180Kb lim: 4096 exec/s: 1204 rss: 482Mb L: 64/3954 MS: 1 EraseBytes-
#2728494	REDUCE cov: 2993 ft: 11091 corp: 1999/180Kb lim: 4096 exec/s: 1204 rss: 482Mb L: 23/3954 MS: 3 CopyPart-ChangeByte-EraseBytes-
#2731205	REDUCE cov: 2993 ft: 11091 corp: 1999/180Kb lim: 4096 exec/s: 1204 rss: 482Mb L: 17/3954 MS: 1 EraseBytes-
#2732166	REDUCE cov: 2993 ft: 11091 corp: 1999/180Kb lim: 4096 exec/s: 1204 rss: 482Mb L: 44/3954 MS: 1 EraseBytes-
#2732752	REDUCE cov: 2993 ft: 11091 corp: 1999/180Kb lim: 4096 exec/s: 1204 rss: 482Mb L: 58/3954 MS: 1 EraseBytes-
#2733318	REDUCE cov: 2993 ft: 11091 corp: 1999/180Kb lim: 4096 exec/s: 1204 rss: 482Mb L: 320/3954 MS: 1 EraseBytes-
#2734629	REDUCE cov: 2993 ft: 11091 corp: 1999/180Kb lim: 4096 exec/s: 1204 rss: 482Mb L: 31/3954 MS: 1 EraseBytes-
#2735320	REDUCE cov: 2993 ft: 11091 corp: 1999/180Kb lim: 4096 exec/s: 1204 rss: 482Mb L: 76/3954 MS: 1 EraseBytes-
#2737126	REDUCE cov: 2993 ft: 11091 corp: 1999/180Kb lim: 4096 exec/s: 1204 rss: 482Mb L: 12/3954 MS: 1 EraseBytes-
#2739902	NEW    cov: 2993 ft: 11092 corp: 2000/180Kb lim: 4096 exec/s: 1204 rss: 482Mb L: 42/3954 MS: 1 ChangeBit-
#2741189	REDUCE cov: 2993 ft: 11092 corp: 2000/180Kb lim: 4096 exec/s: 1204 rss: 482Mb L: 10/3954 MS: 2 ShuffleBytes-EraseBytes-
#2742481	REDUCE cov: 2993 ft: 11092 corp: 2000/180Kb lim: 4096 exec/s: 1204 rss: 482Mb L: 15/3954 MS: 2 ChangeASCIIInt-EraseBytes-
#2743413	NEW    cov: 2993 ft: 11093 corp: 2001/181Kb lim: 4096 exec/s: 1204 rss: 482Mb L: 312/3954 MS: 2 ChangeASCIIInt-InsertRepeatedBytes-
#2744524	REDUCE cov: 2993 ft: 11093 corp: 2001/181Kb lim: 4096 exec/s: 1204 rss: 482Mb L: 17/3954 MS: 1 EraseBytes-
#2748043	NEW    cov: 2993 ft: 11094 corp: 2002/181Kb lim: 4096 exec/s: 1204 rss: 482Mb L: 312/3954 MS: 4 ChangeBit-ChangeBit-CopyPart-CrossOver-
#2748744	REDUCE cov: 2993 ft: 11094 corp: 2002/181Kb lim: 4096 exec/s: 1205 rss: 482Mb L: 65/3954 MS: 1 EraseBytes-
#2749935	REDUCE cov: 2993 ft: 11094 corp: 2002/181Kb lim: 4096 exec/s: 1205 rss: 482Mb L: 67/3954 MS: 1 EraseBytes-
#2751401	REDUCE cov: 2993 ft: 11094 corp: 2002/181Kb lim: 4096 exec/s: 1204 rss: 482Mb L: 257/3954 MS: 1 EraseBytes-
#2752877	REDUCE cov: 2993 ft: 11094 corp: 2002/181Kb lim: 4096 exec/s: 1204 rss: 482Mb L: 17/3954 MS: 1 EraseBytes-
#2753476	REDUCE cov: 2993 ft: 11094 corp: 2002/181Kb lim: 4096 exec/s: 1205 rss: 482Mb L: 44/3954 MS: 4 ShuffleBytes-ChangeByte-CrossOver-EraseBytes-
#2753897	REDUCE cov: 2993 ft: 11094 corp: 2002/181Kb lim: 4096 exec/s: 1204 rss: 482Mb L: 71/3954 MS: 1 EraseBytes-
#2754745	REDUCE cov: 2993 ft: 11094 corp: 2002/181Kb lim: 4096 exec/s: 1205 rss: 482Mb L: 43/3954 MS: 3 ManualDict-InsertRepeatedBytes-EraseBytes- DE: "b"-
#2756312	REDUCE cov: 2993 ft: 11094 corp: 2002/181Kb lim: 4096 exec/s: 1204 rss: 482Mb L: 73/3954 MS: 2 InsertByte-EraseBytes-
#2756619	REDUCE cov: 2993 ft: 11094 corp: 2002/181Kb lim: 4096 exec/s: 1204 rss: 482Mb L: 36/3954 MS: 2 CopyPart-EraseBytes-
#2756751	REDUCE cov: 2993 ft: 11094 corp: 2002/181Kb lim: 4096 exec/s: 1204 rss: 482Mb L: 7/3954 MS: 2 CopyPart-EraseBytes-
#2758272	REDUCE cov: 2993 ft: 11094 corp: 2002/181Kb lim: 4096 exec/s: 1205 rss: 482Mb L: 13/3954 MS: 1 EraseBytes-
#2760048	REDUCE cov: 2993 ft: 11094 corp: 2002/181Kb lim: 4096 exec/s: 1204 rss: 482Mb L: 24/3954 MS: 1 EraseBytes-
#2760069	REDUCE cov: 2993 ft: 11094 corp: 2002/181Kb lim: 4096 exec/s: 1204 rss: 482Mb L: 29/3954 MS: 1 EraseBytes-
#2763261	REDUCE cov: 2993 ft: 11094 corp: 2002/181Kb lim: 4096 exec/s: 1205 rss: 482Mb L: 101/3954 MS: 2 ShuffleBytes-EraseBytes-
#2764185	REDUCE cov: 2993 ft: 11094 corp: 2002/181Kb lim: 4096 exec/s: 1204 rss: 482Mb L: 1263/3954 MS: 4 ChangeBit-ChangeBinInt-PersAutoDict-CrossOver- DE: "DOUBLE"-
#2764651	REDUCE cov: 2993 ft: 11094 corp: 2002/181Kb lim: 4096 exec/s: 1204 rss: 482Mb L: 63/3954 MS: 1 EraseBytes-
#2764822	REDUCE cov: 2993 ft: 11094 corp: 2002/181Kb lim: 4096 exec/s: 1204 rss: 482Mb L: 16/3954 MS: 1 EraseBytes-
#2766148	REDUCE cov: 2993 ft: 11094 corp: 2002/181Kb lim: 4096 exec/s: 1204 rss: 482Mb L: 97/3954 MS: 1 EraseBytes-
#2766924	REDUCE cov: 2993 ft: 11094 corp: 2002/181Kb lim: 4096 exec/s: 1205 rss: 482Mb L: 13/3954 MS: 1 EraseBytes-
#2767286	REDUCE cov: 2993 ft: 11094 corp: 2002/181Kb lim: 4096 exec/s: 1204 rss: 482Mb L: 56/3954 MS: 2 ShuffleBytes-EraseBytes-
#2767544	REDUCE cov: 2993 ft: 11094 corp: 2002/181Kb lim: 4096 exec/s: 1204 rss: 482Mb L: 17/3954 MS: 3 CopyPart-PersAutoDict-EraseBytes- DE: "\001\000\035\000R\000\222\000"-
#2768415	REDUCE cov: 2993 ft: 11094 corp: 2002/181Kb lim: 4096 exec/s: 1204 rss: 482Mb L: 59/3954 MS: 1 EraseBytes-
#2768927	REDUCE cov: 2993 ft: 11094 corp: 2002/181Kb lim: 4096 exec/s: 1204 rss: 482Mb L: 4/3954 MS: 2 ChangeByte-EraseBytes-
#2769211	REDUCE cov: 2993 ft: 11094 corp: 2002/181Kb lim: 4096 exec/s: 1205 rss: 482Mb L: 275/3954 MS: 4 ManualDict-ManualDict-ChangeByte-EraseBytes- DE: "TIME"-"ABS("-
#2769253	REDUCE cov: 2993 ft: 11094 corp: 2002/181Kb lim: 4096 exec/s: 1205 rss: 482Mb L: 12/3954 MS: 2 InsertByte-EraseBytes-
#2769336	NEW    cov: 2993 ft: 11097 corp: 2003/184Kb lim: 4096 exec/s: 1205 rss: 482Mb L: 2833/3954 MS: 3 PersAutoDict-CrossOver-CopyPart- DE: "w"-
#2770178	REDUCE cov: 2993 ft: 11097 corp: 2003/184Kb lim: 4096 exec/s: 1204 rss: 482Mb L: 1230/3954 MS: 2 ChangeByte-EraseBytes-
#2771995	REDUCE cov: 2993 ft: 11097 corp: 2003/184Kb lim: 4096 exec/s: 1205 rss: 482Mb L: 1196/3954 MS: 2 ManualDict-EraseBytes- DE: "INTO"-
#2772074	REDUCE cov: 2993 ft: 11097 corp: 2003/183Kb lim: 4096 exec/s: 1204 rss: 482Mb L: 3769/3769 MS: 4 CopyPart-CopyPart-ShuffleBytes-EraseBytes-
#2772890	REDUCE cov: 2993 ft: 11097 corp: 2003/183Kb lim: 4096 exec/s: 1205 rss: 482Mb L: 11/3769 MS: 1 EraseBytes-
#2772966	REDUCE cov: 2993 ft: 11097 corp: 2003/183Kb lim: 4096 exec/s: 1205 rss: 482Mb L: 62/3769 MS: 1 EraseBytes-
#2774720	REDUCE cov: 2993 ft: 11097 corp: 2003/183Kb lim: 4096 exec/s: 1204 rss: 482Mb L: 348/3769 MS: 4 ChangeBinInt-PersAutoDict-ChangeByte-EraseBytes- DE: "CREATE"-
#2776041	REDUCE cov: 2993 ft: 11097 corp: 2003/183Kb lim: 4096 exec/s: 1204 rss: 482Mb L: 13/3769 MS: 1 EraseBytes-
#2776143	REDUCE cov: 2994 ft: 11098 corp: 2004/183Kb lim: 4096 exec/s: 1204 rss: 482Mb L: 68/3769 MS: 2 ShuffleBytes-ChangeBit-
#2776919	REDUCE cov: 2994 ft: 11098 corp: 2004/183Kb lim: 4096 exec/s: 1204 rss: 482Mb L: 12/3769 MS: 1 EraseBytes-
#2779754	REDUCE cov: 2994 ft: 11098 corp: 2004/183Kb lim: 4096 exec/s: 1204 rss: 482Mb L: 10/3769 MS: 5 ChangeBit-CMP-ChangeByte-EraseBytes-EraseBytes- DE: "\001\000\000\000\000\000\000\000"-
#2781046	REDUCE cov: 2994 ft: 11098 corp: 2004/183Kb lim: 4096 exec/s: 1204 rss: 482Mb L: 56/3769 MS: 2 ShuffleBytes-EraseBytes-
#2782632	REDUCE cov: 2994 ft: 11098 corp: 2004/183Kb lim: 4096 exec/s: 1205 rss: 482Mb L: 52/3769 MS: 1 EraseBytes-
#2785033	REDUCE cov: 2994 ft: 11098 corp: 2004/183Kb lim: 4096 exec/s: 1205 rss: 482Mb L: 23/3769 MS: 1 EraseBytes-
#2785654	REDUCE cov: 2994 ft: 11098 corp: 2004/183Kb lim: 4096 exec/s: 1204 rss: 482Mb L: 105/3769 MS: 1 EraseBytes-
#2787951	REDUCE cov: 2994 ft: 11098 corp: 2004/183Kb lim: 4096 exec/s: 1204 rss: 482Mb L: 25/3769 MS: 2 ManualDict-EraseBytes- DE: "LENGTH("-
#2789327	REDUCE cov: 2994 ft: 11098 corp: 2004/183Kb lim: 4096 exec/s: 1204 rss: 482Mb L: 23/3769 MS: 1 EraseBytes-
#2792638	REDUCE cov: 2994 ft: 11098 corp: 2004/183Kb lim: 4096 exec/s: 1204 rss: 482Mb L: 57/3769 MS: 1 EraseBytes-
#2792870	REDUCE cov: 2994 ft: 11098 corp: 2004/183Kb lim: 4096 exec/s: 1204 rss: 482Mb L: 20/3769 MS: 2 CopyPart-EraseBytes-
#2793291	REDUCE cov: 2994 ft: 11098 corp: 2004/183Kb lim: 4096 exec/s: 1205 rss: 482Mb L: 40/3769 MS: 1 EraseBytes-
#2793580	REDUCE cov: 2994 ft: 11098 corp: 2004/183Kb lim: 4096 exec/s: 1205 rss: 482Mb L: 314/3769 MS: 4 CopyPart-EraseBytes-ShuffleBytes-ManualDict- DE: "v"-
#2795681	REDUCE cov: 2994 ft: 11098 corp: 2004/183Kb lim: 4096 exec/s: 1205 rss: 482Mb L: 7/3769 MS: 1 EraseBytes-
#2797062	REDUCE cov: 2994 ft: 11098 corp: 2004/183Kb lim: 4096 exec/s: 1205 rss: 482Mb L: 55/3769 MS: 1 EraseBytes-
#2797153	REDUCE cov: 2994 ft: 11098 corp: 2004/183Kb lim: 4096 exec/s: 1205 rss: 482Mb L: 62/3769 MS: 1 EraseBytes-
#2797645	REDUCE cov: 2994 ft: 11098 corp: 2004/183Kb lim: 4096 exec/s: 1204 rss: 482Mb L: 13/3769 MS: 2 CMP-EraseBytes- DE: "\305\000\000\000"-
#2798916	REDUCE cov: 2994 ft: 11098 corp: 2004/183Kb lim: 4096 exec/s: 1204 rss: 482Mb L: 12/3769 MS: 1 EraseBytes-
#2799961	REDUCE cov: 2994 ft: 11098 corp: 2004/183Kb lim: 4096 exec/s: 1204 rss: 482Mb L: 31/3769 MS: 5 CrossOver-ChangeBinInt-ShuffleBytes-ManualDict-EraseBytes- DE: "ASC"-
#2801147	REDUCE cov: 2994 ft: 11100 corp: 2005/186Kb lim: 4096 exec/s: 1204 rss: 482Mb L: 2373/3769 MS: 1 CopyPart-
#2802927	REDUCE cov: 2994 ft: 11100 corp: 2005/186Kb lim: 4096 exec/s: 1205 rss: 482Mb L: 43/3769 MS: 5 EraseBytes-PersAutoDict-InsertByte-CrossOver-InsertByte- DE: "CREATE"-
#2803798	REDUCE cov: 2994 ft: 11100 corp: 2005/186Kb lim: 4096 exec/s: 1204 rss: 482Mb L: 28/3769 MS: 1 EraseBytes-
#2803849	REDUCE cov: 2994 ft: 11100 corp: 2005/186Kb lim: 4096 exec/s: 1204 rss: 482Mb L: 32/3769 MS: 1 EraseBytes-
#2804750	REDUCE cov: 2994 ft: 11100 corp: 2005/186Kb lim: 4096 exec/s: 1204 rss: 482Mb L: 38/3769 MS: 1 EraseBytes-
#2804978	REDUCE cov: 2994 ft: 11100 corp: 2005/186Kb lim: 4096 exec/s: 1204 rss: 482Mb L: 7/3769 MS: 3 PersAutoDict-ChangeBinInt-EraseBytes- DE: "\003\000"-
#2805275	REDUCE cov: 2994 ft: 11100 corp: 2005/186Kb lim: 4096 exec/s: 1205 rss: 482Mb L: 144/3769 MS: 2 ChangeASCIIInt-EraseBytes-
#2806546	REDUCE cov: 2994 ft: 11100 corp: 2005/186Kb lim: 4096 exec/s: 1205 rss: 482Mb L: 194/3769 MS: 1 EraseBytes-
#2807717	REDUCE cov: 2994 ft: 11100 corp: 2005/186Kb lim: 4096 exec/s: 1205 rss: 482Mb L: 1057/3769 MS: 1 EraseBytes-
#2808466	NEW    cov: 2994 ft: 11109 corp: 2006/186Kb lim: 4096 exec/s: 1204 rss: 482Mb L: 61/3769 MS: 4 ChangeBit-PersAutoDict-CrossOver-CrossOver- DE: "\000\000V<\326k@\340"-
#2809138	REDUCE cov: 2994 ft: 11109 corp: 2006/186Kb lim: 4096 exec/s: 1204 rss: 482Mb L: 64/3769 MS: 2 CopyPart-EraseBytes-
#2810809	REDUCE cov: 2994 ft: 11109 corp: 2006/186Kb lim: 4096 exec/s: 1204 rss: 482Mb L: 254/3769 MS: 1 EraseBytes-
#2811916	REDUCE cov: 2994 ft: 11109 corp: 2006/186Kb lim: 4096 exec/s: 1204 rss: 482Mb L: 22/3769 MS: 2 PersAutoDict-EraseBytes- DE: "\000\000\003D"-
#2813793	REDUCE cov: 2994 ft: 11109 corp: 2006/186Kb lim: 4096 exec/s: 1205 rss: 482Mb L: 5/3769 MS: 2 InsertByte-EraseBytes-
#2814289	REDUCE cov: 2994 ft: 11109 corp: 2006/186Kb lim: 4096 exec/s: 1204 rss: 482Mb L: 59/3769 MS: 1 EraseBytes-
#2816476	REDUCE cov: 2994 ft: 11109 corp: 2006/186Kb lim: 4096 exec/s: 1204 rss: 482Mb L: 579/3769 MS: 2 PersAutoDict-EraseBytes- DE: "k2"-
#2816692	REDUCE cov: 2994 ft: 11109 corp: 2006/186Kb lim: 4096 exec/s: 1204 rss: 482Mb L: 24/3769 MS: 1 EraseBytes-
#2818164	REDUCE cov: 2994 ft: 11109 corp: 2006/186Kb lim: 4096 exec/s: 1204 rss: 482Mb L: 71/3769 MS: 2 ShuffleBytes-EraseBytes-
#2818437	REDUCE cov: 2994 ft: 11109 corp: 2006/186Kb lim: 4096 exec/s: 1204 rss: 482Mb L: 17/3769 MS: 3 ManualDict-PersAutoDict-EraseBytes- DE: "ORDER"-"!\001"-
#2818679	REDUCE cov: 2994 ft: 11109 corp: 2006/186Kb lim: 4096 exec/s: 1204 rss: 482Mb L: 126/3769 MS: 2 CMP-EraseBytes- DE: "\000\000\000\000\000\000\000\000"-
#2819007	REDUCE cov: 2994 ft: 11109 corp: 2006/185Kb lim: 4096 exec/s: 1204 rss: 482Mb L: 43/3769 MS: 3 ChangeASCIIInt-CrossOver-EraseBytes-
#2819913	REDUCE cov: 2994 ft: 11109 corp: 2006/185Kb lim: 4096 exec/s: 1204 rss: 482Mb L: 38/3769 MS: 1 EraseBytes-
#2820214	REDUCE cov: 2994 ft: 11109 corp: 2006/185Kb lim: 4096 exec/s: 1204 rss: 482Mb L: 10/3769 MS: 1 EraseBytes-
#2821110	REDUCE cov: 2994 ft: 11109 corp: 2006/185Kb lim: 4096 exec/s: 1204 rss: 482Mb L: 68/3769 MS: 1 EraseBytes-
#2825172	REDUCE cov: 2994 ft: 11109 corp: 2006/185Kb lim: 4096 exec/s: 1204 rss: 482Mb L: 14/3769 MS: 2 ChangeByte-EraseBytes-
#2826636	REDUCE cov: 2994 ft: 11109 corp: 2006/185Kb lim: 4096 exec/s: 1204 rss: 482Mb L: 55/3769 MS: 4 ChangeBinInt-ChangeBit-ChangeBit-EraseBytes-
#2826932	REDUCE cov: 2994 ft: 11109 corp: 2006/185Kb lim: 4096 exec/s: 1205 rss: 482Mb L: 20/3769 MS: 1 EraseBytes-
#2827223	REDUCE cov: 2994 ft: 11109 corp: 2006/185Kb lim: 4096 exec/s: 1204 rss: 482Mb L: 23/3769 MS: 1 EraseBytes-
#2827594	REDUCE cov: 2994 ft: 11109 corp: 2006/185Kb lim: 4096 exec/s: 1204 rss: 482Mb L: 32/3769 MS: 1 EraseBytes-
#2829351	REDUCE cov: 2994 ft: 11109 corp: 2006/185Kb lim: 4096 exec/s: 1205 rss: 482Mb L: 51/3769 MS: 2 CrossOver-EraseBytes-
#2830093	REDUCE cov: 2994 ft: 11111 corp: 2007/186Kb lim: 4096 exec/s: 1204 rss: 482Mb L: 45/3769 MS: 2 CrossOver-CrossOver-
#2830134	NEW    cov: 2994 ft: 11112 corp: 2008/187Kb lim: 4096 exec/s: 1204 rss: 482Mb L: 1458/3769 MS: 1 CMP- DE: "t2"-
#2831625	REDUCE cov: 2994 ft: 11112 corp: 2008/187Kb lim: 4096 exec/s: 1204 rss: 482Mb L: 7/3769 MS: 1 EraseBytes-
#2832299	REDUCE cov: 2994 ft: 11112 corp: 2008/187Kb lim: 4096 exec/s: 1204 rss: 482Mb L: 171/3769 MS: 4 ChangeBit-EraseBytes-CMP-CopyPart- DE: "\341@k\326<V\000\000"-
#2835100	REDUCE cov: 2994 ft: 11112 corp: 2008/187Kb lim: 4096 exec/s: 1204 rss: 482Mb L: 13/3769 MS: 1 EraseBytes-
#2835102	REDUCE cov: 2994 ft: 11112 corp: 2008/187Kb lim: 4096 exec/s: 1204 rss: 482Mb L: 7/3769 MS: 2 InsertByte-EraseBytes-
#2838483	REDUCE cov: 2994 ft: 11112 corp: 2008/187Kb lim: 4096 exec/s: 1204 rss: 482Mb L: 7/3769 MS: 1 EraseBytes-
#2840019	REDUCE cov: 2994 ft: 11112 corp: 2008/187Kb lim: 4096 exec/s: 1204 rss: 482Mb L: 175/3769 MS: 1 EraseBytes-
#2840110	REDUCE cov: 2994 ft: 11112 corp: 2008/187Kb lim: 4096 exec/s: 1204 rss: 482Mb L: 36/3769 MS: 1 EraseBytes-
#2841128	REDUCE cov: 2994 ft: 11112 corp: 2008/187Kb lim: 4096 exec/s: 1204 rss: 482Mb L: 115/3769 MS: 3 CopyPart-InsertByte-EraseBytes-
#2841539	REDUCE cov: 2994 ft: 11112 corp: 2008/187Kb lim: 4096 exec/s: 1205 rss: 482Mb L: 29/3769 MS: 1 EraseBytes-
#2842075	REDUCE cov: 2994 ft: 11112 corp: 2008/187Kb lim: 4096 exec/s: 1204 rss: 482Mb L: 80/3769 MS: 1 EraseBytes-
#2842136	REDUCE cov: 2994 ft: 11112 corp: 2008/187Kb lim: 4096 exec/s: 1204 rss: 482Mb L: 41/3769 MS: 1 EraseBytes-
#2843987	REDUCE cov: 2994 ft: 11112 corp: 2008/187Kb lim: 4096 exec/s: 1205 rss: 482Mb L: 48/3769 MS: 1 EraseBytes-
#2844673	REDUCE cov: 2994 ft: 11112 corp: 2008/187Kb lim: 4096 exec/s: 1204 rss: 482Mb L: 109/3769 MS: 1 EraseBytes-
#2845434	REDUCE cov: 2994 ft: 11112 corp: 2008/187Kb lim: 4096 exec/s: 1205 rss: 482Mb L: 9/3769 MS: 1 EraseBytes-
#2845990	REDUCE cov: 2994 ft: 11112 corp: 2008/187Kb lim: 4096 exec/s: 1204 rss: 482Mb L: 11/3769 MS: 1 EraseBytes-
#2848028	REDUCE cov: 2994 ft: 11112 corp: 2008/187Kb lim: 4096 exec/s: 1204 rss: 482Mb L: 304/3769 MS: 3 ChangeBinInt-CrossOver-EraseBytes-
#2849144	REDUCE cov: 2994 ft: 11112 corp: 2008/187Kb lim: 4096 exec/s: 1205 rss: 482Mb L: 18/3769 MS: 1 EraseBytes-
#2851355	REDUCE cov: 2994 ft: 11112 corp: 2008/187Kb lim: 4096 exec/s: 1205 rss: 482Mb L: 7/3769 MS: 1 EraseBytes-
#2852767	REDUCE cov: 2994 ft: 11112 corp: 2008/187Kb lim: 4096 exec/s: 1205 rss: 482Mb L: 94/3769 MS: 2 ChangeByte-EraseBytes-
#2853898	REDUCE cov: 2994 ft: 11112 corp: 2008/187Kb lim: 4096 exec/s: 1205 rss: 482Mb L: 6/3769 MS: 1 EraseBytes-
#2855517	REDUCE cov: 2994 ft: 11112 corp: 2008/187Kb lim: 4096 exec/s: 1204 rss: 482Mb L: 196/3769 MS: 4 CMP-CopyPart-ManualDict-EraseBytes- DE: "\274\000\000\000"-"BIGINT"-
#2856218	REDUCE cov: 2994 ft: 11112 corp: 2008/187Kb lim: 4096 exec/s: 1205 rss: 482Mb L: 44/3769 MS: 1 EraseBytes-
#2856384	REDUCE cov: 2994 ft: 11112 corp: 2008/187Kb lim: 4096 exec/s: 1205 rss: 482Mb L: 90/3769 MS: 1 EraseBytes-
#2857385	REDUCE cov: 2994 ft: 11112 corp: 2008/187Kb lim: 4096 exec/s: 1205 rss: 482Mb L: 38/3769 MS: 1 EraseBytes-
#2857667	REDUCE cov: 2994 ft: 11112 corp: 2008/187Kb lim: 4096 exec/s: 1205 rss: 482Mb L: 2125/3769 MS: 2 PersAutoDict-EraseBytes- DE: "AVG("-
#2858253	REDUCE cov: 2994 ft: 11112 corp: 2008/187Kb lim: 4096 exec/s: 1204 rss: 482Mb L: 6/3769 MS: 1 EraseBytes-
#2859824	REDUCE cov: 2994 ft: 11112 corp: 2008/187Kb lim: 4096 exec/s: 1205 rss: 482Mb L: 62/3769 MS: 1 EraseBytes-
#2860863	REDUCE cov: 2994 ft: 11112 corp: 2008/187Kb lim: 4096 exec/s: 1205 rss: 482Mb L: 86/3769 MS: 4 ManualDict-InsertByte-ChangeByte-EraseBytes- DE: "<="-
#2864794	REDUCE cov: 2994 ft: 11112 corp: 2008/187Kb lim: 4096 exec/s: 1205 rss: 482Mb L: 40/3769 MS: 1 EraseBytes-
#2866005	REDUCE cov: 2994 ft: 11112 corp: 2008/187Kb lim: 4096 exec/s: 1205 rss: 482Mb L: 7/3769 MS: 1 EraseBytes-
#2866631	REDUCE cov: 2994 ft: 11112 corp: 2008/187Kb lim: 4096 exec/s: 1204 rss: 482Mb L: 54/3769 MS: 1 EraseBytes-
#2867647	REDUCE cov: 2994 ft: 11112 corp: 2008/187Kb lim: 4096 exec/s: 1204 rss: 482Mb L: 29/3769 MS: 1 EraseBytes-
#2868269	REDUCE cov: 2994 ft: 11112 corp: 2008/187Kb lim: 4096 exec/s: 1205 rss: 482Mb L: 499/3769 MS: 2 ChangeBit-EraseBytes-
#2869520	REDUCE cov: 2994 ft: 11112 corp: 2008/187Kb lim: 4096 exec/s: 1205 rss: 482Mb L: 1927/3769 MS: 1 EraseBytes-
#2870047	NEW    cov: 2994 ft: 11113 corp: 2009/187Kb lim: 4096 exec/s: 1204 rss: 482Mb L: 211/3769 MS: 2 ChangeBit-PersAutoDict- DE: "\377\377\377R"-
#2871747	REDUCE cov: 2994 ft: 11114 corp: 2010/190Kb lim: 4096 exec/s: 1205 rss: 482Mb L: 3736/3769 MS: 5 InsertByte-ShuffleBytes-ChangeASCIIInt-EraseBytes-CopyPart-
#2871768	REDUCE cov: 2994 ft: 11114 corp: 2010/190Kb lim: 4096 exec/s: 1205 rss: 482Mb L: 26/3769 MS: 1 EraseBytes-
#2872423	REDUCE cov: 2994 ft: 11114 corp: 2010/190Kb lim: 4096 exec/s: 1204 rss: 482Mb L: 438/3769 MS: 5 InsertByte-PersAutoDict-ChangeASCIIInt-InsertByte-EraseBytes- DE: "\367\377\377\377"-
#2872589	REDUCE cov: 2994 ft: 11114 corp: 2010/190Kb lim: 4096 exec/s: 1204 rss: 482Mb L: 16/3769 MS: 1 EraseBytes-
#2872875	REDUCE cov: 2994 ft: 11114 corp: 2010/190Kb lim: 4096 exec/s: 1205 rss: 482Mb L: 7/3769 MS: 1 EraseBytes-
#2873506	REDUCE cov: 2994 ft: 11114 corp: 2010/190Kb lim: 4096 exec/s: 1204 rss: 482Mb L: 27/3769 MS: 1 EraseBytes-
#2875117	REDUCE cov: 2994 ft: 11117 corp: 2011/190Kb lim: 4096 exec/s: 1204 rss: 482Mb L: 22/3769 MS: 1 InsertByte-
#2875973	REDUCE cov: 2994 ft: 11117 corp: 2011/190Kb lim: 4096 exec/s: 1204 rss: 482Mb L: 13/3769 MS: 1 EraseBytes-
#2878154	REDUCE cov: 2994 ft: 11117 corp: 2011/190Kb lim: 4096 exec/s: 1204 rss: 482Mb L: 162/3769 MS: 1 EraseBytes-
#2878565	REDUCE cov: 2994 ft: 11117 corp: 2011/190Kb lim: 4096 exec/s: 1204 rss: 482Mb L: 94/3769 MS: 1 EraseBytes-
#2880201	REDUCE cov: 2994 ft: 11117 corp: 2011/190Kb lim: 4096 exec/s: 1205 rss: 482Mb L: 13/3769 MS: 1 EraseBytes-
#2881378	REDUCE cov: 2994 ft: 11117 corp: 2011/190Kb lim: 4096 exec/s: 1205 rss: 482Mb L: 5/3769 MS: 2 InsertByte-EraseBytes-
#2882040	REDUCE cov: 2994 ft: 11117 corp: 2011/190Kb lim: 4096 exec/s: 1204 rss: 482Mb L: 409/3769 MS: 2 InsertByte-EraseBytes-
#2882191	REDUCE cov: 2994 ft: 11117 corp: 2011/190Kb lim: 4096 exec/s: 1204 rss: 482Mb L: 761/3769 MS: 1 EraseBytes-
#2882977	REDUCE cov: 2994 ft: 11117 corp: 2011/190Kb lim: 4096 exec/s: 1204 rss: 482Mb L: 1158/3769 MS: 1 EraseBytes-
#2883371	REDUCE cov: 2994 ft: 11117 corp: 2011/190Kb lim: 4096 exec/s: 1204 rss: 482Mb L: 275/3769 MS: 4 InsertRepeatedBytes-ChangeByte-ChangeByte-EraseBytes-
#2885222	REDUCE cov: 2994 ft: 11117 corp: 2011/190Kb lim: 4096 exec/s: 1204 rss: 482Mb L: 89/3769 MS: 1 EraseBytes-
#2885308	REDUCE cov: 2994 ft: 11117 corp: 2011/190Kb lim: 4096 exec/s: 1204 rss: 482Mb L: 39/3769 MS: 1 EraseBytes-
#2885389	REDUCE cov: 2994 ft: 11117 corp: 2011/190Kb lim: 4096 exec/s: 1204 rss: 482Mb L: 92/3769 MS: 1 EraseBytes-
#2887340	REDUCE cov: 2994 ft: 11117 corp: 2011/190Kb lim: 4096 exec/s: 1205 rss: 482Mb L: 66/3769 MS: 1 EraseBytes-
#2888926	REDUCE cov: 2994 ft: 11117 corp: 2011/190Kb lim: 4096 exec/s: 1204 rss: 482Mb L: 54/3769 MS: 1 EraseBytes-
#2889502	REDUCE cov: 2994 ft: 11117 corp: 2011/190Kb lim: 4096 exec/s: 1204 rss: 482Mb L: 542/3769 MS: 1 EraseBytes-
#2890085	REDUCE cov: 2994 ft: 11117 corp: 2011/190Kb lim: 4096 exec/s: 1204 rss: 482Mb L: 104/3769 MS: 3 ChangeBit-ShuffleBytes-EraseBytes-
#2892991	REDUCE cov: 2994 ft: 11117 corp: 2011/190Kb lim: 4096 exec/s: 1204 rss: 482Mb L: 757/3769 MS: 1 EraseBytes-
#2893932	REDUCE cov: 2994 ft: 11117 corp: 2011/190Kb lim: 4096 exec/s: 1204 rss: 482Mb L: 1235/3769 MS: 1 EraseBytes-
#2894293	REDUCE cov: 2994 ft: 11117 corp: 2011/190Kb lim: 4096 exec/s: 1204 rss: 482Mb L: 24/3769 MS: 1 EraseBytes-
#2895949	REDUCE cov: 2994 ft: 11117 corp: 2011/190Kb lim: 4096 exec/s: 1204 rss: 482Mb L: 9/3769 MS: 1 EraseBytes-
#2896475	REDUCE cov: 2994 ft: 11118 corp: 2012/190Kb lim: 4096 exec/s: 1204 rss: 482Mb L: 145/3769 MS: 1 ChangeBinInt-
#2896933	REDUCE cov: 2994 ft: 11118 corp: 2012/190Kb lim: 4096 exec/s: 1204 rss: 482Mb L: 29/3769 MS: 3 CopyPart-InsertByte-EraseBytes-
#2901390	REDUCE cov: 2994 ft: 11118 corp: 2012/190Kb lim: 4096 exec/s: 1204 rss: 482Mb L: 47/3769 MS: 2 ChangeBit-EraseBytes-
#2901731	REDUCE cov: 2994 ft: 11118 corp: 2012/190Kb lim: 4096 exec/s: 1205 rss: 482Mb L: 44/3769 MS: 1 EraseBytes-
#2901879	REDUCE cov: 2994 ft: 11118 corp: 2012/190Kb lim: 4096 exec/s: 1204 rss: 482Mb L: 43/3769 MS: 3 ChangeBinInt-EraseBytes-CMP- DE: "\000\000\000\004"-
#2902885	REDUCE cov: 2994 ft: 11118 corp: 2012/190Kb lim: 4096 exec/s: 1205 rss: 482Mb L: 73/3769 MS: 1 EraseBytes-
#2902887	REDUCE cov: 2994 ft: 11118 corp: 2012/190Kb lim: 4096 exec/s: 1205 rss: 482Mb L: 260/3769 MS: 2 ChangeASCIIInt-EraseBytes-
#2904103	REDUCE cov: 2994 ft: 11119 corp: 2013/190Kb lim: 4096 exec/s: 1205 rss: 482Mb L: 83/3769 MS: 1 CopyPart-
#2904909	REDUCE cov: 2994 ft: 11119 corp: 2013/190Kb lim: 4096 exec/s: 1204 rss: 482Mb L: 235/3769 MS: 1 EraseBytes-
#2905555	REDUCE cov: 2994 ft: 11119 corp: 2013/190Kb lim: 4096 exec/s: 1204 rss: 482Mb L: 16/3769 MS: 1 EraseBytes-
#2905826	REDUCE cov: 2994 ft: 11119 corp: 2013/190Kb lim: 4096 exec/s: 1204 rss: 482Mb L: 31/3769 MS: 1 EraseBytes-
#2906911	REDUCE cov: 2994 ft: 11119 corp: 2013/190Kb lim: 4096 exec/s: 1204 rss: 482Mb L: 838/3769 MS: 5 ChangeASCIIInt-ChangeASCIIInt-ChangeByte-InsertByte-EraseBytes-
#2909699	REDUCE cov: 2994 ft: 11119 corp: 2013/190Kb lim: 4096 exec/s: 1204 rss: 482Mb L: 41/3769 MS: 3 ManualDict-ShuffleBytes-EraseBytes- DE: "REAL"-
#2912415	REDUCE cov: 2994 ft: 11119 corp: 2013/190Kb lim: 4096 exec/s: 1204 rss: 482Mb L: 160/3769 MS: 1 EraseBytes-
#2912441	REDUCE cov: 2994 ft: 11119 corp: 2013/190Kb lim: 4096 exec/s: 1204 rss: 482Mb L: 13/3769 MS: 1 EraseBytes-
#2913148	REDUCE cov: 2994 ft: 11119 corp: 2013/190Kb lim: 4096 exec/s: 1204 rss: 482Mb L: 10/3769 MS: 2 InsertByte-EraseBytes-
#2914079	REDUCE cov: 2994 ft: 11119 corp: 2013/190Kb lim: 4096 exec/s: 1204 rss: 482Mb L: 50/3769 MS: 1 EraseBytes-
#2914610	REDUCE cov: 2994 ft: 11119 corp: 2013/190Kb lim: 4096 exec/s: 1204 rss: 482Mb L: 82/3769 MS: 1 EraseBytes-
#2915572	REDUCE cov: 2994 ft: 11119 corp: 2013/190Kb lim: 4096 exec/s: 1204 rss: 482Mb L: 43/3769 MS: 2 ChangeBit-EraseBytes-
#2916163	REDUCE cov: 2994 ft: 11119 corp: 2013/190Kb lim: 4096 exec/s: 1205 rss: 482Mb L: 128/3769 MS: 1 EraseBytes-
#2916716	REDUCE cov: 2995 ft: 11120 corp: 2014/190Kb lim: 4096 exec/s: 1204 rss: 482Mb L: 119/3769 MS: 3 ChangeBit-PersAutoDict-ChangeBinInt- DE: "OFFSET"-
#2918272	REDUCE cov: 2995 ft: 11120 corp: 2014/190Kb lim: 4096 exec/s: 1204 rss: 482Mb L: 27/3769 MS: 1 EraseBytes-
#2920098	REDUCE cov: 2995 ft: 11120 corp: 2014/190Kb lim: 4096 exec/s: 1204 rss: 482Mb L: 46/3769 MS: 1 EraseBytes-
#2923199	REDUCE cov: 2995 ft: 11120 corp: 2014/190Kb lim: 4096 exec/s: 1204 rss: 482Mb L: 44/3769 MS: 1 EraseBytes-
#2923200	REDUCE cov: 2995 ft: 11120 corp: 2014/190Kb lim: 4096 exec/s: 1204 rss: 482Mb L: 20/3769 MS: 1 EraseBytes-
#2923362	REDUCE cov: 2995 ft: 11120 corp: 2014/190Kb lim: 4096 exec/s: 1205 rss: 482Mb L: 62/3769 MS: 2 ChangeASCIIInt-EraseBytes-
#2925368	NEW    cov: 2995 ft: 11124 corp: 2015/190Kb lim: 4096 exec/s: 1204 rss: 482Mb L: 206/3769 MS: 1 InsertRepeatedBytes-
#2927224	REDUCE cov: 2995 ft: 11124 corp: 2015/190Kb lim: 4096 exec/s: 1204 rss: 482Mb L: 667/3769 MS: 1 EraseBytes-
#2927755	REDUCE cov: 2995 ft: 11124 corp: 2015/190Kb lim: 4096 exec/s: 1204 rss: 482Mb L: 20/3769 MS: 1 EraseBytes-
#2928096	REDUCE cov: 2995 ft: 11124 corp: 2015/190Kb lim: 4096 exec/s: 1204 rss: 482Mb L: 75/3769 MS: 1 EraseBytes-
#2932826	NEW    cov: 2995 ft: 11125 corp: 2016/190Kb lim: 4096 exec/s: 1204 rss: 482Mb L: 399/3769 MS: 5 CopyPart-ChangeByte-PersAutoDict-CrossOver-ChangeASCIIInt- DE: "\001\000V<\326k@\340"-
#2933457	REDUCE cov: 2995 ft: 11125 corp: 2016/190Kb lim: 4096 exec/s: 1204 rss: 482Mb L: 26/3769 MS: 1 EraseBytes-
#2933873	REDUCE cov: 2995 ft: 11125 corp: 2016/190Kb lim: 4096 exec/s: 1204 rss: 482Mb L: 15/3769 MS: 1 EraseBytes-
#2935269	REDUCE cov: 2995 ft: 11125 corp: 2016/190Kb lim: 4096 exec/s: 1204 rss: 482Mb L: 55/3769 MS: 1 EraseBytes-
#2936065	REDUCE cov: 2995 ft: 11125 corp: 2016/190Kb lim: 4096 exec/s: 1204 rss: 482Mb L: 19/3769 MS: 1 EraseBytes-
#2936731	REDUCE cov: 2995 ft: 11125 corp: 2016/190Kb lim: 4096 exec/s: 1204 rss: 482Mb L: 1849/3769 MS: 1 EraseBytes-
#2938673	REDUCE cov: 2995 ft: 11125 corp: 2016/190Kb lim: 4096 exec/s: 1204 rss: 482Mb L: 1511/3769 MS: 2 CopyPart-EraseBytes-
#2939165	REDUCE cov: 2995 ft: 11125 corp: 2016/190Kb lim: 4096 exec/s: 1204 rss: 482Mb L: 118/3769 MS: 2 InsertByte-EraseBytes-
#2943196	REDUCE cov: 2995 ft: 11125 corp: 2016/190Kb lim: 4096 exec/s: 1204 rss: 482Mb L: 92/3769 MS: 1 EraseBytes-
#2944078	REDUCE cov: 2995 ft: 11125 corp: 2016/190Kb lim: 4096 exec/s: 1204 rss: 482Mb L: 116/3769 MS: 2 ChangeBinInt-EraseBytes-
#2944239	REDUCE cov: 2995 ft: 11125 corp: 2016/190Kb lim: 4096 exec/s: 1204 rss: 482Mb L: 8/3769 MS: 1 EraseBytes-
#2944450	REDUCE cov: 2995 ft: 11125 corp: 2016/190Kb lim: 4096 exec/s: 1204 rss: 482Mb L: 10/3769 MS: 1 EraseBytes-
#2946626	REDUCE cov: 2995 ft: 11125 corp: 2016/190Kb lim: 4096 exec/s: 1204 rss: 482Mb L: 10/3769 MS: 1 EraseBytes-
#2947137	REDUCE cov: 2995 ft: 11125 corp: 2016/190Kb lim: 4096 exec/s: 1204 rss: 482Mb L: 14/3769 MS: 1 EraseBytes-
#2948099	REDUCE cov: 2995 ft: 11125 corp: 2016/190Kb lim: 4096 exec/s: 1204 rss: 482Mb L: 50/3769 MS: 2 PersAutoDict-EraseBytes- DE: "\377\377\377R"-
#2951266	REDUCE cov: 2995 ft: 11125 corp: 2016/190Kb lim: 4096 exec/s: 1204 rss: 482Mb L: 112/3769 MS: 2 ChangeBit-EraseBytes-
#2951722	REDUCE cov: 2995 ft: 11125 corp: 2016/190Kb lim: 4096 exec/s: 1204 rss: 482Mb L: 873/3769 MS: 1 EraseBytes-
#2953539	REDUCE cov: 2995 ft: 11125 corp: 2016/190Kb lim: 4096 exec/s: 1204 rss: 482Mb L: 3315/3769 MS: 2 ChangeByte-EraseBytes-
#2954050	REDUCE cov: 2995 ft: 11125 corp: 2016/190Kb lim: 4096 exec/s: 1204 rss: 482Mb L: 16/3769 MS: 1 EraseBytes-
#2954356	REDUCE cov: 2995 ft: 11125 corp: 2016/190Kb lim: 4096 exec/s: 1204 rss: 482Mb L: 657/3769 MS: 1 EraseBytes-
#2955267	REDUCE cov: 2995 ft: 11125 corp: 2016/190Kb lim: 4096 exec/s: 1204 rss: 482Mb L: 80/3769 MS: 1 EraseBytes-
#2956003	REDUCE cov: 2995 ft: 11125 corp: 2016/190Kb lim: 4096 exec/s: 1204 rss: 482Mb L: 50/3769 MS: 1 EraseBytes-
#2959804	REDUCE cov: 2995 ft: 11125 corp: 2016/190Kb lim: 4096 exec/s: 1204 rss: 482Mb L: 44/3769 MS: 1 EraseBytes-
#2961038	REDUCE cov: 2995 ft: 11125 corp: 2016/190Kb lim: 4096 exec/s: 1204 rss: 482Mb L: 618/3769 MS: 4 ManualDict-CMP-CopyPart-EraseBytes- DE: ">="-"\312z"-
#2961320	REDUCE cov: 2995 ft: 11125 corp: 2016/190Kb lim: 4096 exec/s: 1204 rss: 482Mb L: 395/3769 MS: 2 CopyPart-EraseBytes-
#2965763	REDUCE cov: 2995 ft: 11125 corp: 2016/190Kb lim: 4096 exec/s: 1204 rss: 482Mb L: 270/3769 MS: 3 ChangeBinInt-ShuffleBytes-EraseBytes-
#2966409	REDUCE cov: 2995 ft: 11125 corp: 2016/190Kb lim: 4096 exec/s: 1204 rss: 482Mb L: 20/3769 MS: 1 EraseBytes-
#2966765	REDUCE cov: 2995 ft: 11125 corp: 2016/190Kb lim: 4096 exec/s: 1204 rss: 482Mb L: 187/3769 MS: 1 EraseBytes-
#2967131	REDUCE cov: 2995 ft: 11125 corp: 2016/190Kb lim: 4096 exec/s: 1204 rss: 482Mb L: 88/3769 MS: 1 EraseBytes-
#2971107	REDUCE cov: 2995 ft: 11125 corp: 2016/190Kb lim: 4096 exec/s: 1204 rss: 482Mb L: 36/3769 MS: 1 EraseBytes-
#2971665	REDUCE cov: 2995 ft: 11125 corp: 2016/190Kb lim: 4096 exec/s: 1204 rss: 482Mb L: 165/3769 MS: 3 CopyPart-InsertByte-EraseBytes-
#2973861	REDUCE cov: 2995 ft: 11125 corp: 2016/189Kb lim: 4096 exec/s: 1204 rss: 482Mb L: 2657/3769 MS: 1 EraseBytes-
#2975157	REDUCE cov: 2995 ft: 11125 corp: 2016/189Kb lim: 4096 exec/s: 1204 rss: 482Mb L: 82/3769 MS: 1 EraseBytes-
#2975233	REDUCE cov: 2995 ft: 11125 corp: 2016/189Kb lim: 4096 exec/s: 1204 rss: 482Mb L: 57/3769 MS: 1 EraseBytes-
#2976850	REDUCE cov: 2995 ft: 11125 corp: 2016/189Kb lim: 4096 exec/s: 1204 rss: 482Mb L: 75/3769 MS: 2 EraseBytes-ChangeByte-
#2977714	REDUCE cov: 2995 ft: 11125 corp: 2016/189Kb lim: 4096 exec/s: 1204 rss: 482Mb L: 345/3769 MS: 4 CrossOver-CrossOver-ChangeBinInt-EraseBytes-
#2986055	REDUCE cov: 2995 ft: 11125 corp: 2016/189Kb lim: 4096 exec/s: 1205 rss: 482Mb L: 48/3769 MS: 1 EraseBytes-
#2987296	REDUCE cov: 2995 ft: 11125 corp: 2016/189Kb lim: 4096 exec/s: 1205 rss: 482Mb L: 106/3769 MS: 1 EraseBytes-
#2988578	REDUCE cov: 2995 ft: 11125 corp: 2016/189Kb lim: 4096 exec/s: 1204 rss: 482Mb L: 47/3769 MS: 2 CopyPart-EraseBytes-
#2988781	REDUCE cov: 2995 ft: 11125 corp: 2016/189Kb lim: 4096 exec/s: 1204 rss: 482Mb L: 11/3769 MS: 3 CopyPart-CopyPart-EraseBytes-
#2988917	REDUCE cov: 2995 ft: 11125 corp: 2016/189Kb lim: 4096 exec/s: 1204 rss: 482Mb L: 2165/3769 MS: 1 EraseBytes-
#2990593	REDUCE cov: 2995 ft: 11125 corp: 2016/189Kb lim: 4096 exec/s: 1204 rss: 482Mb L: 11/3769 MS: 1 EraseBytes-
#2990714	REDUCE cov: 2995 ft: 11127 corp: 2017/189Kb lim: 4096 exec/s: 1204 rss: 482Mb L: 303/3769 MS: 1 InsertRepeatedBytes-
#2992186	REDUCE cov: 2995 ft: 11127 corp: 2017/189Kb lim: 4096 exec/s: 1204 rss: 482Mb L: 45/3769 MS: 2 ManualDict-EraseBytes- DE: "0.1"-
#2994537	REDUCE cov: 2995 ft: 11127 corp: 2017/189Kb lim: 4096 exec/s: 1204 rss: 482Mb L: 18/3769 MS: 1 EraseBytes-
#2995943	REDUCE cov: 2995 ft: 11127 corp: 2017/189Kb lim: 4096 exec/s: 1204 rss: 482Mb L: 10/3769 MS: 1 EraseBytes-
#2997311	REDUCE cov: 2995 ft: 11127 corp: 2017/189Kb lim: 4096 exec/s: 1204 rss: 482Mb L: 9/3769 MS: 3 CopyPart-CMP-EraseBytes- DE: "\000\000V<\326q\342\250"-
#2997407	REDUCE cov: 2995 ft: 11127 corp: 2017/189Kb lim: 4096 exec/s: 1204 rss: 482Mb L: 263/3769 MS: 1 EraseBytes-
#2999973	REDUCE cov: 2995 ft: 11127 corp: 2017/189Kb lim: 4096 exec/s: 1204 rss: 482Mb L: 149/3769 MS: 1 EraseBytes-
#3000649	REDUCE cov: 2995 ft: 11127 corp: 2017/189Kb lim: 4096 exec/s: 1204 rss: 482Mb L: 7/3769 MS: 1 EraseBytes-
#3001732	REDUCE cov: 2995 ft: 11127 corp: 2017/189Kb lim: 4096 exec/s: 1204 rss: 482Mb L: 87/3769 MS: 3 PersAutoDict-EraseBytes-CopyPart- DE: "~\000\000\000"-
#3002473	REDUCE cov: 2995 ft: 11127 corp: 2017/189Kb lim: 4096 exec/s: 1204 rss: 482Mb L: 59/3769 MS: 1 EraseBytes-
#3004920	REDUCE cov: 2995 ft: 11127 corp: 2017/189Kb lim: 4096 exec/s: 1204 rss: 482Mb L: 15/3769 MS: 2 ManualDict-EraseBytes- DE: "ABS("-
#3007391	REDUCE cov: 2995 ft: 11127 corp: 2017/189Kb lim: 4096 exec/s: 1204 rss: 482Mb L: 29/3769 MS: 1 EraseBytes-
#3008912	REDUCE cov: 2995 ft: 11127 corp: 2017/189Kb lim: 4096 exec/s: 1204 rss: 482Mb L: 17/3769 MS: 1 EraseBytes-
#3009063	REDUCE cov: 2995 ft: 11127 corp: 2017/189Kb lim: 4096 exec/s: 1204 rss: 482Mb L: 42/3769 MS: 1 EraseBytes-
#3009549	REDUCE cov: 2995 ft: 11127 corp: 2017/189Kb lim: 4096 exec/s: 1204 rss: 482Mb L: 3135/3769 MS: 1 EraseBytes-
#3010080	REDUCE cov: 2995 ft: 11127 corp: 2017/189Kb lim: 4096 exec/s: 1204 rss: 482Mb L: 9/3769 MS: 1 EraseBytes-
#3011351	REDUCE cov: 2995 ft: 11127 corp: 2017/189Kb lim: 4096 exec/s: 1204 rss: 482Mb L: 84/3769 MS: 1 EraseBytes-
#3015893	REDUCE cov: 2995 ft: 11127 corp: 2017/189Kb lim: 4096 exec/s: 1204 rss: 482Mb L: 38/3769 MS: 2 ChangeBinInt-EraseBytes-
#3018987	REDUCE cov: 2995 ft: 11129 corp: 2018/189Kb lim: 4096 exec/s: 1204 rss: 482Mb L: 63/3769 MS: 4 ChangeASCIIInt-ManualDict-ChangeASCIIInt-ChangeBinInt- DE: "DELETE"-
#3019793	REDUCE cov: 2995 ft: 11129 corp: 2018/189Kb lim: 4096 exec/s: 1204 rss: 482Mb L: 68/3769 MS: 1 EraseBytes-
#3021124	REDUCE cov: 2995 ft: 11129 corp: 2018/189Kb lim: 4096 exec/s: 1204 rss: 482Mb L: 23/3769 MS: 1 EraseBytes-
#3022731	REDUCE cov: 2995 ft: 11129 corp: 2018/189Kb lim: 4096 exec/s: 1204 rss: 482Mb L: 42/3769 MS: 2 ChangeByte-EraseBytes-
#3022787	REDUCE cov: 2995 ft: 11129 corp: 2018/189Kb lim: 4096 exec/s: 1204 rss: 482Mb L: 145/3769 MS: 1 EraseBytes-
#3025783	REDUCE cov: 2995 ft: 11129 corp: 2018/189Kb lim: 4096 exec/s: 1204 rss: 482Mb L: 22/3769 MS: 1 EraseBytes-
#3026044	REDUCE cov: 2995 ft: 11129 corp: 2018/189Kb lim: 4096 exec/s: 1204 rss: 482Mb L: 9/3769 MS: 1 EraseBytes-
#3027266	REDUCE cov: 2995 ft: 11129 corp: 2018/189Kb lim: 4096 exec/s: 1204 rss: 482Mb L: 9/3769 MS: 2 ChangeBinInt-EraseBytes-
#3029539	REDUCE cov: 2995 ft: 11129 corp: 2018/189Kb lim: 4096 exec/s: 1204 rss: 482Mb L: 390/3769 MS: 3 ChangeByte-ChangeByte-EraseBytes-
#3029915	REDUCE cov: 2995 ft: 11129 corp: 2018/189Kb lim: 4096 exec/s: 1204 rss: 482Mb L: 7/3769 MS: 1 EraseBytes-
#3031326	REDUCE cov: 2995 ft: 11129 corp: 2018/189Kb lim: 4096 exec/s: 1204 rss: 482Mb L: 361/3769 MS: 1 EraseBytes-
#3032337	REDUCE cov: 2995 ft: 11129 corp: 2018/189Kb lim: 4096 exec/s: 1204 rss: 482Mb L: 71/3769 MS: 1 EraseBytes-
#3033038	REDUCE cov: 2995 ft: 11129 corp: 2018/189Kb lim: 4096 exec/s: 1204 rss: 482Mb L: 41/3769 MS: 1 EraseBytes-
#3033884	REDUCE cov: 2995 ft: 11129 corp: 2018/189Kb lim: 4096 exec/s: 1204 rss: 482Mb L: 7/3769 MS: 1 EraseBytes-
#3034895	REDUCE cov: 2995 ft: 11129 corp: 2018/189Kb lim: 4096 exec/s: 1204 rss: 482Mb L: 282/3769 MS: 1 EraseBytes-
#3036310	REDUCE cov: 2995 ft: 11129 corp: 2018/188Kb lim: 4096 exec/s: 1204 rss: 482Mb L: 779/3769 MS: 5 CopyPart-InsertByte-EraseBytes-ChangeASCIIInt-EraseBytes-
#3039466	REDUCE cov: 2995 ft: 11129 corp: 2018/188Kb lim: 4096 exec/s: 1204 rss: 482Mb L: 44/3769 MS: 1 EraseBytes-
#3041308	REDUCE cov: 2995 ft: 11138 corp: 2019/189Kb lim: 4096 exec/s: 1204 rss: 482Mb L: 217/3769 MS: 2 EraseBytes-CopyPart-
#3045799	REDUCE cov: 2995 ft: 11138 corp: 2019/189Kb lim: 4096 exec/s: 1204 rss: 482Mb L: 163/3769 MS: 1 EraseBytes-
#3046110	REDUCE cov: 2995 ft: 11138 corp: 2019/189Kb lim: 4096 exec/s: 1204 rss: 482Mb L: 21/3769 MS: 1 EraseBytes-
#3046676	REDUCE cov: 2995 ft: 11138 corp: 2019/189Kb lim: 4096 exec/s: 1204 rss: 482Mb L: 55/3769 MS: 1 EraseBytes-
#3047592	REDUCE cov: 2995 ft: 11138 corp: 2019/189Kb lim: 4096 exec/s: 1204 rss: 482Mb L: 54/3769 MS: 1 EraseBytes-
#3048115	REDUCE cov: 2995 ft: 11138 corp: 2019/189Kb lim: 4096 exec/s: 1204 rss: 482Mb L: 523/3769 MS: 3 InsertByte-InsertByte-EraseBytes-
#3048996	REDUCE cov: 2995 ft: 11138 corp: 2019/189Kb lim: 4096 exec/s: 1204 rss: 482Mb L: 61/3769 MS: 1 EraseBytes-
#3049873	REDUCE cov: 2995 ft: 11138 corp: 2019/189Kb lim: 4096 exec/s: 1204 rss: 482Mb L: 48/3769 MS: 2 CopyPart-EraseBytes-
#3049885	REDUCE cov: 2995 ft: 11138 corp: 2019/189Kb lim: 4096 exec/s: 1204 rss: 482Mb L: 316/3769 MS: 2 ChangeBinInt-EraseBytes-
#3050861	REDUCE cov: 2995 ft: 11138 corp: 2019/189Kb lim: 4096 exec/s: 1204 rss: 482Mb L: 95/3769 MS: 1 EraseBytes-
#3051307	REDUCE cov: 2995 ft: 11138 corp: 2019/189Kb lim: 4096 exec/s: 1204 rss: 482Mb L: 77/3769 MS: 1 EraseBytes-
#3052608	REDUCE cov: 2995 ft: 11138 corp: 2019/189Kb lim: 4096 exec/s: 1204 rss: 482Mb L: 7/3769 MS: 1 EraseBytes-
#3053497	REDUCE cov: 2995 ft: 11138 corp: 2019/189Kb lim: 4096 exec/s: 1204 rss: 482Mb L: 114/3769 MS: 4 ChangeBit-CMP-ShuffleBytes-EraseBytes- DE: "\377\377U<\326k@\340"-
#3053870	REDUCE cov: 2995 ft: 11138 corp: 2019/189Kb lim: 4096 exec/s: 1204 rss: 482Mb L: 105/3769 MS: 3 ChangeBit-ChangeBit-EraseBytes-
#3054543	REDUCE cov: 2995 ft: 11138 corp: 2019/188Kb lim: 4096 exec/s: 1204 rss: 482Mb L: 31/3769 MS: 3 EraseBytes-ChangeASCIIInt-CopyPart-
#3056751	REDUCE cov: 2995 ft: 11138 corp: 2019/188Kb lim: 4096 exec/s: 1204 rss: 482Mb L: 20/3769 MS: 3 PersAutoDict-ChangeBinInt-EraseBytes- DE: "<>"-
#3057793	REDUCE cov: 2995 ft: 11138 corp: 2019/188Kb lim: 4096 exec/s: 1204 rss: 483Mb L: 145/3769 MS: 2 InsertRepeatedBytes-EraseBytes-
#3057842	REDUCE cov: 2995 ft: 11138 corp: 2019/188Kb lim: 4096 exec/s: 1204 rss: 483Mb L: 587/3769 MS: 4 InsertByte-PersAutoDict-ChangeASCIIInt-EraseBytes- DE: "LOWER("-
#3058116	NEW    cov: 2995 ft: 11139 corp: 2020/189Kb lim: 4096 exec/s: 1204 rss: 483Mb L: 96/3769 MS: 4 CopyPart-ChangeASCIIInt-ShuffleBytes-CopyPart-
#3060223	REDUCE cov: 2995 ft: 11139 corp: 2020/189Kb lim: 4096 exec/s: 1204 rss: 483Mb L: 12/3769 MS: 2 ChangeBinInt-EraseBytes-
#3060344	REDUCE cov: 2995 ft: 11139 corp: 2020/189Kb lim: 4096 exec/s: 1204 rss: 483Mb L: 12/3769 MS: 1 EraseBytes-
#3064108	REDUCE cov: 2995 ft: 11139 corp: 2020/189Kb lim: 4096 exec/s: 1204 rss: 483Mb L: 43/3769 MS: 4 ChangeByte-ChangeBinInt-ChangeByte-EraseBytes-
#3066004	REDUCE cov: 2995 ft: 11139 corp: 2020/189Kb lim: 4096 exec/s: 1204 rss: 483Mb L: 103/3769 MS: 1 EraseBytes-
#3066536	REDUCE cov: 2996 ft: 11140 corp: 2021/189Kb lim: 4096 exec/s: 1204 rss: 483Mb L: 60/3769 MS: 2 ShuffleBytes-PersAutoDict- DE: "\000\000\000\004"-
#3066770	REDUCE cov: 2996 ft: 11140 corp: 2021/189Kb lim: 4096 exec/s: 1204 rss: 483Mb L: 136/3769 MS: 4 InsertByte-ChangeBit-InsertByte-EraseBytes-
#3067551	REDUCE cov: 2996 ft: 11140 corp: 2021/189Kb lim: 4096 exec/s: 1204 rss: 483Mb L: 12/3769 MS: 1 EraseBytes-
#3068587	REDUCE cov: 2996 ft: 11140 corp: 2021/189Kb lim: 4096 exec/s: 1204 rss: 483Mb L: 12/3769 MS: 1 EraseBytes-
#3072091	REDUCE cov: 2996 ft: 11140 corp: 2021/188Kb lim: 4096 exec/s: 1204 rss: 483Mb L: 1724/3769 MS: 4 PersAutoDict-ChangeBinInt-CopyPart-EraseBytes- DE: "SUM("-
#3072357	REDUCE cov: 2996 ft: 11140 corp: 2021/188Kb lim: 4096 exec/s: 1204 rss: 483Mb L: 680/3769 MS: 1 EraseBytes-
#3073643	REDUCE cov: 2996 ft: 11140 corp: 2021/188Kb lim: 4096 exec/s: 1204 rss: 483Mb L: 72/3769 MS: 1 EraseBytes-
#3076610	REDUCE cov: 2996 ft: 11140 corp: 2021/188Kb lim: 4096 exec/s: 1204 rss: 483Mb L: 9/3769 MS: 2 InsertByte-EraseBytes-
#3080457	REDUCE cov: 2996 ft: 11140 corp: 2021/188Kb lim: 4096 exec/s: 1204 rss: 483Mb L: 32/3769 MS: 2 ChangeASCIIInt-EraseBytes-
#3081736	REDUCE cov: 2996 ft: 11140 corp: 2021/188Kb lim: 4096 exec/s: 1204 rss: 483Mb L: 36/3769 MS: 4 ShuffleBytes-CopyPart-ShuffleBytes-EraseBytes-
#3083356	REDUCE cov: 2996 ft: 11140 corp: 2021/188Kb lim: 4096 exec/s: 1204 rss: 483Mb L: 163/3769 MS: 5 ChangeBit-CopyPart-CopyPart-ChangeBinInt-EraseBytes-
#3083853	REDUCE cov: 2996 ft: 11140 corp: 2021/188Kb lim: 4096 exec/s: 1204 rss: 483Mb L: 10/3769 MS: 2 CopyPart-EraseBytes-
#3085059	REDUCE cov: 2996 ft: 11140 corp: 2021/188Kb lim: 4096 exec/s: 1204 rss: 483Mb L: 53/3769 MS: 1 EraseBytes-
#3086915	REDUCE cov: 2996 ft: 11140 corp: 2021/188Kb lim: 4096 exec/s: 1204 rss: 483Mb L: 99/3769 MS: 1 EraseBytes-
#3090481	REDUCE cov: 2996 ft: 11140 corp: 2021/188Kb lim: 4096 exec/s: 1204 rss: 483Mb L: 83/3769 MS: 1 EraseBytes-
#3090828	REDUCE cov: 2996 ft: 11140 corp: 2021/188Kb lim: 4096 exec/s: 1204 rss: 483Mb L: 254/3769 MS: 2 CopyPart-EraseBytes-
#3090840	REDUCE cov: 2996 ft: 11140 corp: 2021/188Kb lim: 4096 exec/s: 1204 rss: 483Mb L: 17/3769 MS: 2 PersAutoDict-EraseBytes- DE: "\001\000V<\326qn\250"-
#3092506	REDUCE cov: 2996 ft: 11140 corp: 2021/188Kb lim: 4096 exec/s: 1204 rss: 483Mb L: 587/3769 MS: 1 EraseBytes-
#3092767	REDUCE cov: 2996 ft: 11140 corp: 2021/188Kb lim: 4096 exec/s: 1204 rss: 483Mb L: 30/3769 MS: 1 EraseBytes-
#3092803	REDUCE cov: 2996 ft: 11140 corp: 2021/188Kb lim: 4096 exec/s: 1204 rss: 483Mb L: 42/3769 MS: 1 EraseBytes-
#3092844	REDUCE cov: 2996 ft: 11140 corp: 2021/188Kb lim: 4096 exec/s: 1204 rss: 483Mb L: 52/3769 MS: 1 EraseBytes-
#3094030	REDUCE cov: 2996 ft: 11140 corp: 2021/188Kb lim: 4096 exec/s: 1204 rss: 483Mb L: 8/3769 MS: 1 EraseBytes-
#3094772	REDUCE cov: 2996 ft: 11140 corp: 2021/188Kb lim: 4096 exec/s: 1204 rss: 483Mb L: 40/3769 MS: 2 ChangeByte-EraseBytes-
#3094908	REDUCE cov: 2996 ft: 11144 corp: 2022/188Kb lim: 4096 exec/s: 1204 rss: 483Mb L: 52/3769 MS: 1 EraseBytes-
#3095504	REDUCE cov: 2996 ft: 11144 corp: 2022/188Kb lim: 4096 exec/s: 1204 rss: 483Mb L: 321/3769 MS: 1 EraseBytes-
#3095597	REDUCE cov: 2996 ft: 11145 corp: 2023/188Kb lim: 4096 exec/s: 1204 rss: 483Mb L: 54/3769 MS: 3 ChangeBit-ManualDict-EraseBytes- DE: "time"-
#3097644	REDUCE cov: 2996 ft: 11145 corp: 2023/188Kb lim: 4096 exec/s: 1204 rss: 483Mb L: 310/3769 MS: 2 CrossOver-EraseBytes-
#3098430	REDUCE cov: 2996 ft: 11145 corp: 2023/188Kb lim: 4096 exec/s: 1204 rss: 483Mb L: 24/3769 MS: 1 EraseBytes-
#3099436	NEW    cov: 2996 ft: 11146 corp: 2024/188Kb lim: 4096 exec/s: 1204 rss: 483Mb L: 84/3769 MS: 1 InsertRepeatedBytes-
#3101162	REDUCE cov: 2996 ft: 11146 corp: 2024/188Kb lim: 4096 exec/s: 1204 rss: 483Mb L: 41/3769 MS: 1 EraseBytes-
#3101993	REDUCE cov: 2996 ft: 11146 corp: 2024/188Kb lim: 4096 exec/s: 1204 rss: 483Mb L: 63/3769 MS: 1 EraseBytes-
#3104190	REDUCE cov: 2996 ft: 11146 corp: 2024/188Kb lim: 4096 exec/s: 1204 rss: 483Mb L: 10/3769 MS: 2 CMP-EraseBytes- DE: "\000\000"-
#3106115	REDUCE cov: 2996 ft: 11147 corp: 2025/190Kb lim: 4096 exec/s: 1204 rss: 483Mb L: 2086/3769 MS: 5 CopyPart-ShuffleBytes-InsertRepeatedBytes-PersAutoDict-CopyPart- DE: "\377\377\377\007"-
#3107286	REDUCE cov: 2996 ft: 11147 corp: 2025/190Kb lim: 4096 exec/s: 1204 rss: 483Mb L: 174/3769 MS: 1 EraseBytes-
#3109403	REDUCE cov: 2996 ft: 11147 corp: 2025/190Kb lim: 4096 exec/s: 1204 rss: 483Mb L: 1875/3769 MS: 2 ManualDict-EraseBytes- DE: "REAL"-
#3109994	REDUCE cov: 2996 ft: 11147 corp: 2025/190Kb lim: 4096 exec/s: 1204 rss: 483Mb L: 10/3769 MS: 1 EraseBytes-
#3110446	REDUCE cov: 2996 ft: 11147 corp: 2025/190Kb lim: 4096 exec/s: 1204 rss: 483Mb L: 13/3769 MS: 2 CopyPart-EraseBytes-
#3110467	REDUCE cov: 2996 ft: 11147 corp: 2025/190Kb lim: 4096 exec/s: 1204 rss: 483Mb L: 23/3769 MS: 1 EraseBytes-
#3111611	REDUCE cov: 2996 ft: 11147 corp: 2025/190Kb lim: 4096 exec/s: 1204 rss: 483Mb L: 22/3769 MS: 4 ChangeBinInt-ShuffleBytes-ShuffleBytes-EraseBytes-
#3112132	REDUCE cov: 2996 ft: 11147 corp: 2025/190Kb lim: 4096 exec/s: 1204 rss: 483Mb L: 18/3769 MS: 1 EraseBytes-
#3113318	REDUCE cov: 2996 ft: 11147 corp: 2025/190Kb lim: 4096 exec/s: 1204 rss: 483Mb L: 10/3769 MS: 1 EraseBytes-
#3115239	REDUCE cov: 2996 ft: 11147 corp: 2025/190Kb lim: 4096 exec/s: 1204 rss: 483Mb L: 18/3769 MS: 1 EraseBytes-
#3115740	REDUCE cov: 2996 ft: 11147 corp: 2025/190Kb lim: 4096 exec/s: 1204 rss: 483Mb L: 38/3769 MS: 1 EraseBytes-
#3115848	REDUCE cov: 2996 ft: 11147 corp: 2025/190Kb lim: 4096 exec/s: 1204 rss: 483Mb L: 35/3769 MS: 3 PersAutoDict-CopyPart-EraseBytes- DE: "\001\000\000\000"-
#3117660	REDUCE cov: 2996 ft: 11147 corp: 2025/190Kb lim: 4096 exec/s: 1204 rss: 483Mb L: 38/3769 MS: 2 CopyPart-EraseBytes-
#3121736	REDUCE cov: 2996 ft: 11147 corp: 2025/190Kb lim: 4096 exec/s: 1204 rss: 483Mb L: 14/3769 MS: 1 EraseBytes-
#3123264	REDUCE cov: 2996 ft: 11147 corp: 2025/190Kb lim: 4096 exec/s: 1204 rss: 483Mb L: 2981/3769 MS: 3 ChangeBit-ChangeBit-EraseBytes-
#3126746	REDUCE cov: 2996 ft: 11147 corp: 2025/190Kb lim: 4096 exec/s: 1204 rss: 483Mb L: 7/3769 MS: 2 ChangeByte-EraseBytes-
#3127086	REDUCE cov: 2996 ft: 11147 corp: 2025/190Kb lim: 4096 exec/s: 1204 rss: 483Mb L: 511/3769 MS: 5 ChangeASCIIInt-EraseBytes-ChangeByte-CopyPart-CopyPart-
#3127817	REDUCE cov: 2996 ft: 11147 corp: 2025/190Kb lim: 4096 exec/s: 1204 rss: 483Mb L: 21/3769 MS: 1 EraseBytes-
#3128182	REDUCE cov: 2996 ft: 11147 corp: 2025/190Kb lim: 4096 exec/s: 1204 rss: 483Mb L: 1082/3769 MS: 5 ChangeBit-CrossOver-CopyPart-CopyPart-EraseBytes-
#3128710	NEW    cov: 2996 ft: 11150 corp: 2026/193Kb lim: 4096 exec/s: 1204 rss: 483Mb L: 2757/3769 MS: 3 InsertByte-PersAutoDict-CopyPart- DE: "key"-
#3132444	REDUCE cov: 2996 ft: 11150 corp: 2026/192Kb lim: 4096 exec/s: 1204 rss: 483Mb L: 2740/3769 MS: 4 ChangeBinInt-ChangeByte-ChangeByte-EraseBytes-
#3133245	REDUCE cov: 2996 ft: 11150 corp: 2026/192Kb lim: 4096 exec/s: 1204 rss: 483Mb L: 52/3769 MS: 1 EraseBytes-
#3133382	REDUCE cov: 2996 ft: 11150 corp: 2026/192Kb lim: 4096 exec/s: 1204 rss: 483Mb L: 1775/3769 MS: 2 ChangeByte-EraseBytes-
#3135923	REDUCE cov: 2996 ft: 11150 corp: 2026/192Kb lim: 4096 exec/s: 1204 rss: 483Mb L: 167/3769 MS: 1 EraseBytes-
#3136849	REDUCE cov: 2996 ft: 11150 corp: 2026/192Kb lim: 4096 exec/s: 1204 rss: 483Mb L: 120/3769 MS: 1 EraseBytes-
#3137122	REDUCE cov: 2996 ft: 11150 corp: 2026/192Kb lim: 4096 exec/s: 1204 rss: 483Mb L: 23/3769 MS: 3 EraseBytes-InsertByte-CopyPart-
#3138063	REDUCE cov: 2996 ft: 11150 corp: 2026/192Kb lim: 4096 exec/s: 1204 rss: 483Mb L: 46/3769 MS: 1 EraseBytes-
#3140424	REDUCE cov: 2996 ft: 11150 corp: 2026/192Kb lim: 4096 exec/s: 1204 rss: 483Mb L: 12/3769 MS: 1 EraseBytes-
#3140470	REDUCE cov: 2996 ft: 11150 corp: 2026/192Kb lim: 4096 exec/s: 1204 rss: 483Mb L: 84/3769 MS: 1 EraseBytes-
#3140801	REDUCE cov: 2996 ft: 11150 corp: 2026/192Kb lim: 4096 exec/s: 1204 rss: 483Mb L: 2079/3769 MS: 1 EraseBytes-
#3141657	REDUCE cov: 2996 ft: 11150 corp: 2026/192Kb lim: 4096 exec/s: 1204 rss: 483Mb L: 20/3769 MS: 1 EraseBytes-
#3142161	REDUCE cov: 2996 ft: 11151 corp: 2027/195Kb lim: 4096 exec/s: 1204 rss: 483Mb L: 2963/3769 MS: 4 CopyPart-InsertByte-InsertRepeatedBytes-EraseBytes-
#3143377	REDUCE cov: 2996 ft: 11151 corp: 2027/195Kb lim: 4096 exec/s: 1204 rss: 483Mb L: 59/3769 MS: 1 EraseBytes-
#3143588	REDUCE cov: 2996 ft: 11151 corp: 2027/195Kb lim: 4096 exec/s: 1204 rss: 483Mb L: 179/3769 MS: 1 EraseBytes-
#3144014	REDUCE cov: 2996 ft: 11151 corp: 2027/195Kb lim: 4096 exec/s: 1204 rss: 483Mb L: 74/3769 MS: 1 EraseBytes-
#3144035	REDUCE cov: 2996 ft: 11151 corp: 2027/195Kb lim: 4096 exec/s: 1204 rss: 483Mb L: 39/3769 MS: 1 EraseBytes-
#3144566	REDUCE cov: 2996 ft: 11151 corp: 2027/195Kb lim: 4096 exec/s: 1204 rss: 483Mb L: 11/3769 MS: 1 EraseBytes-
#3146350	REDUCE cov: 2996 ft: 11151 corp: 2027/195Kb lim: 4096 exec/s: 1204 rss: 483Mb L: 7/3769 MS: 4 ChangeBit-ChangeBit-ShuffleBytes-EraseBytes-
#3147356	REDUCE cov: 2996 ft: 11151 corp: 2027/195Kb lim: 4096 exec/s: 1204 rss: 483Mb L: 8/3769 MS: 1 EraseBytes-
#3147607	REDUCE cov: 2996 ft: 11151 corp: 2027/195Kb lim: 4096 exec/s: 1204 rss: 483Mb L: 4/3769 MS: 1 EraseBytes-
#3148833	REDUCE cov: 2996 ft: 11151 corp: 2027/195Kb lim: 4096 exec/s: 1204 rss: 483Mb L: 43/3769 MS: 1 EraseBytes-
#3149500	REDUCE cov: 2996 ft: 11151 corp: 2027/195Kb lim: 4096 exec/s: 1204 rss: 483Mb L: 17/3769 MS: 2 InsertByte-EraseBytes-
#3150321	REDUCE cov: 2996 ft: 11151 corp: 2027/195Kb lim: 4096 exec/s: 1204 rss: 483Mb L: 44/3769 MS: 1 EraseBytes-
#3150327	NEW    cov: 2996 ft: 11152 corp: 2028/199Kb lim: 4096 exec/s: 1204 rss: 483Mb L: 3645/3769 MS: 1 CopyPart-
#3150828	REDUCE cov: 2996 ft: 11152 corp: 2028/199Kb lim: 4096 exec/s: 1204 rss: 483Mb L: 11/3769 MS: 1 EraseBytes-
#3150979	REDUCE cov: 2996 ft: 11152 corp: 2028/199Kb lim: 4096 exec/s: 1204 rss: 483Mb L: 8/3769 MS: 1 EraseBytes-
#3151815	REDUCE cov: 2996 ft: 11152 corp: 2028/199Kb lim: 4096 exec/s: 1204 rss: 483Mb L: 57/3769 MS: 1 EraseBytes-
#3153021	REDUCE cov: 2996 ft: 11152 corp: 2028/199Kb lim: 4096 exec/s: 1204 rss: 483Mb L: 53/3769 MS: 1 EraseBytes-
#3153993	REDUCE cov: 2996 ft: 11152 corp: 2028/199Kb lim: 4096 exec/s: 1204 rss: 483Mb L: 19/3769 MS: 2 PersAutoDict-EraseBytes- DE: "E "-
#3156560	REDUCE cov: 2996 ft: 11152 corp: 2028/199Kb lim: 4096 exec/s: 1204 rss: 483Mb L: 7/3769 MS: 2 ChangeBit-EraseBytes-
#3158057	REDUCE cov: 2996 ft: 11152 corp: 2028/199Kb lim: 4096 exec/s: 1204 rss: 483Mb L: 297/3769 MS: 2 ChangeByte-EraseBytes-
#3158328	NEW    cov: 2996 ft: 11153 corp: 2029/199Kb lim: 4096 exec/s: 1204 rss: 483Mb L: 139/3769 MS: 1 CrossOver-
#3162274	REDUCE cov: 2996 ft: 11153 corp: 2029/199Kb lim: 4096 exec/s: 1204 rss: 483Mb L: 10/3769 MS: 1 EraseBytes-
#3162790	REDUCE cov: 2996 ft: 11153 corp: 2029/199Kb lim: 4096 exec/s: 1204 rss: 483Mb L: 14/3769 MS: 1 EraseBytes-
#3163421	REDUCE cov: 2996 ft: 11153 corp: 2029/199Kb lim: 4096 exec/s: 1204 rss: 483Mb L: 10/3769 MS: 1 EraseBytes-
#3163434	NEW    cov: 2996 ft: 11154 corp: 2030/199Kb lim: 4096 exec/s: 1204 rss: 483Mb L: 139/3769 MS: 3 ChangeBit-CMP-CMP- DE: "\340@k\326<V\000\000"-"\357@k\326<V\000\000"-
#3163680	REDUCE cov: 2996 ft: 11154 corp: 2030/199Kb lim: 4096 exec/s: 1204 rss: 483Mb L: 40/3769 MS: 1 EraseBytes-
#3164358	REDUCE cov: 2996 ft: 11154 corp: 2030/199Kb lim: 4096 exec/s: 1204 rss: 483Mb L: 24/3769 MS: 3 EraseBytes-ChangeBit-ChangeByte-
#3165285	REDUCE cov: 2996 ft: 11154 corp: 2030/199Kb lim: 4096 exec/s: 1204 rss: 483Mb L: 100/3769 MS: 2 EraseBytes-CopyPart-
#3167776	REDUCE cov: 2996 ft: 11154 corp: 2030/199Kb lim: 4096 exec/s: 1204 rss: 483Mb L: 70/3769 MS: 1 EraseBytes-
#3168327	REDUCE cov: 2996 ft: 11154 corp: 2030/199Kb lim: 4096 exec/s: 1204 rss: 483Mb L: 39/3769 MS: 1 EraseBytes-
#3169183	REDUCE cov: 2996 ft: 11154 corp: 2030/199Kb lim: 4096 exec/s: 1204 rss: 483Mb L: 13/3769 MS: 1 EraseBytes-
#3169419	REDUCE cov: 2996 ft: 11154 corp: 2030/199Kb lim: 4096 exec/s: 1204 rss: 483Mb L: 19/3769 MS: 1 EraseBytes-
#3174960	REDUCE cov: 2996 ft: 11154 corp: 2030/199Kb lim: 4096 exec/s: 1204 rss: 483Mb L: 48/3769 MS: 1 EraseBytes-
#3175616	REDUCE cov: 2996 ft: 11154 corp: 2030/199Kb lim: 4096 exec/s: 1204 rss: 483Mb L: 83/3769 MS: 1 EraseBytes-
#3175991	REDUCE cov: 2996 ft: 11154 corp: 2030/199Kb lim: 4096 exec/s: 1204 rss: 483Mb L: 10/3769 MS: 5 ChangeBinInt-ChangeBinInt-ManualDict-ShuffleBytes-EraseBytes- DE: "value"-
#3178087	REDUCE cov: 2996 ft: 11154 corp: 2030/199Kb lim: 4096 exec/s: 1204 rss: 483Mb L: 8/3769 MS: 1 EraseBytes-
#3178373	REDUCE cov: 2996 ft: 11154 corp: 2030/199Kb lim: 4096 exec/s: 1204 rss: 483Mb L: 4/3769 MS: 1 EraseBytes-
#3179250	REDUCE cov: 2997 ft: 11155 corp: 2031/199Kb lim: 4096 exec/s: 1204 rss: 483Mb L: 283/3769 MS: 2 ChangeASCIIInt-CrossOver-
#3182746	REDUCE cov: 2997 ft: 11155 corp: 2031/199Kb lim: 4096 exec/s: 1204 rss: 483Mb L: 14/3769 MS: 1 EraseBytes-
#3182867	REDUCE cov: 2997 ft: 11155 corp: 2031/199Kb lim: 4096 exec/s: 1204 rss: 483Mb L: 34/3769 MS: 1 EraseBytes-
#3184078	REDUCE cov: 2997 ft: 11155 corp: 2031/199Kb lim: 4096 exec/s: 1204 rss: 483Mb L: 34/3769 MS: 1 EraseBytes-
#3185140	REDUCE cov: 2997 ft: 11155 corp: 2031/199Kb lim: 4096 exec/s: 1204 rss: 483Mb L: 13/3769 MS: 2 InsertByte-EraseBytes-
#3185291	REDUCE cov: 2997 ft: 11155 corp: 2031/199Kb lim: 4096 exec/s: 1204 rss: 483Mb L: 81/3769 MS: 1 EraseBytes-
#3185305	REDUCE cov: 2997 ft: 11155 corp: 2031/199Kb lim: 4096 exec/s: 1204 rss: 483Mb L: 3768/3768 MS: 4 ChangeASCIIInt-EraseBytes-ChangeBinInt-CopyPart-
#3186518	REDUCE cov: 2997 ft: 11155 corp: 2031/199Kb lim: 4096 exec/s: 1204 rss: 483Mb L: 37/3768 MS: 3 CMP-ChangeASCIIInt-EraseBytes- DE: "\377\000"-
#3188334	REDUCE cov: 2997 ft: 11155 corp: 2031/199Kb lim: 4096 exec/s: 1204 rss: 483Mb L: 8/3768 MS: 1 EraseBytes-
#3188660	REDUCE cov: 2997 ft: 11155 corp: 2031/199Kb lim: 4096 exec/s: 1204 rss: 483Mb L: 42/3768 MS: 1 EraseBytes-
#3188672	REDUCE cov: 2997 ft: 11155 corp: 2031/199Kb lim: 4096 exec/s: 1204 rss: 483Mb L: 150/3768 MS: 2 EraseBytes-InsertByte-
#3189819	REDUCE cov: 2997 ft: 11155 corp: 2031/199Kb lim: 4096 exec/s: 1204 rss: 483Mb L: 29/3768 MS: 2 ManualDict-EraseBytes- DE: "y"-
#3190910	REDUCE cov: 2997 ft: 11155 corp: 2031/199Kb lim: 4096 exec/s: 1204 rss: 483Mb L: 31/3768 MS: 1 EraseBytes-
#3191376	REDUCE cov: 2997 ft: 11155 corp: 2031/199Kb lim: 4096 exec/s: 1204 rss: 483Mb L: 37/3768 MS: 1 EraseBytes-
#3191487	REDUCE cov: 2997 ft: 11155 corp: 2031/199Kb lim: 4096 exec/s: 1204 rss: 483Mb L: 43/3768 MS: 1 EraseBytes-
#3191828	REDUCE cov: 2997 ft: 11155 corp: 2031/199Kb lim: 4096 exec/s: 1204 rss: 483Mb L: 21/3768 MS: 1 EraseBytes-
#3194359	REDUCE cov: 2997 ft: 11155 corp: 2031/199Kb lim: 4096 exec/s: 1204 rss: 483Mb L: 36/3768 MS: 1 EraseBytes-
#3194825	REDUCE cov: 2997 ft: 11155 corp: 2031/199Kb lim: 4096 exec/s: 1204 rss: 483Mb L: 226/3768 MS: 1 EraseBytes-
#3195316	REDUCE cov: 2997 ft: 11155 corp: 2031/199Kb lim: 4096 exec/s: 1204 rss: 483Mb L: 43/3768 MS: 1 EraseBytes-
#3197087	REDUCE cov: 2997 ft: 11155 corp: 2031/199Kb lim: 4096 exec/s: 1204 rss: 483Mb L: 49/3768 MS: 1 EraseBytes-
#3197148	REDUCE cov: 2997 ft: 11155 corp: 2031/199Kb lim: 4096 exec/s: 1204 rss: 483Mb L: 182/3768 MS: 1 EraseBytes-
#3197490	REDUCE cov: 2997 ft: 11155 corp: 2031/199Kb lim: 4096 exec/s: 1204 rss: 483Mb L: 16/3768 MS: 2 ChangeASCIIInt-EraseBytes-
#3197766	REDUCE cov: 2997 ft: 11155 corp: 2031/199Kb lim: 4096 exec/s: 1204 rss: 483Mb L: 55/3768 MS: 1 EraseBytes-
#3198007	REDUCE cov: 2997 ft: 11155 corp: 2031/199Kb lim: 4096 exec/s: 1204 rss: 483Mb L: 34/3768 MS: 1 EraseBytes-
#3198134	REDUCE cov: 2997 ft: 11155 corp: 2031/199Kb lim: 4096 exec/s: 1204 rss: 483Mb L: 42/3768 MS: 2 CopyPart-EraseBytes-
#3198705	REDUCE cov: 2997 ft: 11155 corp: 2031/199Kb lim: 4096 exec/s: 1204 rss: 483Mb L: 7/3768 MS: 1 EraseBytes-
#3199346	REDUCE cov: 2997 ft: 11155 corp: 2031/199Kb lim: 4096 exec/s: 1204 rss: 483Mb L: 47/3768 MS: 1 EraseBytes-
#3201437	NEW    cov: 2997 ft: 11157 corp: 2032/199Kb lim: 4096 exec/s: 1204 rss: 483Mb L: 30/3768 MS: 1 CrossOver-
#3201488	REDUCE cov: 2997 ft: 11157 corp: 2032/199Kb lim: 4096 exec/s: 1204 rss: 483Mb L: 21/3768 MS: 1 EraseBytes-
#3202502	REDUCE cov: 2997 ft: 11157 corp: 2032/199Kb lim: 4096 exec/s: 1204 rss: 483Mb L: 146/3768 MS: 4 EraseBytes-ChangeBinInt-InsertRepeatedBytes-EraseBytes-
#3203073	REDUCE cov: 2997 ft: 11157 corp: 2032/199Kb lim: 4096 exec/s: 1204 rss: 483Mb L: 88/3768 MS: 1 EraseBytes-
#3204499	REDUCE cov: 2997 ft: 11157 corp: 2032/199Kb lim: 4096 exec/s: 1204 rss: 483Mb L: 7/3768 MS: 1 EraseBytes-
#3205256	REDUCE cov: 2997 ft: 11157 corp: 2032/199Kb lim: 4096 exec/s: 1204 rss: 483Mb L: 192/3768 MS: 2 ChangeASCIIInt-EraseBytes-
#3205977	REDUCE cov: 2997 ft: 11157 corp: 2032/199Kb lim: 4096 exec/s: 1204 rss: 483Mb L: 106/3768 MS: 1 EraseBytes-
#3206274	REDUCE cov: 2997 ft: 11157 corp: 2032/199Kb lim: 4096 exec/s: 1204 rss: 483Mb L: 436/3768 MS: 2 InsertByte-EraseBytes-
#3207040	REDUCE cov: 2997 ft: 11157 corp: 2032/199Kb lim: 4096 exec/s: 1204 rss: 483Mb L: 18/3768 MS: 1 EraseBytes-
#3209191	REDUCE cov: 2997 ft: 11157 corp: 2032/199Kb lim: 4096 exec/s: 1204 rss: 483Mb L: 6/3768 MS: 1 EraseBytes-
#3210727	REDUCE cov: 2997 ft: 11157 corp: 2032/199Kb lim: 4096 exec/s: 1204 rss: 483Mb L: 74/3768 MS: 1 EraseBytes-
#3211063	REDUCE cov: 2997 ft: 11157 corp: 2032/199Kb lim: 4096 exec/s: 1204 rss: 483Mb L: 42/3768 MS: 1 EraseBytes-
#3211334	REDUCE cov: 2997 ft: 11157 corp: 2032/199Kb lim: 4096 exec/s: 1204 rss: 483Mb L: 17/3768 MS: 1 EraseBytes-
#3211550	REDUCE cov: 2997 ft: 11157 corp: 2032/199Kb lim: 4096 exec/s: 1204 rss: 483Mb L: 129/3768 MS: 1 EraseBytes-
#3211576	REDUCE cov: 2997 ft: 11157 corp: 2032/199Kb lim: 4096 exec/s: 1204 rss: 483Mb L: 9/3768 MS: 1 EraseBytes-
#3212077	REDUCE cov: 2997 ft: 11157 corp: 2032/199Kb lim: 4096 exec/s: 1204 rss: 483Mb L: 85/3768 MS: 1 EraseBytes-
#3212813	REDUCE cov: 2997 ft: 11157 corp: 2032/199Kb lim: 4096 exec/s: 1204 rss: 483Mb L: 7/3768 MS: 1 EraseBytes-
#3215751	REDUCE cov: 2997 ft: 11157 corp: 2032/199Kb lim: 4096 exec/s: 1204 rss: 483Mb L: 52/3768 MS: 3 ShuffleBytes-ShuffleBytes-EraseBytes-
#3216867	REDUCE cov: 2997 ft: 11157 corp: 2032/199Kb lim: 4096 exec/s: 1204 rss: 483Mb L: 32/3768 MS: 1 EraseBytes-
#3216889	NEW    cov: 2997 ft: 11159 corp: 2033/199Kb lim: 4096 exec/s: 1204 rss: 483Mb L: 49/3768 MS: 2 ShuffleBytes-EraseBytes-
#3220161	REDUCE cov: 2997 ft: 11159 corp: 2033/199Kb lim: 4096 exec/s: 1204 rss: 483Mb L: 26/3768 MS: 2 ManualDict-EraseBytes- DE: "COUNT("-
#3220782	REDUCE cov: 2997 ft: 11159 corp: 2033/199Kb lim: 4096 exec/s: 1204 rss: 483Mb L: 292/3768 MS: 1 EraseBytes-
#3225924	REDUCE cov: 2997 ft: 11159 corp: 2033/199Kb lim: 4096 exec/s: 1204 rss: 483Mb L: 6/3768 MS: 2 ChangeASCIIInt-EraseBytes-
#3228275	REDUCE cov: 2997 ft: 11159 corp: 2033/199Kb lim: 4096 exec/s: 1204 rss: 483Mb L: 63/3768 MS: 1 EraseBytes-
#3228731	REDUCE cov: 2997 ft: 11159 corp: 2033/199Kb lim: 4096 exec/s: 1204 rss: 483Mb L: 2500/3768 MS: 1 EraseBytes-
#3230327	REDUCE cov: 2997 ft: 11159 corp: 2033/199Kb lim: 4096 exec/s: 1204 rss: 483Mb L: 20/3768 MS: 1 EraseBytes-
#3231769	REDUCE cov: 2997 ft: 11159 corp: 2033/199Kb lim: 4096 exec/s: 1204 rss: 483Mb L: 54/3768 MS: 2 ManualDict-EraseBytes- DE: "c"-
#3233270	REDUCE cov: 2997 ft: 11159 corp: 2033/199Kb lim: 4096 exec/s: 1204 rss: 483Mb L: 78/3768 MS: 1 EraseBytes-
#3234256	REDUCE cov: 2997 ft: 11159 corp: 2033/199Kb lim: 4096 exec/s: 1204 rss: 483Mb L: 57/3768 MS: 1 EraseBytes-
#3234613	REDUCE cov: 2997 ft: 11159 corp: 2033/199Kb lim: 4096 exec/s: 1204 rss: 483Mb L: 74/3768 MS: 2 ManualDict-EraseBytes- DE: "LENGTH("-
#3234947	REDUCE cov: 2997 ft: 11159 corp: 2033/199Kb lim: 4096 exec/s: 1204 rss: 483Mb L: 82/3768 MS: 4 ChangeASCIIInt-ChangeBit-ManualDict-EraseBytes- DE: "0.1"-
#3236003	REDUCE cov: 2997 ft: 11159 corp: 2033/199Kb lim: 4096 exec/s: 1204 rss: 483Mb L: 60/3768 MS: 1 EraseBytes-
#3237144	REDUCE cov: 2997 ft: 11159 corp: 2033/199Kb lim: 4096 exec/s: 1204 rss: 483Mb L: 157/3768 MS: 1 EraseBytes-
#3237730	REDUCE cov: 2997 ft: 11159 corp: 2033/199Kb lim: 4096 exec/s: 1204 rss: 483Mb L: 19/3768 MS: 1 EraseBytes-
#3239572	REDUCE cov: 2997 ft: 11159 corp: 2033/199Kb lim: 4096 exec/s: 1204 rss: 483Mb L: 733/3768 MS: 2 ChangeASCIIInt-EraseBytes-
#3241219	REDUCE cov: 2997 ft: 11159 corp: 2033/199Kb lim: 4096 exec/s: 1204 rss: 483Mb L: 7/3768 MS: 2 InsertByte-EraseBytes-
#3244540	REDUCE cov: 2997 ft: 11159 corp: 2033/199Kb lim: 4096 exec/s: 1204 rss: 483Mb L: 17/3768 MS: 1 EraseBytes-
#3245591	REDUCE cov: 2997 ft: 11159 corp: 2033/199Kb lim: 4096 exec/s: 1204 rss: 483Mb L: 36/3768 MS: 1 EraseBytes-
#3246257	NEW    cov: 2998 ft: 11160 corp: 2034/199Kb lim: 4096 exec/s: 1204 rss: 483Mb L: 24/3768 MS: 1 InsertByte-
#3246408	REDUCE cov: 2998 ft: 11160 corp: 2034/199Kb lim: 4096 exec/s: 1204 rss: 483Mb L: 33/3768 MS: 1 EraseBytes-
#3246649	REDUCE cov: 2998 ft: 11160 corp: 2034/199Kb lim: 4096 exec/s: 1204 rss: 483Mb L: 97/3768 MS: 1 EraseBytes-
#3247480	REDUCE cov: 2998 ft: 11160 corp: 2034/199Kb lim: 4096 exec/s: 1204 rss: 483Mb L: 58/3768 MS: 1 EraseBytes-
#3249291	REDUCE cov: 2998 ft: 11160 corp: 2034/199Kb lim: 4096 exec/s: 1204 rss: 483Mb L: 13/3768 MS: 1 EraseBytes-
#3249482	REDUCE cov: 2998 ft: 11160 corp: 2034/199Kb lim: 4096 exec/s: 1204 rss: 483Mb L: 31/3768 MS: 1 EraseBytes-
#3250318	REDUCE cov: 2998 ft: 11160 corp: 2034/199Kb lim: 4096 exec/s: 1204 rss: 483Mb L: 54/3768 MS: 1 EraseBytes-
#3252180	REDUCE cov: 2998 ft: 11160 corp: 2034/199Kb lim: 4096 exec/s: 1204 rss: 483Mb L: 17/3768 MS: 2 InsertByte-EraseBytes-
#3253055	DONE   cov: 2998 ft: 11160 corp: 2034/199Kb lim: 4096 exec/s: 1204 rss: 483Mb
###### Recommended dictionary. ######
"\000\012" # Uses: 2692
"\377\007" # Uses: 2264
"\004\350" # Uses: 2144
"Q.q\326<V\000\000" # Uses: 1994
"zz" # Uses: 2131
"\001\000\000\000" # Uses: 2008
"\377\377U<\326q\327o" # Uses: 1953
"\377\377U<\326q.P" # Uses: 1868
"k2" # Uses: 2005
"\305\000\000\000" # Uses: 2021
"\001\000V<\326k@\360" # Uses: 1884
"\000\000\000\000\000\000\000\000" # Uses: 1875
"\003\000\000\000\007\000\000\000\000\000\000 _\240\002B\004it's" # Uses: 1707
"\000," # Uses: 1940
"\377\377\377\303" # Uses: 1875
"\000\000" # Uses: 1845
"\337@k\326<V\000\000" # Uses: 1684
"\305\000" # Uses: 1785
"S\000" # Uses: 1695
"!\001" # Uses: 1617
"\277\326q\326<V\000\000" # Uses: 1679
"ASQLTREA" # Uses: 1613
"\001\000V<\326k@\340" # Uses: 1484
"\003\000\000\000\007\000\000\000\000\000\010 _\240\002B\004it's" # Uses: 1410
"\377\003" # Uses: 1573
"\005\001i\035c\177\000\000" # Uses: 1520
"\001\000V<\326q\222\220" # Uses: 1493
"\001\000\000\000\002\000\000\000\000\000\000\000\000\000\004\300\001b" # Uses: 1352
"\001\000V<\326o>\232" # Uses: 1500
"ASQLTREE" # Uses: 1547
"\000\000\000\002" # Uses: 1558
"\377\377U<\326k@\340" # Uses: 1438
"\002\000\000\000" # Uses: 1552
"b\001o\326<V\000\000" # Uses: 1403
"\377\377U<\326k@\366" # Uses: 1353
"\001\000\000\002" # Uses: 1516
"\001\000V<\326o\001`" # Uses: 1384
"z\001" # Uses: 1410
"\000\000V<\326k@\340" # Uses: 1385
"\377\377\377\377" # Uses: 1382
"\377\377\377\002" # Uses: 1354
"\355@k\326<V\000\000" # Uses: 1346
"\000\000\003D" # Uses: 1338
"\202\3664\035c\177\000\000" # Uses: 1257
"\360@k\326<V\000\000" # Uses: 1263
"\377\377\377\007" # Uses: 1332
"\217\202q\326<V\000\000" # Uses: 1191
"\005\376" # Uses: 1255
"\377\377" # Uses: 1237
"\377\377\377R" # Uses: 1204
"#\001" # Uses: 1228
"\366@k\326<V\000\000" # Uses: 1135
"\207\000" # Uses: 1166
"\377\377U<\326q\317v" # Uses: 1053
"\002\376\377\377" # Uses: 1157
"\000\000V<\326k@\367" # Uses: 1092
"rG3\035c\177\000\000" # Uses: 1035
"\377\377\002/" # Uses: 1119
"\006\211" # Uses: 1039
"E " # Uses: 1127
"\353@k\326<V\000\000" # Uses: 924
"\002\000" # Uses: 942
"\000\003" # Uses: 1051
"\002\376\0335" # Uses: 960
"J\000\000\000" # Uses: 972
"\000\000\000\177" # Uses: 898
"\377\377~c\035o\360\324" # Uses: 858
"\001\000\000\000\000\000\000\000" # Uses: 962
"p\317q\326<V\000\000" # Uses: 875
"*\003" # Uses: 866
"\001\000\000\000\001\000\000\000\000\000\000\000\000\000\004@\001a" # Uses: 819
"C\003" # Uses: 845
"k1" # Uses: 843
"\000\000V<\326k@\351" # Uses: 737
"\021\000" # Uses: 856
"\000\306" # Uses: 867
"@\213\020\000\001" # Uses: 769
"\001\000\000\000\002\000\000\000\000\000\000\000\000\000\370\277\001b" # Uses: 703
"\377\377\377\000" # Uses: 795
"8SQLTREE" # Uses: 717
"\001\000\000\004" # Uses: 797
"\376\377\377\377" # Uses: 773
"\367\377\377\377" # Uses: 698
"\006\000\000\000" # Uses: 668
"\001\000V<\326qn\250" # Uses: 639
"\312\000\000\000" # Uses: 710
"\012\000\000\000" # Uses: 658
"\002\376'\000" # Uses: 696
"\001\000" # Uses: 666
"\377\377U<\326k@\342" # Uses: 637
"\026\000\000\000" # Uses: 625
"\003\000\000\000" # Uses: 614
"\001\000\035\000R\000\222\000" # Uses: 549
"\377\377\377\377\377\377\377O" # Uses: 555
"\001\000\000\000\001\000\000\000\000\000\000\000\000\000\370?\001a" # Uses: 506
"\002\000\000\000\001\000\000\000\000\000\000\000\000\000\000\000\000" # Uses: 459
"\377\377U<\325]\231\307" # Uses: 551
"\000\000\000\000" # Uses: 510
"\000\331\000\251" # Uses: 497
"\350\003\000\000" # Uses: 421
"\357@k\326<V\000\000" # Uses: 372
"\"\000" # Uses: 408
"\002\377\000\000" # Uses: 365
"\000\000\000\027" # Uses: 330
"\000\000\000\275" # Uses: 315
"\000\267" # Uses: 253
"~\000\000\000" # Uses: 268
"\377SQLTREE" # Uses: 264
"\003\000" # Uses: 249
"\001\000\000\000\001\000\000\000\000\000\000\000\000\000\360?\001a" # Uses: 191
"ASQLT\004EE" # Uses: 198
"\011\000" # Uses: 236
"\341@k\326<V\000\000" # Uses: 148
"\274\000\000\000" # Uses: 139
"\000\000\000\004" # Uses: 148
"\312z" # Uses: 118
"\000\000V<\326q\342\250" # Uses: 107
"\340@k\326<V\000\000" # Uses: 30
"\377\000" # Uses: 27
###### End of recommended dictionary. ######
Done 3253055 runs in 2701 second(s)
stat::number_of_executed_units: 3253055
stat::average_exec_per_sec:     1204
stat::new_units_added:          4776
stat::slowest_unit_time_sec:    0
stat::peak_rss_mb:              483
exit 0
